ST_CASE,VEH_NO,PER_NO,P1,P2,P3,P4,P5,P6,P7,P8,P9,P10
40649,2,1,0,0,0,0,0,0,0,0,0,0
40650,1,1,0,17,0,0,0,0,0,0,0,6
40650,2,1,0,0,0,0,0,0,0,0,0,0
40651,1,1,15,21,20,0,0,0,21,0,20,14
40652,1,1,0,0,0,0,0,0,0,0,0,0
40652,2,1,0,0,0,0,0,0,0,0,0,0
40653,0,1,0,0,0,0,0,0,0,0,0,0
40653,1,1,0,0,0,0,0,0,0,0,0,0
40654,1,1,16,0,19,6,0,25,0,13,0,8
40655,1,1,0,0,0,0,0,0,0,0,0,0
40656,1,1,0,0,0,0,0,0,0,21,0,0
40656,2,1,0,0,0,0,0,0,0,0,0,0
40657,1,1,22,22,22,22,22,22,22,22,22,22
40658,0,1,6,0,0,0,0,0,0,0,23,0
40658,1,1,0,0,0,0,0,0,0,0,0,0
40659,1,1,25,25,25,25,25,25,25,25,25,25
40660,1,1,0,0,0,0,0,0,0,0,0,0
40661,0,1,21,21,21,21,21,21,21,21,21,21
40661,1,1,0,0,0,0,0,0,0,0,0,0
40662,0,1,0,0,0,0,0,0,0,0,0,0
40662,1,1,15,23,10,8,38,24,4,7,25,17
40663,1,1,23,11,18,4,5,15,12,25,12,12
40663,2,1,16,12,12,31,5,38,0,7,0,25
40664,0,1,20,20,20,20,20,20,20,20,20,20
40664,0,2,15,0,14,17,0,0,0,21,16,0
40664,1,1,0,0,0,0,0,0,0,0,0,0
40665,1,1,14,14,14,14,14,14,14,14,14,14
40666,0,1,28,0,31,26,0,0,0,19,0,0
40666,1,1,0,0,0,1,0,0,0,0,0,0
40667,1,1,0,0,17,8,21,20,0,0,20,28
40668,0,1,0,0,24,0,0,21,12,0,0,0
40668,1,1,0,0,0,17,0,0,0,0,0,0
40669,0,1,0,0,0,0,0,0,0,0,0,0
40669,1,1,0,0,0,0,0,0,0,0,0,0
40670,1,1,0,4,0,0,0,36,0,0,0,0
40670,2,1,0,0,0,0,0,0,0,0,0,0
40671,0,1,0,0,0,0,0,0,0,0,0,0
40671,0,2,0,0,0,0,0,0,0,0,0,0
40671,1,1,0,0,0,0,0,0,0,0,0,0
40672,1,1,0,0,0,0,27,25,0,0,0,0
40672,2,1,0,0,0,0,0,0,0,11,0,0
40673,1,1,20,11,25,14,0,21,0,0,0,8
40674,1,1,23,23,23,23,23,23,23,23,23,23
40675,0,1,34,0,0,0,23,0,12,19,0,0
40675,1,1,0,24,0,0,0,0,0,0,0,0
40676,1,1,0,0,0,0,0,0,0,0,0,0
40676,2,1,0,0,0,0,0,0,0,0,0,0
40677,1,1,0,0,0,17,0,0,0,0,0,0
40678,1,1,0,0,0,0,0,0,0,23,0,0
40678,2,1,0,0,0,0,0,0,0,0,0,0
40679,0,1,0,0,0,0,0,0,0,0,0,0
40679,1,1,0,0,0,0,0,0,0,0,0,0
40680,0,1,0,0,0,0,0,0,0,0,0,0
40680,1,1,0,0,0,0,0,0,0,0,0,0
40681,1,1,0,0,0,0,0,0,0,20,0,0
40681,2,1,0,0,0,0,0,0,0,7,0,0
40681,3,1,0,0,0,0,0,0,0,0,8,0
40682,1,1,0,0,0,0,0,13,0,0,0,0
40683,1,1,0,0,0,0,0,0,0,0,0,0
40683,2,1,0,0,0,0,0,0,0,0,0,0
40684,1,1,12,0,0,0,0,0,0,0,25,15
40684,2,1,0,0,0,0,0,0,0,0,0,0
40685,1,1,35,35,35,35,35,35,35,35,35,35
40686,1,1,0,0,0,0,0,0,0,0,0,0
40686,2,1,0,0,0,0,0,0,0,0,0,0
40687,0,1,0,0,0,0,0,0,0,0,0,0
40687,1,1,0,0,0,0,0,0,0,0,0,0
40688,1,1,0,0,0,21,18,0,0,0,0,0
40689,1,1,28,0,0,0,0,0,0,0,0,0
40690,1,1,13,13,13,13,13,13,13,13,13,13
40690,2,1,0,0,0,0,0,0,0,0,0,0
40691,1,1,0,0,0,0,0,0,0,0,0,0
40691,2,1,0,0,0,0,0,0,0,0,0,0
40691,3,1,0,0,0,0,0,0,0,0,0,0
40692,0,1,5,5,5,5,5,5,5,5,5,5
40692,1,1,0,0,15,0,0,0,0,0,7,0
40693,1,1,0,0,0,0,0,0,0,0,0,0
40693,2,1,0,0,0,0,0,0,0,0,0,0
40694,1,1,0,0,0,0,0,0,0,0,0,0
40694,2,1,0,0,0,0,0,0,0,0,0,0
40695,1,1,20,20,20,20,20,20,20,20,20,20
40696,1,1,0,0,0,0,0,0,0,0,0,0
40697,1,1,0,0,0,0,0,0,0,0,0,0
40697,2,1,0,0,0,0,0,0,0,0,0,0
40697,3,1,0,0,0,0,0,0,0,0,0,0
40697,4,1,0,0,0,0,0,0,0,0,0,0
40698,0,1,0,0,0,0,0,0,0,0,0,0
40698,1,1,0,0,0,0,0,0,0,0,0,0
40699,1,1,21,21,21,21,21,21,21,21,21,21
40699,2,1,0,0,0,0,0,0,0,0,0,0
40699,3,1,0,21,0,0,0,0,0,0,0,0
40700,1,1,0,0,0,0,0,0,0,0,0,0
40700,2,1,0,0,0,0,0,0,0,0,0,0
40701,0,1,20,20,20,20,20,20,20,20,20,20
40701,1,1,0,0,0,0,0,0,0,0,0,0
40702,0,1,0,12,0,0,0,0,0,21,0,0
40702,1,1,0,0,0,0,0,0,0,0,0,0
40703,1,1,0,0,22,0,0,0,0,0,0,0
40703,2,1,0,0,0,0,0,0,0,0,0,0
40704,0,1,0,28,19,0,0,0,0,23,0,19
40704,1,1,0,0,0,0,0,0,0,0,0,0
40705,1,1,10,10,10,10,10,10,10,10,10,10
40706,1,1,13,13,13,13,13,13,13,13,13,13
40707,1,1,0,0,0,0,0,0,0,0,0,0
40707,2,1,0,10,0,0,0,9,0,0,0,0
40708,0,1,40,31,0,0,0,11,0,0,0,0
40708,1,1,0,0,0,0,0,0,0,0,0,0
40709,1,1,0,0,0,0,0,0,0,0,0,0
40710,1,1,0,0,14,0,30,0,13,0,0,0
40711,1,1,9,31,0,28,22,31,15,22,0,6
40711,2,1,0,0,0,0,0,0,26,0,0,0
40711,3,1,0,0,0,0,0,0,0,0,0,0
40712,1,1,24,24,24,24,24,24,24,24,24,24
40713,1,1,0,0,0,0,0,0,0,0,24,22
40714,1,1,0,0,0,0,0,0,0,0,0,0
40714,2,1,0,0,0,0,0,0,0,0,0,0
40715,0,1,0,0,0,0,0,0,0,0,33,0
40715,1,1,0,0,0,9,0,0,0,0,0,18
40716,0,1,0,17,15,14,39,29,11,9,30,15
40716,1,1,0,0,0,0,0,0,0,0,0,0
40717,1,1,0,0,0,13,0,0,21,0,0,0
40718,1,1,0,0,0,0,0,0,0,0,0,0
40718,2,1,0,0,0,0,0,0,0,0,0,0
40719,1,1,0,0,0,0,0,0,0,0,0,0
40719,2,1,21,0,0,0,0,0,0,0,0,0
40721,1,1,0,0,0,0,0,0,0,0,16,10
40722,0,1,0,0,0,24,0,0,0,0,0,0
40722,1,1,0,0,0,0,0,0,0,0,0,2
40723,1,1,0,18,0,0,0,22,0,25,0,0
40723,2,1,0,0,0,7,12,0,0,0,0,0
40724,1,1,0,0,0,0,0,0,0,0,0,0
40725,1,1,0,0,0,0,11,0,0,0,0,0
40725,2,1,0,0,0,0,0,6,0,0,0,0
40725,3,1,0,0,0,0,0,0,0,0,0,0
40726,0,1,0,0,0,18,0,0,0,18,0,0
40726,1,1,0,0,0,0,0,0,0,0,0,0
40727,1,1,0,0,0,0,0,0,0,0,0,0
40728,0,1,20,27,0,0,11,37,22,13,19,20
40728,1,1,25,25,25,25,25,25,25,25,25,25
40729,0,1,6,6,6,6,6,6,6,6,6,6
40729,1,1,0,0,0,0,0,0,0,0,0,0
40730,1,1,0,0,0,0,0,0,0,0,0,0
40730,2,1,0,0,0,0,0,0,0,0,0,0
40730,3,1,14,0,0,0,0,0,0,0,0,0
40731,0,1,0,0,0,33,0,0,0,0,0,0
40731,1,1,0,0,0,0,0,0,0,0,0,0
40732,0,1,0,0,0,0,0,0,0,0,0,0
40732,1,1,0,0,0,0,0,0,0,0,0,0
40733,1,1,0,0,0,0,0,0,0,0,0,0
40733,2,1,0,0,0,0,0,21,0,0,0,0
40733,3,1,0,0,0,0,0,0,0,0,0,0
40734,1,1,0,0,0,0,0,0,0,0,0,0
40734,2,1,0,0,0,0,0,0,0,0,0,0
40734,3,1,0,0,0,0,0,0,0,0,0,0
40735,1,1,0,0,0,0,0,0,0,0,0,0
40736,0,1,0,11,11,9,0,0,0,12,12,29
40736,1,1,0,0,11,0,0,31,0,0,0,14
40737,0,1,0,0,0,0,0,25,0,0,4,0
40737,1,1,0,0,0,0,0,0,0,0,0,0
40738,0,1,51,51,51,51,51,51,51,51,51,51
40738,1,1,0,0,0,0,0,0,0,0,0,0
40739,0,1,0,0,0,0,0,0,0,0,0,0
40739,0,2,0,0,26,0,0,0,0,0,0,0
40739,0,3,0,0,0,0,0,0,0,0,0,0
40739,1,1,0,0,0,0,0,0,0,0,0,0
40740,1,1,0,0,0,0,0,0,0,0,0,0
40740,2,1,0,0,0,0,0,0,0,0,0,0
40741,0,1,0,0,0,0,0,0,0,0,0,0
40741,1,1,0,0,0,0,0,0,0,0,0,0
40742,1,1,0,0,0,0,0,0,0,0,25,0
40742,2,1,0,0,8,0,0,0,0,0,0,0
40743,1,1,17,17,17,17,17,17,17,17,17,17
40744,1,1,0,0,0,0,0,0,0,0,0,0
40744,2,1,0,0,0,0,0,0,0,0,0,0
40744,3,1,0,0,0,0,0,0,0,0,0,0
40745,1,1,48,27,0,0,33,14,8,0,30,0
40746,1,1,0,0,15,0,0,0,0,5,0,17
40747,1,1,0,0,0,0,0,11,0,0,0,0
40747,2,1,0,0,0,0,0,0,0,0,0,0
40748,0,1,0,26,0,0,19,6,0,0,0,0
40748,1,1,0,0,0,0,0,0,0,0,0,0
40749,1,1,0,9,0,0,17,0,0,0,0,0
40749,2,1,0,0,0,0,0,0,14,0,0,0
40749,3,1,0,0,0,0,0,0,0,0,0,0
40749,4,1,0,0,0,0,0,0,0,0,0,0
40750,0,1,0,0,16,0,0,19,0,0,0,0
40750,1,1,0,0,0,0,0,0,0,0,0,6
40751,1,1,0,0,0,0,0,0,0,0,0,0
40751,2,1,0,0,0,0,0,20,0,0,0,6
40752,1,1,0,0,0,0,0,0,0,0,24,21
40752,2,1,0,0,0,0,0,0,0,0,0,0
40753,1,1,0,0,19,0,0,0,0,0,0,0
40753,2,1,0,0,0,0,0,0,0,0,0,0
40754,1,1,12,12,12,12,12,12,12,12,12,12
40754,2,1,0,0,0,0,0,0,0,0,0,0
40755,1,1,0,0,0,0,0,0,15,0,0,19
40756,1,1,0,0,7,0,20,0,0,0,0,0
40757,0,1,0,0,0,0,0,0,0,0,12,0
40757,0,2,0,0,0,0,0,0,0,0,0,0
40757,1,1,0,0,0,0,0,0,25,0,19,0
40758,0,1,0,0,0,0,0,0,0,0,0,0
40758,1,1,0,0,0,0,0,0,0,0,0,0
40759,1,1,0,0,0,0,0,0,0,0,0,0
40760,0,1,0,0,0,0,0,0,0,0,0,0
40760,1,1,0,0,0,0,0,0,0,0,0,0
40761,1,1,0,0,0,0,0,0,0,0,0,0
40761,2,1,0,0,0,0,0,0,0,4,0,0
40762,1,1,0,0,0,17,22,22,0,0,15,20
40762,2,1,0,14,0,0,0,0,0,0,0,0
40762,3,1,0,0,14,0,0,0,0,0,0,0
40763,0,1,8,8,8,8,8,8,8,8,8,8
40763,1,1,0,0,0,0,0,0,0,0,0,0
40764,0,1,29,29,29,29,29,29,29,29,29,29
40764,1,1,0,0,15,7,16,0,0,0,0,0
40765,0,1,27,27,27,27,27,27,27,27,27,27
40765,1,1,5,0,0,0,0,0,0,0,0,0
40766,1,1,46,46,46,46,46,46,46,46,46,46
40766,2,1,0,0,0,0,0,0,0,0,0,0
40767,1,1,0,0,0,0,0,0,0,0,0,0
40767,2,1,0,0,0,0,0,0,0,0,0,0
40768,1,1,0,0,20,0,0,0,0,0,0,0
40768,2,1,3,3,3,3,3,3,3,3,3,3
40769,0,1,19,33,0,0,0,17,14,23,37,25
40769,1,1,10,0,0,0,14,0,0,0,0,19
40770,1,1,0,0,9,0,0,13,12,19,0,0
40771,0,1,0,0,0,0,0,0,0,0,0,0
40771,1,1,0,0,0,0,0,0,0,0,0,0
40772,1,1,0,0,0,0,0,0,0,0,0,0
40773,1,1,0,0,0,0,0,0,0,0,0,0
40773,2,1,0,0,0,0,0,0,0,0,0,0
40774,1,1,0,0,0,0,0,0,0,25,0,0
40774,2,1,0,0,0,0,0,0,0,0,0,0
40775,0,1,16,7,36,19,21,17,18,6,4,22
40775,1,1,0,0,0,0,0,0,0,0,0,0
40776,1,1,0,12,16,0,0,0,0,24,26,0
40778,1,1,0,0,0,0,0,0,0,0,0,0
40778,2,1,0,0,0,0,0,0,0,0,7,0
40778,3,1,0,0,0,0,0,0,0,0,10,0
40779,1,1,25,0,0,0,0,0,0,0,0,0
40780,1,1,0,0,0,0,0,0,0,0,0,0
40780,2,1,0,0,13,0,0,0,10,0,0,0
40781,1,1,24,21,12,4,0,17,17,17,8,13
40783,1,1,27,0,0,0,7,0,25,0,0,0
40784,1,1,0,0,0,0,0,0,0,0,0,0
40784,2,1,9,3,28,0,5,13,16,0,27,0
40784,3,1,0,0,0,0,0,0,0,0,0,0
40784,4,1,0,0,0,0,0,0,0,0,0,0
40785,1,1,0,0,0,0,0,0,0,0,0,0
40785,2,1,24,0,0,0,0,0,0,0,0,0
40785,3,1,0,0,0,0,0,0,0,0,0,0
40785,4,1,0,0,0,0,0,0,0,0,0,0
40785,5,1,0,0,0,0,0,0,0,10,0,0
40786,1,1,0,0,0,0,0,0,0,0,0,0
40786,2,1,0,0,0,0,0,0,0,0,0,0
40787,1,1,0,0,0,27,0,0,8,0,0,0
40787,2,1,0,0,0,0,0,0,0,0,0,0
40787,3,1,0,0,0,0,0,0,0,0,0,0
40787,4,1,0,0,0,0,0,0,0,0,0,0
40788,1,1,0,0,0,0,7,0,0,0,0,0
40788,2,1,0,0,0,0,0,0,0,0,0,0
40788,3,1,0,0,0,0,0,0,0,0,0,0
40789,1,1,0,0,0,0,9,0,18,0,13,0
40789,2,1,0,0,0,21,0,0,0,0,0,0
40790,1,1,0,0,0,0,0,2,0,0,0,0
40790,2,1,11,0,5,0,0,0,13,0,0,0
40791,1,1,0,24,0,17,0,0,0,0,14,0
40792,0,1,0,0,0,0,0,0,0,0,0,0
40792,1,1,0,0,0,0,0,0,0,0,0,0
40793,0,1,0,0,0,0,0,0,0,0,0,0
40793,1,1,0,0,0,0,0,0,0,0,0,0
40794,1,1,0,0,0,0,0,0,0,0,0,0
40794,2,1,23,14,0,0,0,9,0,0,0,0
40795,0,1,0,19,0,0,0,0,11,0,0,0
40795,1,1,0,0,0,0,0,0,0,0,0,0
40796,1,1,0,0,0,0,0,0,0,0,0,0
40796,2,1,0,0,13,0,0,0,0,0,0,0
40797,1,1,2,2,2,2,2,2,2,2,2,2
40797,2,1,0,0,36,0,0,0,0,0,0,0
40798,1,1,0,14,0,0,0,13,0,0,0,15
40800,1,1,27,23,5,3,15,15,25,17,26,5
40800,2,1,0,0,0,0,0,0,0,0,0,0
40801,0,1,0,0,0,0,0,0,0,0,0,0
40801,1,1,0,0,0,0,0,0,0,0,0,0
40802,0,1,0,32,20,16,18,0,4,12,30,5
40802,1,1,0,0,0,0,0,2,0,0,0,0
40803,1,1,0,0,0,0,0,0,0,0,0,0
40803,2,1,0,0,0,0,0,0,0,0,0,0
40804,1,1,14,13,33,10,11,15,7,16,28,27
40805,1,1,0,0,0,0,0,0,0,0,0,0
40805,2,1,0,0,11,0,0,0,0,0,0,0
40806,0,1,0,0,0,0,0,0,0,0,0,0
40806,1,1,0,0,0,0,0,0,0,0,0,0
40807,1,1,0,0,0,0,0,0,0,0,0,0
40807,2,1,0,0,0,0,0,0,0,0,0,0
40808,0,1,19,19,19,19,19,19,19,19,19,19
40808,1,1,0,0,0,0,0,0,0,0,23,0
40809,1,1,0,0,0,0,0,0,0,9,11,0
40810,0,1,0,0,0,0,0,0,0,0,0,0
40810,1,1,0,0,0,0,0,0,0,0,0,0
40811,1,1,0,0,0,0,7,0,10,0,15,17
40811,2,1,13,0,0,0,0,8,0,0,17,0
40811,3,1,0,0,0,0,21,0,0,14,29,0
40811,4,1,14,0,0,0,0,0,0,0,0,0
40812,1,1,11,11,11,11,11,11,11,11,11,11
40812,2,1,0,0,0,0,0,0,0,0,0,0
40813,1,1,0,0,0,0,0,0,0,0,0,0
40813,2,1,0,0,0,0,0,0,0,0,0,0
40813,3,1,15,18,0,0,0,0,0,0,0,26
40814,0,1,0,0,0,0,0,0,18,9,0,0
40814,1,1,0,0,0,0,0,0,0,20,0,0
40814,2,1,0,0,0,0,0,0,0,0,0,0
40815,1,1,16,12,9,0,0,0,13,0,14,0
40815,2,1,0,0,0,0,0,0,0,0,0,0
40816,1,1,0,24,0,0,0,0,0,0,8,0
40817,1,1,24,24,24,24,24,24,24,24,24,24
40817,2,1,0,0,0,0,0,0,0,0,0,0
40818,0,1,12,12,12,12,12,12,12,12,12,12
40818,1,1,0,0,0,0,0,0,0,0,0,0
40819,1,1,9,14,13,0,30,0,24,0,27,10
40820,0,1,27,27,27,27,27,27,27,27,27,27
40820,1,1,0,0,0,0,13,0,3,17,0,0
40821,1,1,36,0,16,20,18,20,17,30,10,30
40822,0,1,0,0,0,0,0,0,0,0,0,0
40822,1,1,0,0,0,0,0,0,0,0,0,0
40823,1,1,17,17,17,17,17,17,17,17,17,17
40824,0,1,32,0,0,0,0,0,0,0,0,0
40824,1,1,0,0,13,0,9,0,0,0,0,0
40825,0,1,0,0,0,0,0,0,0,0,0,0
40825,1,1,0,0,0,0,0,0,0,0,0,0
40826,0,1,25,25,25,25,25,25,25,25,25,25
40826,1,1,0,0,0,0,0,0,0,0,0,0
40827,0,1,0,0,0,0,0,0,0,0,0,0
40827,1,1,0,0,0,0,0,0,10,0,0,0
40828,0,1,21,21,21,21,21,21,21,21,21,21
40828,1,1,0,0,0,20,0,0,0,0,0,18
40829,1,1,0,9,0,0,23,12,7,0,0,0
40829,2,1,0,0,0,0,0,0,0,0,0,0
40830,0,1,0,10,0,0,0,0,0,0,0,0
40830,1,1,0,0,0,0,0,0,0,0,0,0
40831,0,1,22,22,22,22,22,22,22,22,22,22
40831,1,1,0,0,0,6,0,0,0,0,0,0
40832,0,1,0,0,0,16,28,0,44,0,0,0
40832,1,1,12,0,0,0,0,0,0,0,0,0
40833,1,1,9,10,22,12,22,5,12,12,16,13
40834,0,1,0,0,0,0,0,0,0,0,0,0
40834,1,1,0,0,0,19,0,0,0,0,0,0
40835,0,1,0,0,0,21,0,0,23,0,0,0
40835,1,1,0,0,0,0,0,0,0,0,0,0
40836,0,1,0,0,0,0,0,0,0,0,0,0
40836,1,1,0,0,0,0,0,0,0,0,0,0
40837,1,1,20,20,9,11,10,11,10,22,5,7
40838,1,1,0,0,27,20,0,0,0,32,0,0
40839,0,1,0,16,16,0,0,4,0,0,19,0
40839,1,1,0,0,6,0,0,0,0,0,0,0
40840,1,1,23,23,23,23,23,23,23,23,23,23
40840,2,1,0,0,0,0,0,0,0,0,0,0
40841,0,1,0,0,10,0,0,0,15,0,0,0
40841,1,1,0,0,0,0,0,0,0,0,0,0
40842,1,1,0,0,0,0,0,11,0,0,0,0
40843,1,1,0,0,24,0,21,14,29,30,0,0
40844,0,1,0,0,0,0,0,0,0,0,0,0
40844,1,1,0,0,0,0,0,0,0,0,0,0
40845,1,1,0,0,0,26,17,0,0,0,0,33
40846,1,1,0,0,10,19,0,9,0,0,0,0
40847,1,1,0,12,0,0,0,13,21,0,0,0
40848,1,1,0,0,0,0,0,0,0,0,0,0
40849,1,1,0,0,0,0,0,0,0,0,0,0
40849,2,1,0,0,0,0,0,0,0,0,0,0
40849,3,1,0,0,0,0,0,0,0,0,0,0
40849,4,1,0,0,0,0,0,0,0,0,0,0
40849,5,1,0,0,0,0,0,0,0,0,0,0
40849,6,1,0,0,0,0,0,0,0,0,0,0
40849,7,1,0,0,0,0,0,0,0,0,0,7
40850,1,1,0,0,0,0,0,0,0,0,0,0
40850,2,1,0,0,0,0,0,0,0,0,0,0
40851,0,1,13,0,13,0,0,6,6,0,0,0
40851,1,1,0,0,0,0,0,0,0,0,0,0
40852,0,1,28,28,28,28,28,28,28,28,28,28
40852,1,1,35,0,0,0,0,0,0,0,0,0
40852,2,1,0,0,0,0,0,0,0,0,0,0
40853,1,1,0,0,0,0,0,0,0,0,0,0
40853,2,1,0,0,0,0,0,0,0,0,0,0
40854,1,1,0,0,0,0,0,0,22,0,0,0
40854,2,1,0,0,0,0,0,0,0,0,0,0
40855,1,1,21,21,21,21,21,21,21,21,21,21
40855,2,1,0,0,16,0,0,0,0,0,0,0
40856,1,1,27,9,15,7,25,3,5,0,17,8
40857,1,1,0,0,0,0,0,0,0,0,0,0
40857,2,1,0,0,0,0,0,0,0,0,0,0
40858,1,1,13,7,6,0,0,0,19,15,10,0
40858,2,1,0,29,26,0,12,0,0,15,0,0
40859,1,1,17,14,0,6,12,17,22,17,29,24
40860,1,1,0,0,0,0,0,0,0,0,0,22
40860,2,1,17,0,0,0,0,0,8,0,0,0
40861,1,1,0,0,0,0,0,0,0,11,41,0
40861,2,1,0,0,0,0,0,0,0,0,0,0
40862,0,1,0,0,0,0,0,0,0,0,0,0
40862,1,1,0,0,0,0,0,0,0,0,0,0
40863,1,1,0,0,0,0,0,0,0,0,0,0
40863,2,1,0,0,0,0,0,0,0,0,0,0
40864,1,1,0,0,0,0,0,0,0,0,0,0
40864,2,1,0,0,0,0,0,0,0,0,0,0
40864,3,1,0,0,0,0,0,0,0,0,0,0
40865,0,1,0,0,49,0,0,0,0,0,0,21
40865,1,1,0,0,0,0,0,0,0,0,0,0
40866,1,1,0,0,11,0,0,0,0,0,0,0
40866,2,1,0,0,0,0,0,0,0,0,0,0
40867,1,1,0,0,0,0,0,0,0,0,0,0
40867,2,1,0,0,0,0,0,0,0,0,0,0
40868,1,1,16,0,0,0,0,0,0,0,0,0
40868,2,1,0,0,0,0,0,0,0,0,0,0
40869,1,1,0,0,0,0,0,0,0,0,0,0
40870,1,1,12,12,12,12,12,12,12,12,12,12
40871,1,1,0,0,0,0,0,0,0,0,0,0
40872,1,1,30,26,0,0,0,0,0,7,0,0
40872,2,1,0,0,0,0,22,0,0,0,0,0
40873,0,1,0,0,0,0,0,0,0,0,0,0
40873,1,1,0,0,0,0,0,0,0,0,0,0
40873,2,1,0,0,0,0,0,0,0,0,0,0
40874,1,1,0,0,0,0,0,0,0,0,0,0
40874,2,1,0,0,0,0,0,0,0,0,0,0
40875,1,1,7,7,7,7,7,7,7,7,7,7
40877,1,1,22,22,22,22,22,22,22,22,22,22
40878,0,1,0,0,0,0,0,0,0,0,0,0
40878,1,1,18,18,18,18,18,18,18,18,18,18
40878,2,1,0,0,0,0,0,0,0,0,0,0
40879,1,1,1,1,1,1,1,1,1,1,1,1
40880,1,1,0,0,0,0,0,0,0,0,0,0
40880,2,1,0,0,0,0,0,0,0,0,14,0
40881,1,1,0,0,0,0,0,0,0,0,0,0
40882,1,1,0,0,0,0,0,0,0,0,0,0
40882,2,1,0,0,0,0,0,0,0,0,0,0
40883,1,1,0,0,0,0,0,0,0,0,0,0
40885,1,1,0,0,0,0,0,0,0,0,0,0
40886,1,1,18,22,43,32,0,19,13,0,0,13
40888,1,1,0,0,0,0,18,0,0,0,10,0
40889,1,1,16,3,14,30,6,13,19,11,12,24
40889,2,1,0,0,0,0,0,0,0,0,0,0
40890,1,1,21,0,0,6,19,18,21,0,0,14
40891,1,1,0,0,18,0,0,0,0,32,0,0
40892,1,1,40,40,40,40,40,40,40,40,40,40
40893,0,1,0,0,0,0,0,0,0,0,0,0
40893,1,1,0,11,0,0,0,0,0,0,4,0
40894,0,1,0,0,17,13,27,0,8,0,0,55
40894,1,1,0,0,0,0,24,0,0,0,0,5
40895,0,1,0,0,0,0,0,0,0,0,0,0
40895,1,1,0,0,0,0,0,0,0,0,0,0
40896,1,1,20,20,20,20,20,20,20,20,20,20
40897,0,1,13,0,0,0,0,0,0,19,0,0
40897,1,1,0,0,0,0,0,0,4,0,0,0
40898,1,1,24,24,24,24,24,24,24,24,24,24
40899,1,1,11,24,0,20,0,17,12,17,7,32
40900,0,1,0,0,0,0,0,0,0,0,0,0
40900,1,1,12,0,0,0,0,0,0,0,0,0
40901,0,1,0,27,0,0,0,22,0,0,0,0
40901,1,1,0,0,0,0,0,16,0,0,0,0
40902,1,1,0,0,0,0,0,0,0,0,0,0
40902,2,1,0,14,0,12,18,10,0,0,14,0
40903,1,1,0,0,0,0,0,0,0,0,0,0
40903,2,1,0,0,0,0,0,0,0,0,0,0
40904,1,1,22,22,22,22,22,22,22,22,22,22
40905,1,1,5,0,0,0,0,0,0,11,0,32
40905,2,1,0,0,0,0,0,0,0,0,0,0
40906,1,1,0,0,0,0,0,0,0,0,0,0
40906,2,1,0,0,0,0,0,0,0,0,0,0
40907,1,1,0,0,0,0,0,0,0,0,0,0
40907,2,1,0,0,0,0,0,0,0,0,0,0
40908,1,1,0,0,0,0,0,0,0,0,0,0
40908,2,1,0,0,0,0,0,0,0,0,27,0
40909,1,1,15,11,6,18,9,15,14,27,12,6
40910,1,1,0,0,0,0,0,0,0,0,0,0
40910,2,1,0,0,0,0,0,0,0,0,0,0
40911,1,1,0,11,0,4,0,0,0,5,0,0
40911,2,1,0,0,0,0,0,0,0,0,0,0
40912,1,1,18,18,18,18,18,18,18,18,18,18
40913,0,1,0,0,0,0,0,0,0,0,0,0
40913,1,1,0,0,0,0,0,0,0,0,0,0
40914,1,1,0,0,0,0,0,0,0,0,0,0
40914,2,1,0,0,0,0,0,0,0,0,0,0
40915,1,1,17,17,17,17,17,17,17,17,17,17
40915,2,1,0,0,0,0,0,0,0,0,0,0
40916,0,1,0,0,0,0,0,0,0,0,0,0
40916,1,1,0,0,0,0,0,0,0,0,0,0
40917,1,1,0,0,0,0,0,0,0,0,0,0
40917,2,1,0,0,0,0,0,0,0,0,0,0
40918,0,1,0,0,0,0,0,0,0,0,0,0
40918,1,1,0,0,0,11,0,0,0,13,0,0
40919,1,1,19,0,13,9,28,15,17,0,23,17
40919,2,1,0,0,6,0,7,0,0,0,0,0
40919,3,1,0,0,0,13,0,0,0,0,0,0
40920,1,1,23,0,0,0,18,0,0,0,0,0
40921,1,1,0,0,0,0,0,0,0,0,0,0
40921,2,1,12,27,0,0,0,0,0,18,8,0
40921,3,1,0,0,0,0,0,0,0,0,0,0
40922,0,1,0,0,0,0,0,0,0,0,0,0
40922,1,1,0,0,0,0,0,0,0,0,0,0
40923,1,1,0,0,0,0,0,0,0,0,0,0
40923,2,1,0,0,14,0,0,0,0,0,0,0
40923,3,1,0,0,0,0,0,0,0,0,0,0
40924,0,1,31,0,0,0,0,0,0,0,0,8
40924,0,2,0,0,0,0,0,0,0,0,0,0
40924,0,3,0,0,0,0,0,0,0,0,0,0
40924,0,4,0,0,0,0,16,25,0,0,0,0
40924,1,1,0,12,0,0,0,0,0,0,0,0
40924,2,1,0,0,0,0,0,0,0,0,0,0
40925,1,1,27,0,0,0,0,23,0,0,0,29
40925,2,1,6,12,0,0,0,0,0,0,0,0
40926,0,1,0,0,0,0,0,0,0,0,0,0
40926,1,1,0,0,0,0,0,0,0,0,0,0
40927,0,1,0,20,0,0,0,0,17,0,0,0
40927,1,1,0,0,0,0,0,0,0,0,0,25
40928,0,1,0,0,0,0,0,0,0,0,0,0
40928,0,2,0,0,0,0,0,0,0,0,0,0
40928,1,1,0,0,0,0,0,0,0,0,0,0
40928,2,1,0,0,10,0,0,0,0,0,0,0
40928,3,1,0,0,0,0,0,0,0,0,0,0
40929,1,1,21,0,0,14,17,0,0,17,20,0
40929,2,1,0,0,0,0,0,0,0,0,0,16
40929,3,1,0,0,0,0,28,7,0,0,0,0
50001,0,1,0,0,0,0,0,0,0,0,0,0
50001,1,1,10,10,10,10,10,10,10,10,10,10
50002,1,1,0,0,0,0,0,0,0,0,0,0
50003,1,1,0,0,0,0,0,0,0,0,0,0
50004,1,1,0,0,0,0,0,0,0,0,0,0
50004,2,1,0,0,0,0,0,0,0,0,0,0
50005,1,1,0,0,0,0,0,10,0,0,0,0
50005,2,1,16,16,16,16,16,16,16,16,16,16
50006,1,1,32,32,32,32,32,32,32,32,32,32