ST_CASE,VEH_NO,PER_NO,P1,P2,P3,P4,P5,P6,P7,P8,P9,P10
50352,1,1,0,0,0,0,0,0,0,0,0,0
50353,1,1,19,19,19,19,19,19,19,19,19,19
50354,0,1,20,20,20,20,20,20,20,20,20,20
50354,1,1,0,0,0,0,0,0,0,0,0,0
50355,1,1,0,0,0,0,0,0,0,0,0,0
50355,2,1,11,11,11,11,11,11,11,11,11,11
50356,1,1,0,0,0,0,0,0,0,0,0,0
50356,2,1,0,0,0,0,0,0,0,0,0,0
50357,1,1,0,0,0,0,0,0,0,0,0,0
50358,1,1,0,0,0,0,0,0,0,0,0,0
50358,2,1,0,0,0,0,0,0,0,0,0,0
50359,1,1,0,0,0,0,0,0,0,0,0,0
50359,2,1,0,0,0,0,0,0,0,0,0,0
50360,1,1,0,0,0,0,0,0,0,0,0,0
50361,1,1,0,0,0,0,0,0,0,0,0,0
50361,2,1,3,3,3,3,3,3,3,3,3,3
50362,1,1,0,0,0,0,0,0,6,0,11,0
50363,1,1,0,0,0,0,0,0,0,0,0,0
50364,1,1,0,0,0,0,0,0,0,0,0,0
50364,2,1,0,0,0,0,0,0,0,0,0,0
50365,1,1,0,0,0,0,0,0,0,0,0,0
50365,2,1,0,0,0,0,0,0,0,0,0,0
50366,1,1,0,0,0,0,0,0,0,0,0,0
50367,1,1,0,0,0,0,0,0,0,0,0,0
50367,2,1,0,0,0,0,0,0,0,0,0,0
50367,3,1,0,0,0,0,0,0,0,0,0,0
50367,4,1,0,0,0,0,0,0,0,0,0,0
50368,1,1,0,0,0,0,0,0,0,0,0,0
50368,2,1,0,0,0,0,0,0,0,0,0,0
50369,1,1,0,0,0,0,0,0,0,0,0,0
50369,2,1,0,0,0,0,0,0,0,0,0,0
50369,3,1,0,0,0,0,0,0,0,0,0,0
50370,1,1,0,0,0,0,0,0,0,0,0,0
50370,2,1,0,0,0,0,0,0,0,0,0,0
50371,1,1,22,22,22,22,22,22,22,22,22,22
50372,1,1,0,0,0,0,0,0,0,0,0,0
50373,1,1,0,0,0,0,0,0,0,0,0,0
50373,2,1,0,0,0,0,0,0,0,0,0,0
50374,1,1,13,16,34,29,9,17,14,0,3,11
50374,2,1,14,14,14,14,14,14,14,14,14,14
50375,1,1,0,0,0,0,0,0,0,0,0,0
50376,1,1,0,0,0,0,0,0,0,0,0,0
50377,1,1,0,0,0,0,0,0,0,0,0,0
50378,1,1,0,0,0,0,0,0,0,0,0,0
50379,1,1,29,29,29,29,29,29,29,29,29,29
50380,1,1,0,0,0,0,0,0,0,0,0,0
50380,2,1,0,0,0,0,0,0,0,0,0,0
50381,1,1,0,0,0,0,0,0,0,0,0,0
50381,2,1,0,0,0,0,0,0,0,0,0,0
50382,1,1,0,0,0,0,0,0,0,0,0,0
50383,1,1,0,0,0,0,0,0,0,0,0,0
50384,1,1,2,2,2,2,2,2,2,2,2,2
50385,1,1,0,0,0,0,0,0,0,0,0,0
50385,2,1,0,0,0,0,0,0,0,0,0,0
50386,1,1,14,14,14,14,14,14,14,14,14,14
50387,1,1,0,0,0,0,0,0,0,0,0,0
50387,2,1,0,0,0,0,0,0,0,0,0,0
50387,3,1,0,0,0,0,0,0,0,0,0,0
50388,1,1,0,0,0,0,0,0,0,0,0,0
50388,2,1,0,0,0,0,0,0,0,0,0,0
50389,1,1,11,11,11,11,11,11,11,11,11,11
50389,2,1,0,0,0,0,0,0,0,0,0,0
50390,1,1,12,12,12,12,12,12,12,12,12,12
50391,1,1,0,0,0,0,0,0,0,0,0,0
50391,2,1,0,0,0,0,0,0,0,0,0,0
50392,0,1,0,0,0,15,0,0,19,0,0,0
50392,1,1,0,0,0,0,0,0,0,0,0,0
50393,0,1,15,0,0,0,0,0,17,35,20,0
50393,1,1,0,0,0,0,0,0,0,0,0,0
50394,1,1,0,0,0,0,0,0,0,0,0,0
50395,1,1,0,0,0,0,0,0,0,0,14,0
50396,0,1,0,0,0,0,0,0,0,0,0,0
50396,1,1,0,0,0,0,0,0,0,0,0,0
50397,1,1,0,0,0,0,0,0,0,0,0,0
50398,1,1,0,0,0,0,0,0,0,0,0,0
50398,2,1,0,0,0,0,0,0,0,8,11,8
50399,1,1,27,4,12,17,0,9,17,16,0,8
50399,2,1,0,0,0,0,0,0,0,0,0,0
50400,1,1,0,0,0,0,0,0,0,0,0,0
50401,1,1,0,0,0,0,0,0,0,0,0,0
50401,2,1,0,0,0,0,0,0,0,0,0,0
50402,1,1,0,0,0,0,0,0,0,0,0,0
50402,2,1,0,0,15,0,0,0,0,7,0,0
50403,1,1,2,2,2,2,2,2,2,2,2,2
50404,1,1,0,0,0,0,0,0,0,0,0,0
50405,1,1,0,0,0,0,0,0,0,0,0,0
50406,1,1,0,0,0,0,0,0,0,0,0,0
50406,2,1,0,0,0,0,0,0,0,0,0,0
50408,1,1,0,30,0,0,0,0,0,0,0,18
50409,1,1,0,0,0,0,0,0,0,0,0,0
50410,1,1,0,0,0,0,0,0,0,0,0,0
50410,2,1,0,0,0,0,0,0,0,0,0,0
50411,1,1,0,0,0,0,0,0,0,0,0,0
50411,2,1,0,0,0,0,0,0,0,0,0,0
50411,3,1,0,0,0,0,0,0,0,0,0,0
50411,4,1,0,0,0,0,0,0,0,0,0,0
50411,5,1,0,0,0,0,0,0,0,0,0,0
50411,6,1,0,0,0,0,0,0,0,0,0,0
50411,7,1,0,0,0,0,0,0,0,0,0,0
50411,8,1,0,0,0,0,0,0,0,0,0,0
50412,1,1,22,22,22,22,22,22,22,22,22,22
50413,0,1,0,0,0,0,0,0,0,0,0,0
50413,1,1,0,0,0,0,0,0,0,0,0,0
50414,1,1,0,0,0,0,0,0,0,0,0,0
50415,1,1,0,0,16,33,21,13,0,8,11,0
50415,2,1,0,0,0,0,0,0,0,0,0,0
50416,1,1,16,16,16,16,16,16,16,16,16,16
50417,1,1,0,0,17,0,22,0,0,0,0,0
50417,2,1,0,19,0,0,9,15,6,0,0,0
50418,1,1,23,23,23,23,23,23,23,23,23,23
50419,1,1,0,0,0,0,0,0,0,0,0,0
50419,2,1,0,0,0,0,0,0,0,0,0,0
50419,3,1,0,0,0,0,0,0,0,0,0,0
50420,1,1,0,0,0,0,0,0,0,0,0,0
50420,2,1,0,0,0,0,0,0,0,0,0,0
50421,1,1,0,0,0,0,0,0,0,0,0,0
50422,1,1,0,0,0,0,0,0,0,0,0,0
50423,1,1,0,0,0,0,0,0,0,0,0,0
50423,2,1,0,0,0,0,0,0,0,0,0,0
50424,0,1,0,0,0,0,0,0,0,0,0,0
50424,1,1,0,0,0,0,0,0,0,0,0,0
50425,1,1,0,0,0,0,0,0,0,0,0,0
50425,2,1,0,0,0,0,0,0,0,0,0,0
50426,1,1,0,0,0,0,0,0,0,0,0,0
50427,1,1,0,0,0,0,0,0,0,0,0,0
50428,1,1,0,0,0,0,0,0,0,0,0,0
50428,2,1,0,0,0,0,0,0,0,0,0,0
50428,3,1,0,0,0,10,0,0,0,11,0,0
50430,1,1,0,0,0,0,0,0,0,0,0,0
50431,1,1,24,24,24,24,24,24,24,24,24,24
50432,1,1,0,0,0,0,0,0,0,0,0,0
50432,2,1,0,0,0,0,0,0,0,0,0,0
50434,1,1,0,0,0,0,0,0,0,0,0,0
50435,1,1,14,14,14,14,14,14,14,14,14,14
50435,2,1,0,0,0,0,0,0,0,0,0,0
50436,1,1,0,0,0,0,0,0,0,0,0,0
50437,1,1,19,19,19,19,19,19,19,19,19,19
50438,1,1,3,3,3,3,3,3,3,3,3,3
50439,1,1,0,0,0,0,0,0,0,0,0,0
50440,1,1,0,0,0,0,0,0,0,0,0,0
50440,2,1,0,0,0,0,0,0,0,0,0,0
50440,3,1,0,0,0,0,0,0,0,0,0,0
50440,4,1,0,0,0,0,0,0,0,0,0,0
50440,5,1,0,0,0,0,0,0,0,0,0,0
50441,1,1,0,0,0,0,0,0,0,0,0,0
50441,2,1,0,0,0,0,0,0,0,0,0,0
50442,0,1,34,7,0,0,16,12,35,17,0,0
50442,0,2,0,0,0,0,0,0,0,0,0,0
50442,1,1,1,1,1,1,1,1,1,1,1,1
50442,2,1,0,0,0,0,0,0,0,0,0,5
50443,1,1,0,0,0,0,0,0,0,0,32,20
50443,2,1,0,0,18,0,0,0,0,12,0,11
50444,1,1,0,0,0,0,0,0,0,0,0,0
50444,2,1,0,17,14,28,0,0,5,21,18,0
50445,1,1,0,0,0,0,0,0,0,0,0,0
50445,2,1,0,0,0,0,0,0,0,0,0,0
50446,1,1,0,0,0,0,0,0,0,0,0,0
50448,1,1,24,24,24,24,24,24,24,24,24,24
50449,1,1,0,0,0,0,0,0,0,0,0,0
50449,2,1,0,0,0,0,0,0,0,0,0,0
50450,1,1,31,11,11,24,7,8,7,18,17,11
50451,1,1,29,29,29,29,29,29,29,29,29,29
50452,1,1,0,0,0,0,0,0,0,0,0,0
50452,2,1,0,0,0,0,0,0,0,0,0,0
50453,1,1,2,2,2,2,2,2,2,2,2,2
50453,2,1,0,0,0,0,0,0,0,0,0,0
50454,1,1,1,1,1,1,1,1,1,1,1,1
50455,1,1,11,11,11,11,11,11,11,11,11,11
50455,2,1,0,0,0,0,0,0,0,0,0,0
50455,3,1,0,0,0,0,0,0,0,0,0,0
50456,2,1,0,0,0,0,0,0,0,0,0,0
50457,1,1,0,0,0,0,0,0,0,0,0,0
50457,2,1,0,0,0,0,0,0,0,0,0,0
50458,1,1,22,22,22,22,22,22,22,22,22,22
50459,1,1,2,2,2,2,2,2,2,2,2,2
50460,1,1,0,0,0,0,0,0,0,0,0,0
50460,2,1,0,0,0,0,0,0,0,0,0,0
50461,1,1,0,0,0,0,0,0,0,0,0,0
50462,0,1,7,7,7,7,7,7,7,7,7,7
50462,1,1,0,0,0,0,0,0,0,0,0,0
50462,2,1,0,0,0,0,0,0,0,0,0,0
50462,3,1,0,15,0,0,0,0,0,0,0,18
50463,1,1,26,26,26,26,26,26,26,26,26,26
50464,0,1,0,21,0,13,0,9,0,0,30,16
50464,1,1,0,0,0,0,0,0,0,0,0,0
50466,1,1,14,0,0,0,0,0,0,0,0,0
50467,0,1,0,0,0,0,0,0,0,0,0,0
50467,1,1,0,0,0,0,0,0,0,0,0,0
50469,1,1,29,29,29,29,29,29,29,29,29,29
50470,1,1,0,0,0,0,0,0,0,0,0,0
50470,2,1,0,0,0,0,0,0,0,0,0,0
50470,3,1,0,0,0,0,0,0,0,0,0,0
50471,1,1,0,0,0,0,0,0,0,0,0,0
50472,1,1,19,19,19,19,19,19,19,19,19,19
50473,1,1,0,0,0,0,0,0,0,0,0,0
50473,2,1,0,0,0,0,0,0,0,0,0,0
50474,2,1,0,0,0,0,0,0,0,0,0,0
50475,0,1,8,8,8,8,8,8,8,8,8,8
50475,1,1,0,15,0,0,0,0,5,0,0,17
50476,0,1,16,16,16,16,16,16,16,16,16,16
50476,1,1,0,0,0,0,0,0,0,0,0,0
50478,1,1,0,0,0,0,0,0,0,0,0,0
50479,0,1,14,14,14,14,14,14,14,14,14,14
50479,1,1,0,0,0,0,0,0,0,0,0,0
50479,2,1,0,0,0,0,0,0,0,0,0,0
50480,0,1,0,0,0,0,0,17,25,0,0,0
50480,1,1,7,0,0,0,0,0,0,0,3,0
50481,0,1,0,0,0,0,0,0,0,0,0,0
50481,1,1,0,0,0,0,0,0,0,0,0,0
50482,1,1,0,0,0,0,0,0,0,0,0,0
50483,1,1,0,0,0,0,0,0,0,0,0,0
50483,2,1,0,0,0,0,0,0,0,0,0,0
50484,0,1,0,0,0,0,0,0,0,0,0,0
50484,0,2,0,0,0,0,0,0,0,0,0,0
50484,1,1,0,0,0,0,0,0,0,0,0,0
50485,1,1,0,0,0,0,0,0,0,0,0,0
50485,2,1,0,0,0,0,0,0,0,0,0,0
50486,0,1,7,7,7,7,7,7,7,7,7,7
50486,1,1,0,0,0,0,0,0,0,0,0,0
50487,1,1,0,0,0,0,0,0,0,0,0,0
50487,2,1,0,0,0,0,0,0,0,0,0,0
50488,1,1,0,0,0,0,0,0,0,0,0,0
50488,2,1,0,0,0,0,0,0,0,0,0,0
50489,1,1,21,0,0,0,0,0,0,0,0,0
50490,1,1,18,18,18,18,18,18,18,18,18,18
50491,1,1,0,0,0,0,0,0,0,0,0,0
50491,2,1,0,0,0,0,0,0,0,0,0,0
50492,1,1,0,0,0,0,0,0,0,0,0,2
50492,2,1,0,0,0,0,0,0,0,0,0,0
50493,1,1,0,0,0,0,0,0,0,0,0,0
50494,1,1,23,23,23,23,23,23,23,23,23,23
50495,1,1,0,0,0,0,0,0,0,0,0,0
50495,2,1,0,0,0,0,0,0,0,0,0,0
50496,0,1,0,0,0,0,0,17,0,0,0,0
50496,1,1,0,0,12,50,54,0,16,22,16,0
50497,1,1,10,10,10,10,10,10,10,10,10,10
50498,1,1,7,37,7,14,0,9,0,36,25,23
50498,2,1,22,22,22,22,22,22,22,22,22,22
50500,1,1,0,0,0,0,0,0,0,0,0,0
50501,1,1,0,0,0,0,0,0,0,0,0,0
50501,2,1,0,0,0,0,0,0,0,0,0,0
50502,1,1,0,10,11,18,8,0,23,9,0,0
50503,1,1,11,11,11,11,11,11,11,11,11,11
50504,0,1,26,26,26,26,26,26,26,26,26,26
50504,1,1,7,0,0,18,0,0,23,5,0,0
50505,1,1,0,0,0,0,0,0,0,0,0,0
50505,2,1,0,0,0,0,0,0,0,0,0,0
50506,1,1,0,0,21,30,34,0,0,21,0,0
50507,1,1,20,20,20,20,20,20,20,20,20,20
80001,1,1,26,26,26,26,26,26,26,26,26,26
80002,1,1,0,0,0,0,0,0,0,0,0,0
80003,0,1,0,0,0,0,0,0,0,0,0,0
80003,0,2,0,0,0,0,0,0,18,0,0,0
80003,1,1,0,0,0,0,0,0,0,0,0,0
80004,1,1,0,0,0,0,0,0,0,0,0,0
80005,0,1,0,0,0,0,0,0,0,0,0,0
80005,1,1,0,0,0,0,0,0,0,0,0,0
80006,0,1,39,39,39,39,39,39,39,39,39,39
80006,1,1,23,0,12,0,0,0,0,0,0,0
80007,0,1,0,0,0,0,0,0,0,0,0,0
80007,1,1,0,0,0,0,0,0,0,0,0,0
80008,1,1,0,0,0,0,0,0,0,0,0,0
80008,2,1,0,0,0,0,0,0,0,0,0,0
80009,1,1,0,0,0,0,0,0,0,0,0,0
80010,1,1,0,0,0,0,0,0,0,0,0,0
80011,1,1,0,0,0,0,0,0,0,0,0,0
80011,2,1,0,0,0,0,0,0,0,0,0,0
80011,3,1,0,0,0,0,0,0,0,6,0,0
80012,1,1,0,0,0,0,0,0,0,0,0,0
80012,2,1,0,0,0,0,0,0,0,0,0,0
80013,1,1,0,0,0,0,0,0,0,0,0,0
80013,2,1,0,0,0,0,0,0,0,0,0,0
80014,1,1,0,0,0,0,0,0,0,0,0,0
80014,2,1,0,0,0,0,0,0,0,0,0,0
80014,3,1,0,0,0,0,0,0,0,0,0,0
80014,4,1,0,0,0,0,0,0,0,0,0,0
80014,5,1,0,0,0,0,0,0,0,0,0,0
80015,1,1,13,13,13,13,13,13,13,13,13,13
80015,2,1,0,0,0,0,0,0,0,0,0,0
80016,0,1,31,31,31,31,31,31,31,31,31,31
80016,1,1,0,0,0,0,0,0,0,0,0,0
80017,1,1,0,0,0,0,0,0,0,0,0,0
80018,0,1,0,0,0,0,0,0,0,0,0,0
80018,1,1,0,5,0,0,0,0,0,0,6,0
80019,1,1,0,0,0,0,0,0,0,0,0,0
80020,1,1,0,0,0,0,0,0,0,0,0,0
80020,2,1,0,0,0,0,0,0,0,0,0,0
80021,0,1,0,0,0,0,0,0,0,0,0,0
80021,1,1,0,0,0,0,4,0,0,0,0,0
80022,1,1,10,10,10,10,10,10,10,10,10,10
80022,2,1,7,0,0,0,0,0,0,0,0,0
80023,1,1,3,3,3,3,3,3,3,3,3,3
80023,2,1,0,0,0,6,0,0,0,0,0,0
80024,1,1,0,0,0,0,0,0,0,0,0,0
80024,2,1,0,4,0,0,0,0,0,0,0,0
80025,1,1,0,0,0,0,0,0,0,0,0,0
80025,2,1,0,0,0,0,0,0,0,0,0,0
80026,1,1,0,0,0,0,0,0,0,0,0,0
80026,2,1,0,0,0,0,0,0,0,0,0,0
80027,1,1,0,0,0,0,0,0,0,0,0,0
80028,1,1,22,22,22,22,22,22,22,22,22,22
80028,2,1,0,0,0,4,0,0,0,0,0,0
80029,1,1,0,0,0,0,0,0,0,0,0,0
80029,2,1,2,18,0,0,0,0,0,10,0,0
80030,1,1,0,0,10,0,0,0,0,0,0,16
80031,1,1,0,0,0,0,0,0,0,0,0,0
80031,2,1,0,22,0,0,0,0,0,17,0,0
80032,1,1,27,27,27,27,27,27,27,27,27,27
80032,2,1,0,0,8,0,4,0,0,0,0,0
80033,1,1,0,0,0,0,0,0,0,0,0,0
80033,2,1,0,0,0,0,0,0,0,0,0,0
80034,1,1,11,0,0,0,0,0,0,0,0,0
80035,1,1,0,0,0,0,0,0,0,0,0,0
80035,2,1,0,0,0,0,0,0,0,0,0,0
80036,0,1,0,0,0,0,0,0,0,0,0,0
80036,1,1,0,0,0,0,0,0,0,0,0,0
80037,1,1,22,22,22,22,22,22,22,22,22,22
80038,1,1,20,20,20,20,20,20,20,20,20,20
80039,1,1,0,0,0,0,0,0,0,0,0,0
80040,0,1,27,27,27,27,27,27,27,27,27,27
80040,1,1,0,0,0,0,17,0,0,0,0,0
80041,1,1,0,0,0,0,0,0,0,0,0,0
80041,2,1,15,0,0,0,0,0,0,0,0,0
80041,3,1,0,0,0,0,0,0,0,0,0,0
80042,1,1,0,0,0,0,0,0,0,0,0,0
80042,2,1,0,0,0,0,0,0,0,0,0,0
80043,1,1,25,25,25,25,25,25,25,25,25,25
80044,1,1,0,0,0,0,0,0,0,0,0,0
80045,1,1,22,22,22,22,22,22,22,22,22,22
80046,1,1,0,0,0,0,0,0,0,0,0,0
80046,2,1,0,0,0,0,0,0,0,0,0,0
80047,1,1,0,0,0,0,0,0,0,0,0,0
80048,1,1,0,0,0,0,0,0,0,0,0,0
80048,2,1,0,0,0,0,0,0,0,0,0,0
80049,1,1,0,0,0,0,0,0,0,0,0,0
80049,2,1,0,0,0,0,0,0,0,0,0,0
80050,1,1,0,0,23,0,0,0,0,0,0,9
80050,2,1,0,0,0,0,0,0,24,0,0,0
80051,1,1,0,0,0,0,0,0,0,0,0,0
80051,2,1,26,26,26,26,26,26,26,26,26,26
80052,1,1,0,0,0,0,0,0,0,0,0,0
80052,2,1,0,0,8,0,0,0,4,7,0,0
80053,1,1,0,0,0,0,0,0,0,0,0,0
80053,2,1,0,0,0,0,0,0,0,0,0,0
80054,1,1,17,17,17,17,17,17,17,17,17,17
80055,1,1,0,0,0,0,0,0,0,0,0,0
80056,1,1,0,0,0,0,0,0,0,0,0,0
80057,0,1,0,0,0,0,0,0,0,0,0,0
80057,1,1,0,0,0,9,12,0,0,7,0,0
80058,0,1,0,0,0,0,0,0,0,0,0,0
80058,1,1,0,0,0,0,0,0,0,0,0,0
80059,1,1,0,0,0,0,0,0,0,0,0,0
80059,2,1,0,0,0,0,0,0,0,0,0,0
80060,1,1,3,3,3,3,3,3,3,3,3,3
80060,2,1,0,0,0,0,0,11,0,15,0,0
80061,1,1,0,0,0,0,0,0,0,0,0,0
80061,2,1,0,0,0,0,0,0,0,0,0,0
80061,3,1,0,0,0,0,0,0,0,0,0,0
80062,1,1,0,0,0,0,0,0,0,0,0,0
80062,2,1,0,0,0,0,0,0,0,0,0,0
80063,1,1,23,23,23,23,23,23,23,23,23,23
80063,2,1,0,0,0,0,0,0,0,0,0,0
80064,0,1,0,0,0,0,0,0,0,0,0,0
80064,1,1,0,0,0,0,0,0,0,0,0,0
80065,1,1,0,0,0,0,0,0,0,0,0,0
80065,2,1,0,0,0,0,0,0,0,0,0,0
80066,1,1,5,0,0,0,0,8,0,0,0,0
80067,1,1,0,0,0,0,0,0,0,0,10,0
80067,2,1,0,0,0,0,0,0,0,0,0,0
80068,1,1,0,0,0,0,0,0,0,0,0,0
80068,2,1,0,0,0,0,0,0,0,0,0,0
80069,1,1,1,1,1,1,1,1,1,1,1,1
80069,2,1,0,0,0,0,0,0,0,0,0,0
80069,3,1,0,0,0,0,0,0,0,0,0,0
80070,0,1,0,0,0,0,0,0,0,0,0,0
80070,1,1,0,0,0,0,0,0,0,0,0,0
80071,0,1,30,30,30,30,30,30,30,30,30,30
80071,1,1,0,0,0,0,0,0,0,0,0,24
80071,2,1,0,18,0,0,0,0,10,0,0,0
80072,1,1,0,0,0,0,0,0,0,0,0,0
80073,1,1,0,0,0,0,0,0,0,0,0,0
80073,2,1,0,0,0,9,0,0,0,0,0,0
80074,1,1,0,0,0,0,0,0,0,0,0,0
80074,2,1,0,0,0,0,0,0,0,0,0,0
80075,1,1,0,0,0,0,0,0,0,0,0,0
80075,2,1,0,0,0,0,0,0,0,0,0,0
80076,1,1,33,33,33,33,33,33,33,33,33,33
80077,1,1,0,0,0,0,0,0,0,0,0,0
80077,2,1,0,0,0,0,0,0,0,0,0,0
80078,1,1,0,0,0,0,0,0,0,0,0,0
80078,2,1,0,0,0,0,0,0,0,0,0,0
80079,1,1,0,0,0,0,0,0,0,0,0,0
80080,1,1,7,7,7,7,7,7,7,7,7,7
80081,1,1,0,0,0,0,0,0,0,0,0,0
80082,1,1,13,13,13,13,13,13,13,13,13,13
80082,2,1,0,0,0,0,5,0,0,0,0,0
80082,3,1,0,0,0,0,4,0,0,0,0,0
80083,0,1,0,0,0,0,0,0,0,0,0,0
80083,1,1,0,23,0,0,0,0,0,0,0,0
80084,0,1,0,0,0,0,0,0,17,0,0,0
80084,1,1,0,0,0,0,0,0,0,0,0,0
80085,1,1,0,0,0,0,0,0,0,0,0,0
80086,1,1,33,33,33,33,33,33,33,33,33,33
80087,1,1,0,0,5,0,0,0,0,0,0,0
80088,1,1,20,20,20,20,20,20,20,20,20,20
80089,1,1,0,0,0,0,0,0,0,0,0,0
80089,2,1,0,0,0,0,0,14,0,0,0,0
80090,0,1,15,15,15,15,15,15,15,15,15,15
80090,1,1,0,0,0,0,0,0,0,0,14,0
80091,1,1,0,0,0,0,0,0,0,0,0,0
80092,1,1,0,0,0,0,0,0,0,0,0,0
80092,2,1,0,0,0,0,0,0,0,0,0,0
80093,1,1,0,0,0,0,0,13,0,0,0,20
80094,0,1,0,0,0,0,0,0,0,0,0,0
80094,1,1,0,0,0,0,0,0,0,0,0,0
80094,2,1,14,0,0,0,0,0,0,0,0,0
80094,3,1,0,0,0,0,0,0,0,0,23,0
80095,0,1,26,28,29,26,29,8,27,6,17,11
80095,1,1,12,12,12,12,12,12,12,12,12,12
80096,1,1,21,21,21,21,21,21,21,21,21,21
80096,2,1,0,0,0,0,0,0,0,0,0,0
80097,0,1,25,25,25,25,25,25,25,25,25,25
80097,1,1,0,0,0,17,0,0,0,0,0,0
80098,1,1,38,38,38,38,38,38,38,38,38,38
80099,1,1,23,23,23,23,23,23,23,23,23,23
80100,1,1,0,0,0,0,0,0,0,0,0,0
80100,2,1,0,0,0,0,0,0,0,0,0,0
80100,3,1,0,0,0,0,0,0,0,0,0,0
80101,1,1,0,0,0,0,0,0,0,0,0,0
80102,1,1,0,0,0,0,0,0,0,0,0,0
80102,2,1,5,5,5,5,5,5,5,5,5,5
80103,1,1,0,0,0,0,0,0,0,0,0,0
80103,2,1,0,0,0,0,0,0,0,0,0,0
80103,3,1,0,0,21,0,0,0,0,0,0,0
80104,1,1,0,0,0,0,0,0,0,0,0,0
80105,1,1,5,5,5,5,5,5,5,5,5,5
80105,2,1,0,0,0,0,0,6,0,0,0,0
80106,1,1,0,0,0,0,0,0,0,0,0,0
80107,1,1,4,4,4,4,4,4,4,4,4,4
80108,1,1,26,26,26,26,26,26,26,26,26,26
80109,1,1,0,0,0,0,0,0,0,0,0,0
80109,2,1,0,0,0,0,10,0,0,0,0,0
80110,0,1,2,2,2,2,2,2,2,2,2,2
80110,1,1,0,0,0,0,0,0,0,0,0,0
80111,1,1,0,0,0,0,0,0,0,0,0,0
80111,2,1,0,0,0,0,0,0,0,0,0,0
80112,0,1,0,0,0,0,0,0,0,0,0,0
80112,1,1,0,0,0,0,0,0,0,0,0,0
80113,1,1,0,0,0,0,0,0,0,0,0,0
80114,1,1,0,0,0,0,0,0,0,0,0,0
80114,2,1,0,0,0,0,0,0,0,0,0,0
80115,1,1,0,0,0,0,0,0,0,0,0,0
80116,1,1,23,23,23,23,23,23,23,23,23,23
80116,2,1,0,0,0,0,0,0,0,0,0,0
80117,1,1,2,2,2,2,2,2,2,2,2,2
80118,1,1,0,0,9,14,0,10,7,0,0,0
80119,0,1,0,0,0,0,0,0,0,0,0,0
80119,1,1,0,0,0,0,0,0,0,43,0,0
80120,1,1,0,0,0,0,0,0,0,0,0,0
80120,2,1,0,0,0,0,0,0,0,0,0,0
80121,1,1,0,0,0,0,0,0,0,0,0,0
80121,2,1,0,0,0,0,0,0,0,0,0,0
80122,1,1,0,0,0,0,0,0,0,0,0,0
80122,2,1,0,0,0,0,0,0,0,0,0,0
80123,1,1,22,22,22,22,22,22,22,22,22,22
80124,1,1,0,0,0,0,0,0,0,0,0,0
80124,2,1,0,0,0,0,0,0,0,0,0,0
80125,1,1,0,0,0,0,0,0,0,0,0,0
80125,2,1,0,0,0,0,0,0,0,0,0,0
80125,3,1,0,0,0,0,0,0,0,0,0,0
80125,4,1,0,0,0,0,0,0,0,0,0,0
80125,5,1,0,0,0,0,0,0,0,0,0,0
80125,6,1,0,0,0,0,0,0,0,0,0,0
80125,7,1,0,0,0,0,0,0,0,0,0,0
80125,8,1,0,0,0,0,15,0,0,0,0,0
80125,9,1,0,0,0,0,0,0,0,0,0,0
80125,10,1,0,0,0,0,0,0,0,0,0,0
80125,11,1,0,0,0,0,0,0,0,0,0,0
80125,12,1,0,0,0,0,0,0,0,0,0,0
80125,13,1,0,0,0,11,0,0,0,0,0,0
80125,14,1,0,0,0,0,0,0,0,0,0,0
80125,15,1,18,0,0,0,0,0,0,0,0,0
80125,16,1,0,0,0,0,0,0,0,0,0,0
80125,17,1,0,0,0,0,0,0,0,0,0,9
80125,18,1,0,0,0,0,0,0,8,0,0,0
80125,19,1,21,0,0,0,0,0,0,0,0,0
80125,20,1,0,0,0,0,0,0,0,0,0,0
80125,21,1,0,0,0,0,0,0,0,0,0,0
80125,22,1,0,0,0,0,0,0,0,0,0,0
80125,23,1,0,0,0,0,0,0,0,0,0,0
80125,24,1,0,0,0,0,0,0,0,0,0,0
80125,25,1,0,0,0,0,0,0,0,0,0,0
80125,26,1,0,0,0,0,0,0,0,0,0,0
80125,27,1,0,0,0,0,0,0,0,0,11,0
80125,28,1,0,0,0,0,0,0,0,0,0,0
80126,1,1,0,0,0,0,0,0,0,0,0,0
80127,1,1,0,27,15,14,0,17,21,14,20,22
80128,1,1,6,6,6,6,6,6,6,6,6,6
80128,2,1,0,0,0,0,0,0,0,0,0,0
80129,1,1,0,0,0,0,0,0,0,0,0,0
80129,2,1,0,0,0,0,0,0,0,0,0,0
80130,1,1,0,6,0,0,0,0,0,0,0,0
80130,2,1,0,0,26,0,0,0,0,0,0,0
80131,1,1,19,19,19,19,19,19,19,19,19,19
80132,1,1,0,0,0,0,0,0,0,0,0,0
80132,2,1,0,0,0,0,0,0,0,0,0,0
80133,0,1,24,24,24,24,24,24,24,24,24,24
80133,1,1,0,0,0,0,0,0,0,0,0,20
80134,1,1,0,0,9,0,0,0,0,0,0,0
80135,1,1,13,13,13,13,13,13,13,13,13,13
80135,2,1,0,10,0,0,0,0,0,0,0,0
80136,1,1,0,0,0,0,0,0,0,0,0,0
80136,2,1,0,0,0,0,0,0,0,0,0,0
80137,1,1,20,20,20,20,20,20,20,20,20,20
80138,1,1,0,0,0,0,0,0,0,0,0,0
80138,2,1,0,0,0,0,0,0,0,0,0,0
80138,3,1,0,0,0,0,0,0,0,0,0,0
80138,4,1,0,0,0,0,0,0,0,0,0,0
80139,1,1,0,0,0,0,0,0,0,0,0,0
80139,2,1,0,0,0,0,0,0,0,0,0,0
80140,1,1,0,0,0,0,0,0,0,0,0,0
80140,2,1,0,0,0,0,0,0,0,0,0,0
80141,1,1,17,17,17,17,17,17,17,17,17,17
80142,1,1,5,5,5,5,5,5,5,5,5,5
80143,1,1,38,38,38,38,38,38,38,38,38,38
80144,1,1,0,0,0,0,0,0,0,0,0,0
80144,2,1,0,0,0,0,0,0,0,0,0,0
80145,1,1,0,0,0,0,0,0,0,0,0,0
80145,2,1,0,0,0,0,0,0,0,0,0,0
80146,1,1,0,0,0,0,0,0,0,0,0,0
80146,2,1,0,0,0,0,0,0,0,0,0,0
80147,1,1,24,24,24,24,24,24,24,24,24,24