ST_CASE,VEH_NO,PER_NO,P1,P2,P3,P4,P5,P6,P7,P8,P9,P10
80148,1,1,0,0,0,0,0,0,0,0,0,0
80149,0,1,17,17,17,17,17,17,17,17,17,17
80149,1,1,0,0,0,0,12,0,0,0,0,0
80149,2,1,0,0,2,0,0,0,0,0,0,0
80151,1,1,0,0,0,0,0,0,0,0,0,0
80152,1,1,0,0,0,0,0,0,0,0,0,0
80153,1,1,24,24,24,24,24,24,24,24,24,24
80154,1,1,7,7,7,7,7,7,7,7,7,7
80155,1,1,0,0,0,0,0,0,0,0,0,0
80155,2,1,0,20,0,0,0,0,0,19,0,0
80156,1,1,0,0,0,0,0,0,0,0,0,0
80156,2,1,0,0,0,0,0,0,0,0,0,0
80156,3,1,0,0,0,0,0,0,0,0,0,0
80157,1,1,22,22,22,22,22,22,22,22,22,22
80158,1,1,0,0,0,0,0,0,0,0,0,0
80158,2,1,0,0,0,0,0,0,0,0,0,0
80159,1,1,0,0,0,0,0,0,0,0,0,0
80159,2,1,0,0,0,0,0,0,0,0,0,0
80160,1,1,0,0,0,0,0,0,0,0,0,0
80161,1,1,0,0,0,0,0,0,0,0,0,0
80161,2,1,0,0,0,0,0,0,0,0,0,0
80163,1,1,0,0,0,13,0,0,0,0,0,0
80163,2,1,0,0,0,0,0,0,0,0,0,0
80164,1,1,0,0,0,0,0,0,0,0,0,0
80164,2,1,0,0,0,0,0,0,0,0,0,0
80164,3,1,0,0,0,0,18,0,0,0,0,0
80165,1,1,3,3,3,3,3,3,3,3,3,3
80166,1,1,0,0,0,0,0,0,0,0,0,0
80167,1,1,0,0,0,0,0,0,0,0,0,0
80168,1,1,0,0,0,0,0,0,0,0,0,0
80168,2,1,0,0,0,0,0,0,0,0,0,0
80169,1,1,0,0,0,0,0,0,0,0,0,0
80169,2,1,0,0,0,0,0,0,0,0,0,0
80170,1,1,0,0,0,0,0,0,0,0,0,0
80170,2,1,0,0,0,0,0,0,0,0,0,0
80171,1,1,34,34,34,34,34,34,34,34,34,34
80171,2,1,16,16,16,16,16,16,16,16,16,16
80171,3,1,0,0,0,0,0,0,10,0,0,0
80172,0,1,12,12,12,12,12,12,12,12,12,12
80172,1,1,0,0,46,0,0,0,0,0,0,0
80173,1,1,0,0,0,0,0,0,0,0,0,0
80173,2,1,0,0,0,0,0,0,0,0,0,0
80174,1,1,0,0,0,0,0,0,0,0,0,0
80175,1,1,0,0,0,0,0,0,0,0,0,0
80176,1,1,0,0,0,0,0,0,0,0,0,0
80176,2,1,0,0,0,0,0,0,0,21,0,0
80176,3,1,0,0,0,0,0,0,0,0,0,0
80177,0,1,17,17,17,17,17,17,17,17,17,17
80177,1,1,12,12,12,12,12,12,12,12,12,12
80178,1,1,0,0,0,0,0,0,34,0,0,0
80178,2,1,0,0,0,0,0,0,0,0,0,0
80179,1,1,24,24,24,24,24,24,24,24,24,24
80179,2,1,0,0,0,0,0,0,0,0,0,0
80180,1,1,0,0,0,0,0,0,27,0,16,0
80181,1,1,0,0,0,0,0,0,0,0,0,0
80182,0,1,37,37,37,37,37,37,37,37,37,37
80182,1,1,0,0,9,0,0,0,0,0,0,0
80183,1,1,0,0,0,0,0,0,0,0,0,0
80184,1,1,0,0,0,0,0,0,0,0,0,0
80185,1,1,0,0,0,0,0,0,0,0,0,0
80186,1,1,0,0,0,0,0,0,0,0,0,0
80187,1,1,0,0,0,0,0,0,0,0,0,0
80188,1,1,20,20,20,20,20,20,20,20,20,20
80189,1,1,0,0,0,0,0,0,0,0,0,0
80189,2,1,6,6,6,6,6,6,6,6,6,6
80189,3,1,0,0,0,0,0,0,36,0,0,0
80190,1,1,31,31,31,31,31,31,31,31,31,31
80190,2,1,0,0,0,0,0,0,0,0,0,0
80191,1,1,23,23,23,23,23,23,23,23,23,23
80192,1,1,22,22,22,22,22,22,22,22,22,22
80192,2,1,0,0,0,0,0,0,0,0,0,0
80193,1,1,0,0,0,0,0,0,0,0,0,0
80194,1,1,0,4,0,20,7,6,0,0,7,0
80194,2,1,0,0,0,0,0,0,0,0,0,0
80194,3,1,0,0,0,0,0,0,0,0,0,0
80195,1,1,0,0,0,0,0,0,0,0,0,0
80196,1,1,0,0,0,0,0,0,0,0,0,0
80197,1,1,0,0,0,0,0,0,0,0,28,0
80198,1,1,0,0,0,0,0,0,0,0,0,0
80198,2,1,0,0,0,0,0,0,0,0,0,0
80199,1,1,0,0,0,0,0,0,0,0,0,0
80200,1,1,10,10,10,10,10,10,10,10,10,10
80201,1,1,20,20,20,20,20,20,20,20,20,20
80202,1,1,0,0,0,0,0,0,0,0,0,0
80202,2,1,0,13,0,0,0,0,0,0,0,0
80203,1,1,0,0,0,0,0,0,0,0,0,0
80203,2,1,0,0,0,0,0,0,0,0,0,0
80204,1,1,0,0,0,0,0,0,0,0,0,0
80204,2,1,0,0,0,0,0,0,0,0,0,0
80204,3,1,0,0,0,0,0,0,0,0,0,0
80205,1,1,0,0,19,0,0,14,0,0,0,0
80206,1,1,20,20,20,20,20,20,20,20,20,20
80207,1,1,12,12,12,12,12,12,12,12,12,12
80208,1,1,30,30,30,30,30,30,30,30,30,30
80209,1,1,0,0,0,0,0,0,0,0,0,0
80209,2,1,0,0,0,0,0,0,0,0,17,0
80210,1,1,0,0,0,0,0,0,11,0,0,0
80211,1,1,0,0,0,0,0,0,0,0,0,0
80211,2,1,0,0,0,0,0,0,0,0,0,0
80212,0,1,0,0,0,0,0,0,0,0,0,0
80212,1,1,0,0,0,0,0,0,0,0,0,0
80213,1,1,0,0,0,0,0,0,0,0,0,0
80214,1,1,19,19,19,19,19,19,19,19,19,19
80215,1,1,15,15,15,15,15,15,15,15,15,15
80215,2,1,0,0,0,0,0,0,0,0,0,0
80216,1,1,7,7,7,7,7,7,7,7,7,7
80217,1,1,20,20,20,20,20,20,20,20,20,20
80217,2,1,0,0,0,0,0,0,0,0,0,0
80218,1,1,0,0,22,0,28,0,0,0,0,0
80219,1,1,0,0,0,0,0,0,0,0,0,0
80220,1,1,24,24,24,24,24,24,24,24,24,24
80221,1,1,0,0,0,0,0,0,0,0,0,0
80222,1,1,0,0,0,0,0,0,0,0,0,0
80223,1,1,21,16,12,19,10,22,16,11,21,11
80224,0,1,16,16,16,16,16,16,16,16,16,16
80224,1,1,0,0,18,0,13,5,0,0,0,0
80224,2,1,0,0,0,0,0,0,0,0,0,0
80225,1,1,3,3,3,3,3,3,3,3,3,3
80225,2,1,0,0,0,0,0,0,0,0,0,0
80225,3,1,0,0,0,0,0,0,0,0,0,0
80226,0,1,0,0,0,0,0,0,0,0,0,0
80226,1,1,0,0,0,20,0,0,0,0,0,0
80227,1,1,0,0,0,0,0,0,0,0,0,0
80228,0,1,0,0,0,0,0,0,0,0,0,0
80228,1,1,0,0,0,0,0,0,0,0,0,7
80229,1,1,0,0,0,0,0,0,0,0,0,0
80230,0,1,0,0,0,0,0,0,0,0,0,0
80230,1,1,0,0,0,0,0,0,0,0,0,0
80231,0,1,0,0,0,0,0,0,0,0,0,0
80231,1,1,0,0,0,0,0,0,0,0,0,0
80232,1,1,0,0,0,0,0,0,0,0,0,0
80233,1,1,0,0,0,0,0,0,0,0,0,0
80233,2,1,0,0,0,0,0,0,0,0,0,0
80234,1,1,0,0,0,0,0,0,0,0,0,0
80234,2,1,0,0,0,0,0,0,0,0,0,0
80235,1,1,13,13,13,13,13,13,13,13,13,13
80235,2,1,0,0,0,0,0,0,0,0,0,0
80236,1,1,0,0,0,0,0,0,0,0,0,0
80236,2,1,0,0,0,0,0,0,0,0,0,0
80236,3,1,0,0,0,0,0,0,0,0,0,0
80236,4,1,0,0,0,0,0,0,0,0,0,0
80237,1,1,13,13,13,13,13,13,13,13,13,13
80237,2,1,0,22,0,0,0,0,0,10,15,0
80238,1,1,0,0,0,0,0,0,0,0,0,0
80238,2,1,0,0,0,0,0,0,0,0,0,0
80238,3,1,0,0,0,0,0,0,0,0,0,0
80239,0,1,26,26,26,26,26,26,26,26,26,26
80239,1,1,0,0,0,0,0,7,0,0,0,0
80240,1,1,0,0,0,0,0,0,0,0,0,0
80241,1,1,0,0,0,0,0,0,6,12,0,0
80242,1,1,0,0,0,0,0,0,0,0,0,0
80242,2,1,0,0,15,0,0,12,0,0,10,0
80243,1,1,29,29,29,29,29,29,29,29,29,29
80244,0,1,0,0,0,0,0,0,0,0,0,0
80244,1,1,0,0,0,0,0,0,0,0,0,0
80245,1,1,28,28,28,28,28,28,28,28,28,28
80245,2,1,0,0,0,0,0,0,0,0,0,0
80246,1,1,13,13,13,13,13,13,13,13,13,13
80246,2,1,0,0,0,45,0,0,21,0,0,0
80246,3,1,0,0,0,0,0,0,0,0,0,0
80247,0,1,0,0,0,0,0,0,0,0,0,0
80247,1,1,0,0,0,0,0,0,0,0,0,0
80248,1,1,27,27,27,27,27,27,27,27,27,27
80249,1,1,36,36,36,36,36,36,36,36,36,36
80249,2,1,0,0,0,0,0,0,0,0,0,0
80250,1,1,0,0,0,0,0,0,0,0,0,0
80250,2,1,0,0,0,0,0,0,0,0,0,0
80251,0,1,0,0,0,0,0,0,0,0,0,0
80251,0,2,0,0,0,24,0,0,0,0,0,0
80251,1,1,0,0,0,0,0,0,0,0,0,0
80252,1,1,0,0,0,0,0,0,0,0,0,0
80253,1,1,0,0,0,0,17,0,14,0,0,0
80254,1,1,0,0,0,0,0,0,0,0,0,0
80254,2,1,0,0,0,0,0,0,0,0,0,0
80255,1,1,0,0,0,0,0,0,0,0,0,0
80256,1,1,0,0,0,0,18,0,0,0,0,0
80256,2,1,0,0,0,0,0,0,0,0,0,0
80256,3,1,0,0,0,0,0,0,0,0,0,0
80257,1,1,24,24,24,24,24,24,24,24,24,24
80258,1,1,0,0,0,0,0,0,0,0,0,0
80259,1,1,0,0,0,0,0,0,0,0,0,0
80259,2,1,0,0,0,0,0,0,4,0,0,0
80259,3,1,0,0,0,0,0,0,0,0,0,0
80260,1,1,0,0,0,0,0,0,0,0,0,0
80261,0,1,0,0,0,0,0,0,0,0,0,0
80261,1,1,0,0,0,0,0,0,0,0,0,0
80262,1,1,0,0,0,0,0,0,0,0,0,0
80262,2,1,6,0,0,0,0,0,0,0,0,0
80263,1,1,0,0,0,0,0,0,0,0,0,0
80264,1,1,6,6,6,6,6,6,6,6,6,6
80265,1,1,0,0,0,0,0,0,0,0,0,0
80265,2,1,0,0,0,0,0,0,0,0,0,0
80266,1,1,0,0,0,0,0,0,0,0,0,0
80266,2,1,0,0,0,0,0,0,0,0,0,0
80267,0,1,0,0,0,0,0,0,0,0,0,0
80267,1,1,0,0,0,0,0,0,0,0,0,0
80268,1,1,0,0,0,0,0,0,0,0,0,0
80268,2,1,0,0,0,0,0,0,0,0,0,0
80269,1,1,0,0,0,0,0,0,0,0,0,0
80270,1,1,4,4,4,4,4,4,4,4,4,4
80271,0,1,14,14,14,14,14,14,14,14,14,14
80271,1,1,0,0,0,0,0,0,0,0,6,0
80272,1,1,0,0,0,16,0,0,17,0,0,0
80272,2,1,0,0,0,0,0,0,0,0,0,0
80273,1,1,17,17,17,17,17,17,17,17,17,17
80274,1,1,0,0,0,0,0,0,0,0,0,0
80274,2,1,0,0,0,0,0,0,0,0,0,0
80275,1,1,0,0,0,0,0,0,0,0,0,0
80275,2,1,0,19,0,0,0,0,0,0,0,0
80276,1,1,32,32,32,32,32,32,32,32,32,32
80277,1,1,0,0,0,0,0,0,0,0,0,0
80278,1,1,0,0,0,0,0,0,0,0,0,0
80278,2,1,0,0,0,0,0,25,0,0,0,0
80279,1,1,0,0,0,0,0,0,0,0,0,0
80279,2,1,0,0,0,0,0,0,0,0,0,0
80280,1,1,0,0,0,0,0,0,0,0,0,0
80280,2,1,0,0,0,0,0,0,0,0,0,0
80281,1,1,18,18,18,18,18,18,18,18,18,18
80282,0,1,0,0,0,0,0,0,0,0,0,0
80282,1,1,0,0,0,0,0,0,0,0,0,0
80283,0,1,0,0,0,0,0,0,0,0,0,0
80283,1,1,0,0,0,0,0,0,0,0,0,0
80284,1,1,0,0,0,0,0,0,0,0,0,0
80284,2,1,0,0,0,0,0,0,0,0,0,0
80285,1,1,2,2,2,2,2,2,2,2,2,2
80286,1,1,0,0,0,0,0,0,0,0,0,0
80287,1,1,18,18,18,18,18,18,18,18,18,18
80288,1,1,0,0,0,0,0,0,0,0,0,0
80288,2,1,0,0,0,0,0,0,0,0,0,0
80289,1,1,0,0,0,0,0,0,0,0,0,0
80289,2,1,0,0,0,0,0,0,14,0,0,0
80290,1,1,28,28,28,28,28,28,28,28,28,28
80291,1,1,12,12,12,12,12,12,12,12,12,12
80291,2,1,0,0,0,0,0,0,0,0,0,0
80291,3,1,16,0,0,0,0,12,0,14,0,0
80292,1,1,19,19,19,19,19,19,19,19,19,19
80292,2,1,18,10,0,0,0,0,0,0,0,0
80293,0,1,0,0,0,0,0,0,41,0,0,0
80293,1,1,0,0,0,0,0,0,0,0,0,0
80293,2,1,0,0,0,0,0,0,0,0,0,0
80294,0,1,9,9,9,9,9,9,9,9,9,9
80294,1,1,0,0,0,0,0,0,0,0,0,0
80295,0,1,0,0,0,0,0,0,0,0,0,0
80295,1,1,0,0,0,0,0,0,8,0,0,0
80296,1,1,0,0,0,0,0,0,0,0,0,0
80296,2,1,0,0,0,0,0,0,0,0,0,0
80296,3,1,0,0,0,0,0,0,0,0,0,0
80297,1,1,16,16,16,16,16,16,16,16,16,16
80298,1,1,0,0,0,0,0,0,0,0,0,0
80299,1,1,25,25,25,25,25,25,25,25,25,25
80299,2,1,3,0,0,0,0,0,0,0,0,0
80300,1,1,0,0,0,0,0,0,0,0,0,0
80300,2,1,0,0,0,0,0,0,0,0,0,0
80301,1,1,0,0,0,0,0,12,0,0,24,0
80301,2,1,0,0,0,0,0,0,0,0,0,0
80302,1,1,0,0,18,0,0,0,0,0,0,0
80303,0,1,29,29,29,29,29,29,29,29,29,29
80303,1,1,0,0,0,0,0,0,0,0,0,0
80303,2,1,0,19,0,0,0,0,0,0,0,0
80303,3,1,0,0,0,0,0,0,0,0,0,0
80304,1,1,24,24,24,24,24,24,24,24,24,24
80304,2,1,0,0,0,0,0,0,0,0,0,0
80305,1,1,4,4,4,4,4,4,4,4,4,4
80306,1,1,0,0,0,0,0,0,0,0,0,0
80306,2,1,0,0,0,0,0,0,0,0,0,0
80307,1,1,0,0,0,0,0,0,0,0,0,0
80307,2,1,0,0,0,0,0,0,0,0,0,0
80308,1,1,0,0,0,0,0,0,0,0,0,0
80309,1,1,0,0,0,0,0,0,0,0,0,0
80310,1,1,0,0,0,0,0,0,0,0,0,0
80311,1,1,0,0,0,0,0,0,0,0,0,0
80312,1,1,0,0,0,0,0,0,0,0,0,0
80312,2,1,0,0,0,0,0,0,0,0,0,0
80313,1,1,0,0,0,0,0,0,0,0,0,0
80314,1,1,0,0,0,0,0,0,0,0,0,0
80314,2,1,0,0,0,0,0,0,0,0,0,0
80315,0,1,0,0,0,0,0,0,0,0,0,0
80315,1,1,0,0,0,0,0,0,0,0,0,0
80316,1,1,20,20,20,20,20,20,20,20,20,20
80317,1,1,33,33,33,33,33,33,33,33,33,33
80318,1,1,1,1,1,1,1,1,1,1,1,1
80319,1,1,32,32,32,32,32,32,32,32,32,32
80319,2,1,0,0,0,0,0,0,0,0,0,0
80320,1,1,23,23,23,23,23,23,23,23,23,23
80320,2,1,0,0,0,0,0,0,0,0,0,0
80321,1,1,0,0,0,0,0,0,0,0,0,0
80322,1,1,0,0,0,0,16,0,19,0,0,0
80323,1,1,0,0,0,0,0,0,0,0,0,0
80323,2,1,0,0,0,0,0,0,0,0,0,0
80324,0,1,0,0,0,0,0,0,0,0,0,0
80324,1,1,0,0,0,0,0,0,0,0,7,0
80325,1,1,0,0,0,0,0,0,0,0,0,0
80325,2,1,0,0,0,0,0,0,0,0,0,0
80325,3,1,0,0,0,0,0,0,0,0,0,0
80326,1,1,0,0,0,0,0,0,0,0,0,0
80326,2,1,0,0,0,0,0,0,0,0,0,0
80327,1,1,0,0,0,0,0,0,0,0,0,0
80328,0,1,0,0,0,0,0,0,0,0,0,0
80328,1,1,0,0,0,0,0,0,0,0,0,17
80329,1,1,0,0,0,0,0,0,0,0,0,0
80330,0,1,0,11,20,0,0,0,19,11,18,0
80330,1,1,0,0,0,0,0,18,0,0,0,0
80331,1,1,17,17,17,17,17,17,17,17,17,17
80332,1,1,20,20,20,20,20,20,20,20,20,20
80333,1,1,0,0,0,0,0,0,0,0,0,0
80333,2,1,0,0,0,0,0,0,0,0,0,0
80334,1,1,28,10,0,18,13,10,18,9,12,9
80335,0,1,0,0,0,0,0,0,0,0,0,0
80335,1,1,0,0,0,0,0,0,0,0,0,0
80336,1,1,7,7,7,7,7,7,7,7,7,7
80337,1,1,0,0,0,0,0,0,0,0,0,0
80337,2,1,0,0,0,0,0,0,0,0,0,0
80338,1,1,0,0,0,0,0,0,0,0,0,0
80338,2,1,0,0,0,0,0,20,0,0,0,0
80339,1,1,11,11,11,11,11,11,11,11,11,11
80340,1,1,0,0,0,0,0,0,0,0,0,0
80341,1,1,0,0,0,0,0,0,0,0,0,0
80341,2,1,0,0,0,0,0,0,0,0,0,0
80341,3,1,0,0,0,0,0,0,0,0,0,0
80342,1,1,5,5,5,5,5,5,5,5,5,5
80342,2,1,0,0,0,0,0,0,0,0,0,0
80342,3,1,0,0,0,0,0,0,0,0,0,0
80343,1,1,6,4,16,15,19,0,11,18,16,7
80343,2,1,0,0,0,0,0,0,0,0,0,0
80343,3,1,0,0,0,0,0,0,0,0,0,0
80344,1,1,22,10,19,5,7,12,10,8,13,17
80345,1,1,0,0,0,0,0,0,0,0,0,0
80346,1,1,0,0,0,0,0,0,0,0,0,0
80346,2,1,0,0,0,0,0,0,0,0,0,0
80346,3,1,19,0,0,0,0,0,0,0,0,0
80346,4,1,0,0,0,0,0,0,0,0,0,0
80346,5,1,0,0,0,0,0,0,0,0,0,0
80346,6,1,0,0,0,0,0,0,0,0,0,15
80346,7,1,6,14,0,0,0,0,0,0,0,6
80347,1,1,0,0,0,0,0,0,0,0,0,0
80348,1,1,24,24,24,24,24,24,24,24,24,24
80348,2,1,2,2,2,2,2,2,2,2,2,2
80349,0,1,0,0,0,0,0,0,0,0,0,0
80349,1,1,0,0,0,0,0,0,0,0,0,0
80349,2,1,0,0,0,0,0,0,0,0,0,0
80350,1,1,8,8,8,8,8,8,8,8,8,8
80351,1,1,3,0,0,11,0,7,0,0,0,0
80352,1,1,0,0,0,0,0,0,0,0,0,0
80353,1,1,21,21,21,21,21,21,21,21,21,21
80354,1,1,0,0,0,0,0,0,0,0,0,0
80354,2,1,0,0,0,0,0,0,0,0,0,0
80355,0,1,0,0,0,0,0,0,0,0,0,0
80355,1,1,0,0,0,0,0,0,0,0,0,0
80356,1,1,15,22,14,12,6,8,13,14,7,12
80357,1,1,0,0,0,0,0,0,0,0,0,0
80357,2,1,0,0,0,0,0,0,0,0,0,0
80358,1,1,0,0,0,0,0,0,0,0,0,0
80359,0,1,0,0,0,0,0,0,0,0,0,0
80359,1,1,0,0,0,0,0,0,0,0,0,0
80360,0,1,24,0,0,0,0,0,22,0,0,0
80360,1,1,0,0,0,21,0,0,0,0,0,0
80361,1,1,17,17,17,17,17,17,17,17,17,17
80362,0,1,12,12,12,12,12,12,12,12,12,12
80362,1,1,0,0,0,0,0,0,0,21,0,0
80363,0,1,29,29,29,29,29,29,29,29,29,29
80363,1,1,2,2,2,2,2,2,2,2,2,2
80364,1,1,0,0,0,0,0,0,0,0,0,0
80364,2,1,0,0,0,0,0,0,0,0,0,0
80365,1,1,21,21,21,21,21,21,21,21,21,21
80366,1,1,0,0,0,0,0,0,0,0,0,0
80366,2,1,0,0,0,0,0,0,0,0,0,0
80367,0,1,0,0,0,0,20,0,0,25,20,0
80367,1,1,9,0,0,0,0,0,0,0,0,0
80367,2,1,0,0,0,0,0,0,0,0,0,0
80368,0,1,50,50,50,50,50,50,50,50,50,50
80368,1,1,0,0,0,0,0,0,0,0,0,0
80369,1,1,0,0,0,0,8,0,0,0,0,0
80370,1,1,0,0,0,0,0,0,0,0,0,0
80371,1,1,10,10,10,10,10,10,10,10,10,10
80372,1,1,33,33,33,33,33,33,33,33,33,33
80373,1,1,2,2,2,2,2,2,2,2,2,2
80374,1,1,8,8,8,8,8,8,8,8,8,8
80374,2,1,6,6,6,6,6,6,6,6,6,6
80374,3,1,0,0,0,0,0,0,0,0,0,0
80375,1,1,17,17,17,17,17,17,17,17,17,17
80375,2,1,0,0,0,0,0,0,0,0,0,0
80375,3,1,0,0,0,0,0,0,0,0,0,0
80376,1,1,19,19,19,19,19,19,19,19,19,19
80377,1,1,18,18,18,18,18,18,18,18,18,18
80378,0,1,12,12,12,12,12,12,12,12,12,12
80378,1,1,0,0,0,0,0,0,0,0,0,0
80379,1,1,0,0,0,0,0,0,0,0,0,0
80381,1,1,18,18,18,18,18,18,18,18,18,18
80381,2,1,0,0,0,0,0,0,0,0,0,0
80382,1,1,0,0,0,0,0,0,0,0,0,0
80383,1,1,8,8,8,8,8,8,8,8,8,8
80384,1,1,0,0,0,0,0,0,0,0,0,0
80385,1,1,0,0,0,0,0,0,0,0,20,0
80385,2,1,0,0,0,0,0,0,0,0,0,0
80386,1,1,0,0,0,0,0,0,0,0,0,0
80386,2,1,0,0,0,0,0,0,0,0,9,0
80387,0,1,0,35,39,12,0,10,18,17,0,0
80387,1,1,23,0,0,15,0,0,0,0,0,0
80388,1,1,0,0,0,0,0,0,0,0,0,0
80389,0,1,6,6,6,6,6,6,6,6,6,6
80389,1,1,0,0,0,0,0,0,0,0,0,0
80390,1,1,0,0,0,0,0,0,0,0,0,0
80390,2,1,0,0,0,0,0,0,0,0,0,0
80391,1,1,4,4,4,4,4,4,4,4,4,4
80391,2,1,0,0,0,0,0,0,0,0,0,0
80392,0,1,0,0,0,0,0,0,0,0,0,0
80392,1,1,0,0,0,0,0,0,0,0,0,0
80393,1,1,0,0,0,0,0,0,0,0,0,0
80393,2,1,0,0,0,0,0,0,0,0,0,0
80393,3,1,0,0,0,0,0,0,0,0,0,0
80394,1,1,0,16,0,0,0,0,0,0,0,0
80394,2,1,0,0,0,0,0,0,0,0,0,0
80394,3,1,0,0,0,0,0,0,0,0,0,0
80395,1,1,10,10,10,10,10,10,10,10,10,10
80395,2,1,0,0,0,0,0,0,0,0,0,0
80395,3,1,0,0,0,0,0,0,0,0,0,0
80395,4,1,0,0,0,0,0,0,0,0,0,0
80395,5,1,0,0,0,0,0,0,0,0,0,0
80396,0,1,0,0,0,0,0,0,0,0,0,0
80396,1,1,0,0,0,0,0,23,0,0,0,0
80397,1,1,0,0,0,0,0,0,0,0,0,10
80398,1,1,19,19,19,19,19,19,19,19,19,19
80399,1,1,0,0,0,0,0,0,0,0,0,0
80400,1,1,15,15,15,15,15,15,15,15,15,15
80400,2,1,0,0,0,0,0,0,0,0,0,0
80401,1,1,3,3,3,3,3,3,3,3,3,3
80401,2,1,15,15,15,15,15,15,15,15,15,15
80402,1,1,0,0,0,22,0,0,0,0,0,0
80403,1,1,0,0,0,0,0,0,0,0,0,0
80403,2,1,0,0,17,0,0,0,0,0,0,0
80404,1,1,12,15,11,12,19,23,27,19,9,13
80404,2,1,18,18,18,18,18,18,18,18,18,18
80405,0,1,0,0,0,17,0,0,0,0,0,0
80405,1,1,0,0,7,0,0,0,0,0,16,3
80406,1,1,0,0,0,0,0,0,0,0,0,0
80406,2,1,0,0,0,0,0,0,0,0,0,0
80407,1,1,0,0,0,0,0,0,0,0,0,0
80407,2,1,0,0,0,0,0,0,0,12,0,0
80407,3,1,0,0,0,0,0,0,0,0,0,0
80408,1,1,0,0,0,0,0,0,0,0,0,0
80408,2,1,0,0,0,0,0,0,0,0,0,0
80409,1,1,0,0,0,0,0,0,0,0,0,0
80409,2,1,12,0,0,0,0,0,0,0,0,0
80410,1,1,0,0,0,0,0,0,0,0,0,0
80410,2,1,0,0,0,0,0,0,4,0,0,0
80410,3,1,0,0,0,0,0,0,0,0,0,0
80411,1,1,0,0,0,0,0,0,0,0,0,0
80412,1,1,19,19,19,19,19,19,19,19,19,19
80412,2,1,0,0,0,0,18,3,0,0,0,0
80413,1,1,0,0,43,0,0,0,0,0,0,0
80414,1,1,0,0,0,0,0,0,0,0,0,0
80415,1,1,0,0,0,0,0,0,0,0,0,0
80416,0,1,20,20,20,20,20,20,20,20,20,20
80416,1,1,0,0,0,0,0,0,0,0,0,0
80417,1,1,0,0,0,15,0,0,0,0,0,0
80417,2,1,0,0,0,0,0,0,0,0,0,0
80418,1,1,19,19,19,19,19,19,19,19,19,19
80419,1,1,11,11,11,11,11,11,11,11,11,11
80420,1,1,1,1,1,1,1,1,1,1,1,1
80420,2,1,0,0,0,0,0,0,0,0,0,0
80421,1,1,23,23,23,23,23,23,23,23,23,23
80422,1,1,0,0,0,0,0,18,0,0,0,0
80422,2,1,0,0,0,0,0,0,0,0,0,0
80423,1,1,0,0,0,0,0,0,0,0,0,0
80423,2,1,0,0,0,0,0,0,0,0,0,0
80424,1,1,20,20,20,20,20,20,20,20,20,20
80424,2,1,0,0,0,0,0,0,0,0,0,0
80425,0,1,0,0,0,0,0,0,0,0,0,0
80425,1,1,0,0,0,0,0,0,0,20,0,0
80426,1,1,0,0,0,0,0,0,0,0,0,0
80427,1,1,0,0,0,0,0,0,0,0,0,0
80427,2,1,0,0,0,0,0,0,0,0,0,0
80428,1,1,0,0,0,0,0,0,0,0,0,0
80429,1,1,15,15,15,15,15,15,15,15,15,15
80429,2,1,0,0,0,0,0,0,0,0,0,0
80429,3,1,0,0,0,0,0,0,0,0,0,0
80430,1,1,0,20,0,0,0,0,0,0,0,0
80430,2,1,0,13,0,12,0,0,0,0,0,0
80431,0,1,0,0,0,0,0,0,0,0,0,0
80431,1,1,0,0,0,0,0,0,0,0,0,0
80432,1,1,0,0,0,0,0,0,0,0,0,0
80433,1,1,0,0,0,0,0,0,0,0,0,0
80434,1,1,0,0,0,0,0,0,0,0,0,0
80435,1,1,0,0,0,0,0,0,0,0,0,0
80436,1,1,10,11,10,0,12,21,26,4,12,28
80437,1,1,0,0,0,0,0,0,0,0,0,0
80437,2,1,0,0,0,0,0,0,0,0,0,0
80438,1,1,0,0,0,19,0,0,0,0,23,0
80439,1,1,0,0,0,0,0,0,0,0,0,0
80439,2,1,0,0,0,0,0,0,0,0,0,0
80440,1,1,0,0,0,0,0,0,0,0,0,0
80441,1,1,16,16,16,16,16,16,16,16,16,16
80441,2,1,0,0,0,0,13,0,0,0,8,0
80442,0,1,0,34,30,13,20,0,15,7,15,25
80442,1,1,0,0,0,0,0,0,0,0,0,0
80443,1,1,0,0,0,0,0,0,0,0,0,0
80443,2,1,0,0,0,0,0,0,0,0,0,0
80443,3,1,0,0,0,0,0,0,0,0,0,0
80444,1,1,0,0,0,0,0,0,0,0,0,0
80444,2,1,0,0,0,0,0,0,0,0,0,0
80445,1,1,17,17,17,17,17,17,17,17,17,17
80445,2,1,0,0,0,0,0,0,0,0,0,0
80447,0,1,27,27,27,27,27,27,27,27,27,27
80447,1,1,0,0,0,25,0,0,0,15,0,0
80448,0,1,0,0,0,0,0,0,0,0,0,0
80448,1,1,0,0,0,0,0,0,0,12,0,0
80449,1,1,0,0,0,0,0,0,0,0,0,0
80449,2,1,0,0,21,0,0,0,0,0,27,0
80450,1,1,0,0,0,0,0,0,0,0,0,0
80450,2,1,0,0,0,0,0,0,0,0,0,0
80451,1,1,0,0,0,0,0,0,0,0,0,0
80452,1,1,0,0,0,0,0,0,0,0,0,0
80453,1,1,0,0,0,0,0,0,0,0,0,0
80453,2,1,0,0,0,0,0,0,0,0,0,0
80453,3,1,0,0,0,0,0,0,0,0,0,0
80453,4,1,0,0,0,0,0,0,0,0,0,0
80454,1,1,17,19,11,29,4,14,16,9,5,10
80454,2,1,0,0,0,0,0,0,0,0,0,0
80454,3,1,0,0,0,0,0,0,0,0,0,0
80455,0,1,30,40,20,25,6,16,19,7,26,0
80455,1,1,0,0,0,0,0,0,0,0,0,0
80456,1,1,0,0,0,0,0,0,0,0,0,0
80456,2,1,0,0,0,0,0,0,0,0,0,0
80457,1,1,0,0,0,0,0,0,0,0,0,0
80457,2,1,0,0,0,0,0,0,0,0,0,0