ST_CASE,VEH_NO,PER_NO,P1,P2,P3,P4,P5,P6,P7,P8,P9,P10
121248,1,1,0,0,0,0,0,0,0,0,0,0
121248,2,1,0,0,0,0,0,0,0,0,0,0
121248,3,1,0,0,0,0,0,0,0,0,0,0
121248,4,1,0,0,0,0,0,0,0,0,0,0
121250,1,1,0,0,0,0,0,0,5,0,0,0
121250,2,1,0,0,0,0,0,0,0,0,0,0
121252,1,1,0,0,0,0,0,0,0,0,0,0
121253,1,1,0,0,0,0,0,0,0,0,0,0
121254,1,1,0,0,0,0,0,0,0,0,0,0
121255,0,1,12,12,12,12,12,12,12,12,12,12
121255,1,1,0,0,0,0,0,17,0,0,0,0
121256,0,1,27,27,27,27,27,27,27,27,27,27
121256,1,1,0,13,19,0,0,0,21,0,0,0
121257,0,1,0,14,0,0,0,0,0,27,0,0
121257,1,1,0,0,12,0,0,0,0,0,0,0
121257,2,1,0,0,0,0,0,0,0,0,0,0
121258,1,1,3,3,3,3,3,3,3,3,3,3
121259,1,1,0,0,0,0,0,0,0,0,0,0
121259,2,1,0,0,0,0,0,0,0,0,0,0
121260,1,1,23,23,23,23,23,23,23,23,23,23
121260,2,1,0,0,0,12,0,0,0,0,0,0
121261,1,1,0,0,0,0,0,0,0,0,0,0
121262,1,1,0,0,0,0,0,0,0,0,0,0
121263,1,1,9,9,9,9,9,9,9,9,9,9
121264,0,1,0,0,10,0,0,0,0,0,0,0
121264,1,1,14,14,14,14,14,14,14,14,14,14
121265,1,1,0,0,0,0,0,0,0,0,0,0
121265,2,1,0,0,0,0,0,0,0,0,0,0
121265,3,1,0,0,0,0,0,0,0,11,0,0
121266,0,1,0,0,0,0,0,0,0,0,0,0
121266,1,1,0,0,0,0,0,0,0,0,0,0
121266,2,1,0,0,0,0,0,0,0,0,0,0
121267,1,1,0,0,0,0,0,0,0,0,0,0
121267,2,1,0,0,0,0,0,0,0,0,0,0
121269,1,1,0,0,0,0,0,0,0,0,0,0
121270,1,1,0,0,0,0,0,0,0,0,0,0
121271,1,1,0,0,0,0,0,0,0,0,0,0
121271,2,1,0,0,0,0,0,0,0,0,0,0
121272,0,1,20,20,20,20,20,20,20,20,20,20
121272,1,1,0,0,0,0,0,0,0,0,0,0
121273,1,1,19,19,19,19,19,19,19,19,19,19
121273,2,1,0,21,0,0,16,0,0,0,0,0
121274,1,1,19,19,19,19,19,19,19,19,19,19
121275,0,1,4,4,4,4,4,4,4,4,4,4
121275,1,1,0,18,0,0,0,0,0,0,0,0
121276,1,1,0,0,0,0,0,0,0,0,0,0
121277,1,1,0,0,0,0,0,0,0,0,0,0
121277,2,1,0,0,0,0,0,0,0,0,0,0
121277,3,1,0,0,0,0,0,0,0,0,0,0
121278,1,1,0,0,0,0,0,0,0,0,0,0
121278,2,1,0,0,0,5,0,0,0,0,0,0
121279,0,1,0,0,0,0,0,0,0,0,0,0
121279,1,1,0,0,0,0,0,0,0,0,0,0
121280,1,1,0,0,0,0,0,0,0,0,0,0
121280,2,1,0,0,0,0,0,0,0,0,0,0
121280,3,1,0,0,0,0,0,0,0,0,0,0
121281,1,1,0,0,0,0,0,0,0,0,0,0
121281,2,1,0,0,0,0,0,0,0,0,0,0
121282,1,1,0,0,0,0,0,0,0,0,0,0
121283,1,1,0,0,0,0,0,0,24,0,11,0
121283,2,1,0,0,0,0,0,0,0,0,0,0
121284,1,1,0,13,0,0,0,0,0,0,0,0
121284,2,1,0,0,0,0,0,0,0,0,0,0
121285,1,1,0,0,0,0,9,0,0,0,0,0
121285,2,1,0,0,0,0,0,0,0,0,0,0
121286,1,1,0,0,0,0,0,0,0,0,0,0
121286,2,1,0,0,0,0,0,0,0,0,0,0
121287,1,1,0,0,0,0,0,0,0,0,0,0
121287,2,1,0,0,0,0,0,0,0,0,0,0
121288,1,1,0,0,0,0,0,0,0,0,0,0
121288,2,1,26,0,0,11,0,0,0,0,0,0
121289,1,1,15,0,13,12,0,21,0,0,0,0
121290,0,1,0,0,0,0,0,0,0,0,0,0
121290,1,1,0,0,0,0,0,0,0,0,0,0
121291,1,1,21,26,0,17,31,0,0,19,34,33
121292,1,1,32,32,32,32,32,32,32,32,32,32
121292,2,1,25,0,0,0,0,0,0,0,0,0
121293,1,1,0,0,0,0,0,0,0,0,0,0
121293,2,1,0,0,0,0,0,0,0,0,0,0
121294,0,1,39,39,39,39,39,39,39,39,39,39
121294,1,1,7,0,0,0,0,0,0,0,23,0
121295,0,1,0,8,21,0,0,0,0,0,0,0
121295,1,1,24,0,0,0,26,0,0,0,0,0
121296,0,1,0,0,0,25,0,0,0,0,0,0
121296,1,1,0,0,0,0,0,0,0,0,0,0
121297,1,1,0,0,0,0,0,0,0,0,0,0
121298,1,1,0,0,0,0,0,0,0,0,0,0
121298,2,1,0,10,0,8,0,0,0,0,0,0
121299,0,1,0,0,0,0,0,0,0,0,0,0
121299,1,1,0,0,0,0,0,0,0,0,0,0
121300,1,1,0,0,0,0,0,0,0,0,0,0
121301,1,1,0,0,0,0,0,0,0,0,0,0
121301,2,1,0,0,0,0,0,0,0,0,0,0
121302,1,1,39,17,6,22,17,0,26,16,0,13
121302,2,1,0,0,0,0,0,0,0,0,0,0
121303,1,1,0,0,0,0,0,0,0,0,0,0
121303,2,1,0,0,0,0,0,0,0,0,0,0
121304,1,1,0,0,0,0,0,0,0,0,0,0
121304,2,1,0,0,0,0,0,0,0,0,0,0
121305,1,1,21,21,21,21,21,21,21,21,21,21
121307,0,1,15,24,11,18,0,0,0,27,0,0
121307,1,1,0,0,0,0,0,0,0,0,0,0
121308,1,1,0,0,0,0,0,0,0,0,0,0
121309,1,1,1,1,1,1,1,1,1,1,1,1
121309,2,1,0,0,0,0,0,0,0,0,0,0
121310,1,1,0,0,8,0,0,0,22,0,0,0
121310,2,1,0,10,0,0,24,0,0,0,0,10
121311,0,1,12,12,12,12,12,12,12,12,12,12
121311,1,1,0,0,0,0,0,0,0,0,0,0
121312,0,1,24,24,24,24,24,24,24,24,24,24
121312,1,1,0,0,0,27,0,0,0,0,0,0
121313,1,1,0,0,0,0,0,0,0,0,0,16
121313,2,1,0,0,0,0,0,0,0,0,0,0
121314,1,1,0,0,0,0,0,0,0,0,0,0
121314,2,1,0,0,0,0,0,0,0,0,0,0
121315,1,1,0,0,0,0,0,0,0,0,0,0
121315,2,1,0,0,0,0,0,0,0,0,0,0
121315,3,1,0,0,0,0,0,0,0,0,33,0
121316,1,1,0,0,0,0,0,0,0,0,0,0
121316,2,1,0,0,0,13,0,0,0,0,0,0
121317,0,1,0,22,0,0,0,24,0,0,0,0
121317,1,1,0,0,20,0,0,0,12,0,0,4
121318,0,1,0,0,0,0,0,0,0,0,0,0
121318,1,1,0,0,0,0,0,0,0,0,0,0
121318,2,1,12,12,12,12,12,12,12,12,12,12
121319,1,1,0,0,0,0,0,0,0,0,0,0
121320,1,1,0,0,0,0,0,0,0,0,0,0
121320,2,1,0,10,0,0,0,0,0,6,0,0
121321,0,1,0,0,0,0,0,0,0,0,0,0
121321,1,1,0,0,0,0,0,0,0,0,0,0
121322,1,1,0,0,0,0,0,0,0,0,0,0
121323,0,1,0,0,0,0,0,0,0,0,0,0
121323,1,1,0,0,0,0,0,12,0,0,0,0
121324,1,1,0,0,0,0,0,0,0,0,0,0
121325,1,1,0,0,0,0,0,0,0,0,0,0
121325,2,1,0,0,0,0,0,0,0,0,0,0
121326,1,1,27,27,27,27,27,27,27,27,27,27
121326,2,1,0,0,0,0,0,0,0,0,12,0
121326,3,1,0,0,0,0,0,0,0,0,0,13
121327,0,1,0,0,0,0,0,0,0,0,0,0
121327,1,1,0,0,0,0,0,0,0,0,0,0
121328,0,1,0,0,0,0,0,12,0,0,9,0
121328,1,1,0,0,0,0,0,0,0,0,0,0
121329,0,1,0,0,0,0,0,0,0,18,22,0
121329,1,1,25,0,0,25,8,0,12,0,0,0
121330,1,1,17,17,17,17,17,17,17,17,17,17
121331,1,1,0,0,0,0,0,0,0,0,0,0
121331,2,1,0,0,0,0,0,0,0,0,0,0
121331,3,1,0,0,0,0,0,0,0,0,0,0
121332,0,1,0,0,0,0,0,0,0,0,0,0
121332,1,1,0,0,0,0,0,0,0,26,0,0
121333,0,1,30,16,0,0,0,0,0,37,0,0
121333,1,1,0,0,0,0,0,0,0,0,0,0
121334,1,1,21,0,0,0,0,0,0,0,0,0
121334,2,1,0,0,6,0,0,0,0,0,0,0
121335,1,1,0,0,0,0,0,0,0,0,0,0
121336,1,1,0,15,0,0,0,0,0,0,0,26
121336,2,1,0,0,0,0,0,0,0,0,0,0
121337,0,1,0,0,0,0,0,0,0,0,0,0
121337,1,1,0,0,8,0,0,0,0,16,0,0
121338,1,1,0,0,0,0,0,0,0,0,0,0
121339,0,1,0,0,0,0,0,0,8,0,11,0
121339,1,1,21,0,0,0,4,0,11,0,0,0
121340,0,1,11,0,0,0,10,7,15,0,13,0
121340,1,1,0,0,5,0,0,0,0,0,15,0
121341,1,1,0,0,25,0,3,0,0,0,0,0
121341,2,1,21,33,0,14,9,19,33,0,20,22
121342,0,1,0,0,0,0,0,0,0,0,0,0
121342,0,2,0,0,0,0,0,0,0,0,0,0
121342,1,1,0,0,12,13,9,0,11,9,7,17
121342,2,1,0,0,0,16,0,0,0,0,0,0
121342,3,1,0,0,0,0,0,0,0,0,0,0
121343,1,1,0,0,0,0,0,0,0,0,0,0
121344,1,1,0,0,0,0,0,0,0,0,0,0
121344,2,1,0,0,0,0,0,0,0,0,0,0
121345,1,1,0,0,0,18,0,24,0,0,0,0
121346,1,1,16,7,14,29,14,15,0,19,15,13
121347,0,1,19,0,22,0,0,0,0,0,0,0
121347,1,1,0,11,0,0,0,0,0,0,0,0
121348,1,1,0,19,0,0,0,0,0,0,0,0
121349,1,1,14,14,14,14,14,14,14,14,14,14
121350,0,1,0,0,0,0,0,0,0,0,0,0
121350,1,1,0,0,0,0,0,0,0,0,0,0
121351,0,1,0,0,0,0,12,0,0,0,0,0
121351,1,1,19,0,10,0,0,0,0,0,0,0
121352,0,1,0,16,0,0,0,0,0,6,10,0
121352,1,1,0,0,0,0,0,0,0,0,0,0
121354,0,1,0,22,0,0,0,0,0,0,0,0
121354,1,1,0,0,0,0,0,0,0,0,0,0
121355,1,1,0,0,13,0,0,0,0,0,0,0
121355,2,1,0,0,0,0,0,0,0,0,0,0
121356,1,1,0,0,0,0,27,0,0,0,0,0
121356,2,1,0,0,0,0,0,0,0,0,0,0
121357,0,1,0,19,9,9,26,0,16,9,0,0
121357,1,1,18,18,18,18,18,18,18,18,18,18
121358,1,1,0,14,12,0,0,0,0,18,0,0
121359,1,1,0,0,0,0,0,18,0,0,0,11
121359,2,1,0,0,0,0,0,0,0,0,0,0
121360,1,1,0,0,0,0,0,0,0,0,0,0
121360,2,1,0,0,0,0,0,0,0,0,0,0
121362,0,1,0,39,0,0,0,0,0,0,0,0
121362,1,1,0,0,0,0,0,0,0,0,0,0
121363,1,1,0,0,0,0,0,0,0,0,0,0
121363,2,1,0,0,0,0,0,0,0,0,0,0
121364,0,1,0,0,0,0,0,0,0,0,0,0
121364,1,1,0,0,0,0,0,18,0,0,0,0
121366,1,1,0,0,0,21,0,0,0,0,16,0
121366,2,1,0,0,0,0,0,0,0,0,0,0
121367,1,1,0,0,16,24,0,0,0,0,0,0
121370,1,1,0,0,0,0,0,0,0,0,0,0
121371,1,1,0,0,0,0,0,0,0,0,0,0
121371,2,1,0,0,0,0,0,0,0,0,0,0
121371,3,1,0,0,0,0,0,0,0,0,0,0
121372,0,1,0,0,0,28,0,0,0,0,0,0
121372,1,1,0,15,0,0,0,0,0,0,0,0
121373,0,1,0,0,0,0,0,0,0,0,0,0
121373,0,2,0,0,0,22,0,30,0,0,0,0
121373,0,3,0,0,0,0,0,0,0,0,0,0
121373,1,1,0,0,0,0,0,0,0,0,0,0
121374,1,1,0,0,0,0,0,0,0,40,0,18
121374,2,1,0,0,0,0,0,0,0,0,0,0
121376,0,1,0,0,0,0,0,0,0,0,0,0
121376,1,1,0,0,22,0,0,0,0,0,0,0
121377,1,1,10,3,14,13,8,15,15,32,12,16
121377,2,1,0,0,5,0,0,0,0,0,0,0
121378,1,1,21,21,21,21,21,21,21,21,21,21
121379,1,1,0,0,0,4,0,0,19,0,0,0
121380,1,1,0,22,0,0,16,11,12,8,0,0
121380,2,1,0,23,0,0,0,0,0,0,0,0
121382,1,1,0,0,0,0,0,0,0,0,0,0
121383,1,1,13,13,13,13,13,13,13,13,13,13
121384,1,1,0,0,0,0,0,0,0,0,0,0
121385,1,1,0,0,0,0,0,0,0,0,0,0
121385,2,1,0,0,0,0,0,0,0,0,0,0
121386,0,1,1,1,1,1,1,1,1,1,1,1
121386,1,1,0,0,0,0,0,0,0,0,0,0
121387,1,1,0,0,0,0,0,0,0,0,0,0
121387,2,1,0,0,0,14,0,0,0,0,0,0
121388,1,1,0,0,0,0,0,0,0,0,0,0
121389,1,1,24,24,24,24,24,24,24,24,24,24
121391,1,1,11,11,11,11,11,11,11,11,11,11
121393,1,1,0,0,0,0,0,0,0,0,0,0
121394,1,1,10,10,10,10,10,10,10,10,10,10
121395,1,1,4,4,4,4,4,4,4,4,4,4
121396,0,1,0,0,30,0,0,0,0,0,0,0
121396,1,1,0,0,0,0,0,0,0,0,0,0
121397,1,1,0,0,0,0,0,0,0,0,0,0
121398,1,1,0,0,0,0,0,0,0,0,0,0
121399,1,1,9,9,9,9,9,9,9,9,9,9
121401,1,1,17,17,17,17,17,17,17,17,17,17
121401,2,1,0,0,0,0,0,0,0,0,0,0
121402,1,1,0,0,0,0,0,0,0,0,0,0
121403,1,1,0,0,0,0,0,0,0,0,0,0
121404,0,1,0,0,0,0,0,0,0,0,0,0
121404,1,1,0,0,0,0,0,0,0,0,0,0
121405,0,1,26,26,26,26,26,26,26,26,26,26
121405,1,1,0,0,0,0,0,0,0,0,0,0
121406,0,1,33,33,33,33,33,33,33,33,33,33
121406,1,1,0,0,0,0,0,0,0,0,0,0
121407,0,1,8,8,8,8,8,8,8,8,8,8
121407,1,1,0,0,0,0,0,0,0,0,0,0
121408,0,1,0,0,0,7,0,0,0,0,0,0
121408,1,1,0,0,0,0,0,0,13,0,0,0
121411,1,1,6,0,0,3,0,0,0,0,0,0
121411,2,1,0,0,0,0,0,0,0,0,0,0
121412,1,1,0,0,0,0,0,0,0,0,0,0
121412,2,1,0,0,0,0,0,0,0,0,0,0
121413,1,1,0,0,0,0,0,0,0,0,0,0
121413,2,1,0,0,0,0,0,0,0,0,0,0
121416,1,1,23,23,23,23,23,23,23,23,23,23
121417,1,1,16,16,16,16,16,16,16,16,16,16
121418,1,1,10,10,10,10,10,10,10,10,10,10
121419,1,1,0,0,0,0,0,0,0,0,0,0
121419,2,1,0,0,0,0,0,0,0,20,0,0
121420,1,1,1,1,1,1,1,1,1,1,1,1
121421,1,1,0,0,0,0,0,0,0,0,0,0
121422,1,1,22,22,22,22,22,22,22,22,22,22
121425,1,1,0,0,0,0,0,0,0,0,0,0
121426,1,1,17,17,17,17,17,17,17,17,17,17
121428,0,1,31,31,31,31,31,31,31,31,31,31
121428,1,1,13,13,13,13,13,13,13,13,13,13
121429,1,1,18,18,18,18,18,18,18,18,18,18
121430,1,1,0,0,0,0,0,0,0,0,0,0
121430,2,1,0,0,0,0,0,0,0,0,0,0
121431,1,1,0,0,0,43,0,0,0,0,0,0
121432,1,1,0,0,0,0,0,0,0,0,0,0
121432,2,1,0,0,0,0,0,0,0,0,0,0
121432,3,1,0,0,0,0,0,0,5,0,0,0
121432,4,1,0,0,0,0,0,49,0,14,0,0
121433,1,1,0,0,0,0,0,0,0,0,0,0
121433,2,1,0,0,0,0,0,0,0,0,0,0
121434,1,1,0,10,0,0,0,0,0,0,0,0
121435,1,1,0,0,0,0,0,0,0,0,0,0
121435,2,1,11,11,11,11,11,11,11,11,11,11
121436,1,1,0,0,0,0,0,0,0,0,0,0
121437,1,1,0,0,0,0,0,0,0,0,0,0
121437,2,1,0,0,0,0,0,0,0,0,0,0
121437,3,1,0,0,0,0,0,0,0,0,0,0
121439,1,1,0,0,0,20,0,0,0,0,0,0
121439,2,1,0,0,0,0,0,0,0,0,0,0
121440,1,1,10,10,10,10,10,10,10,10,10,10
121440,2,1,0,0,0,0,0,0,0,0,0,0
121441,1,1,23,23,23,23,23,23,23,23,23,23
121442,1,1,19,19,19,19,19,19,19,19,19,19
121442,2,1,0,0,0,0,0,0,0,0,0,0
121444,1,1,18,18,18,18,18,18,18,18,18,18
121444,2,1,0,0,0,0,0,0,0,0,0,0
121445,0,1,0,13,0,0,13,31,0,0,0,0
121445,1,1,0,0,0,0,27,29,0,0,0,0
121446,1,1,0,0,0,0,0,0,0,0,11,0
121446,2,1,0,0,0,0,0,0,0,0,0,18
121446,3,1,0,0,0,0,0,0,0,0,0,0
121447,0,1,28,28,28,28,28,28,28,28,28,28
121447,1,1,0,0,0,0,0,0,0,0,0,0
121448,1,1,12,23,0,19,0,10,20,0,0,0
121449,1,1,0,0,0,0,0,0,0,0,0,0
121449,2,1,8,8,8,8,8,8,8,8,8,8
121449,3,1,0,0,0,0,0,0,0,15,0,0
121450,1,1,0,0,0,0,0,0,0,0,0,0
121451,1,1,0,0,0,0,0,0,0,0,0,0
121451,2,1,0,0,0,0,0,0,0,0,0,0
121452,1,1,0,0,0,0,0,0,0,0,0,0
121453,0,1,0,0,0,0,0,0,0,0,0,0
121453,1,1,5,0,0,0,0,0,0,0,0,0
121454,1,1,0,2,0,22,0,0,0,0,0,0
121454,2,1,3,0,0,0,0,0,0,0,0,0
121455,1,1,0,0,0,0,0,0,0,0,0,0
121455,2,1,25,25,25,25,25,25,25,25,25,25
121456,1,1,0,0,0,0,0,0,0,0,0,0
121456,2,1,0,0,0,0,0,0,0,0,0,0
121457,1,1,9,9,9,9,9,9,9,9,9,9
121458,1,1,0,0,0,0,0,0,0,0,0,0
121459,0,1,10,10,10,10,10,10,10,10,10,10
121459,1,1,0,6,20,0,0,0,0,0,0,0
121460,0,1,0,0,0,0,0,0,0,0,0,0
121460,1,1,0,0,0,0,0,0,0,0,0,0
121461,1,1,10,10,10,10,10,10,10,10,10,10
121461,2,1,0,0,0,0,0,0,0,0,0,5
121461,3,1,0,0,0,0,0,0,0,0,0,0
121461,4,1,12,0,0,0,0,0,0,0,0,0
121461,5,1,0,0,0,0,0,0,0,0,0,0
121463,0,1,0,0,0,0,0,0,0,0,0,0
121463,1,1,0,0,0,22,16,0,0,0,0,0
121464,1,1,0,0,19,0,0,0,0,0,0,0
121464,2,1,0,0,0,0,0,0,0,9,0,1
121465,1,1,18,18,18,18,18,18,18,18,18,18
121465,2,1,0,0,0,0,0,0,0,0,0,0
121466,1,1,5,5,5,5,5,5,5,5,5,5
121466,2,1,0,0,0,0,0,0,0,0,0,0
121466,3,1,0,0,0,0,0,0,0,0,0,0
121467,1,1,0,0,0,0,0,0,0,0,0,0
121468,1,1,0,0,0,0,0,0,0,0,0,0
121468,2,1,0,0,0,0,0,0,0,0,0,0
121469,0,1,0,0,0,0,0,0,0,0,0,0
121469,1,1,0,0,0,0,0,0,0,0,0,0
121470,1,1,0,0,0,0,0,0,0,0,0,0
121470,2,1,0,0,0,0,0,0,23,0,0,0
121470,3,1,0,0,0,0,0,0,0,0,0,0
121471,1,1,0,0,0,0,0,0,0,0,0,0
121471,2,1,0,0,0,0,0,0,0,0,0,0
121471,3,1,0,0,0,0,0,0,0,0,0,0
121472,1,1,0,0,0,0,0,0,0,0,0,0
121472,2,1,0,0,0,0,0,0,0,0,0,0
121472,3,1,0,0,0,0,0,0,0,0,0,0
121472,4,1,0,0,0,0,0,0,0,0,0,0
121474,1,1,0,0,0,0,0,0,0,0,0,0
121474,2,1,0,0,0,0,0,0,0,0,0,0
121475,1,1,0,0,0,0,0,0,0,0,0,0
121475,2,1,0,0,0,0,0,0,0,0,0,0
121476,0,1,25,25,25,25,25,25,25,25,25,25
121476,1,1,0,0,0,0,17,0,0,0,0,0
121478,1,1,11,11,11,11,11,11,11,11,11,11
121479,0,1,16,16,16,16,16,16,16,16,16,16
121479,1,1,0,0,0,0,0,0,0,0,0,0
121480,1,2,17,14,19,21,0,0,25,14,14,33
121481,0,1,0,0,0,0,0,0,0,0,0,0
121481,2,1,0,0,0,0,0,0,0,0,0,0
121482,1,1,0,0,0,0,0,0,0,0,0,0
121482,2,1,0,0,0,0,0,0,0,0,0,0
121483,1,1,0,0,0,0,0,0,0,0,0,0
121483,2,1,0,0,0,0,0,0,0,0,0,0
121484,1,1,0,0,0,0,0,0,0,0,0,0
121484,2,1,0,0,0,0,0,0,32,0,0,0
121485,0,1,0,0,0,0,0,0,0,0,0,0
121485,1,1,8,0,0,0,0,0,0,0,0,0
121486,1,1,0,0,0,0,0,0,0,0,0,0
121486,2,1,0,0,22,0,0,0,0,0,0,0
121488,1,1,0,0,0,0,0,0,0,0,0,0
121488,2,1,0,0,0,0,0,0,0,0,0,0
121489,1,1,0,0,0,0,0,0,0,0,0,0
121490,0,1,0,0,0,0,0,0,0,0,0,0
121490,1,1,0,0,0,0,0,0,0,0,0,0
121491,0,1,11,11,11,11,11,11,11,11,11,11
121491,1,1,0,0,0,0,31,0,0,27,0,0
121491,2,1,0,0,0,0,0,0,0,0,0,0
121492,0,1,0,0,0,0,0,0,0,0,0,0
121492,1,1,0,4,0,0,0,0,5,19,8,0
121493,0,1,27,27,27,27,27,27,27,27,27,27
121493,1,1,0,0,0,0,0,0,0,0,0,0
121494,1,1,19,19,19,19,19,19,19,19,19,19
121494,2,1,5,5,5,5,5,5,5,5,5,5
121495,1,1,0,0,0,0,0,0,0,0,0,0
121495,2,1,0,0,0,0,0,0,0,0,0,0
121495,3,1,0,0,0,0,0,0,21,0,0,0
121496,1,1,0,0,0,0,0,0,0,0,0,0
121496,2,1,0,0,0,0,0,0,0,0,0,0
121497,1,1,0,0,0,0,0,0,0,0,0,0
121497,2,1,0,0,0,0,0,0,0,0,0,0
121498,0,1,25,25,25,25,25,25,25,25,25,25
121498,1,1,0,0,0,0,0,0,0,0,0,0
121499,1,1,24,24,24,24,24,24,24,24,24,24
121500,1,1,0,0,0,0,0,0,0,0,0,0
121500,2,1,0,0,0,0,0,0,0,0,0,0
121500,3,1,0,0,0,0,0,0,0,0,0,0
121501,1,1,0,0,0,0,0,0,0,0,0,0
121501,2,1,0,0,0,0,0,0,0,0,0,0
121501,3,1,0,0,0,0,0,0,0,0,0,0
121501,4,1,0,0,0,0,0,0,0,0,0,0
121502,0,1,0,0,0,0,0,0,0,0,0,0
121502,1,1,0,0,0,0,0,0,0,0,0,0
121505,1,1,0,0,0,0,0,0,0,0,0,0
121505,2,1,0,0,0,0,0,0,0,0,0,0
121506,0,1,10,10,10,10,10,10,10,10,10,10
121506,1,1,22,22,22,22,22,22,22,22,22,22
121507,1,1,0,10,0,0,0,0,0,0,0,0
121507,2,1,0,0,0,0,0,0,0,0,0,0
121508,0,1,20,0,23,0,0,0,0,0,13,0
121508,1,1,0,0,0,0,0,0,0,0,0,0
121509,1,1,0,0,0,0,0,9,0,0,4,0
121509,2,1,0,0,0,0,0,0,0,0,0,0
121510,0,1,0,0,0,0,0,0,0,0,0,0
121510,1,1,0,0,0,0,0,0,0,10,0,0
121510,2,1,0,0,0,0,0,0,0,0,0,26
121512,1,1,0,0,0,0,0,0,0,0,0,0
121512,2,1,0,0,0,0,0,0,0,0,0,0
121513,0,1,0,0,0,0,0,0,0,0,0,0
121513,0,2,0,0,0,0,0,0,0,0,0,0
121513,1,1,0,0,0,0,0,0,0,0,0,0
121514,0,1,0,0,0,0,0,0,0,0,0,14
121514,1,1,0,0,0,0,0,0,0,0,0,0
121515,0,1,11,20,15,0,0,0,0,0,0,0
121515,1,1,0,0,0,0,0,20,0,0,18,0
121515,2,1,0,0,0,0,0,0,0,0,0,0
121516,1,1,0,0,7,0,15,26,10,16,0,0
121517,1,1,0,0,0,0,0,0,0,0,0,0
121519,1,1,7,0,11,0,24,11,0,0,4,0
121520,0,1,0,0,0,0,0,0,0,0,0,0
121520,1,1,0,0,0,0,0,0,0,0,0,0
121521,1,1,0,0,0,0,0,0,0,0,0,0
121521,2,1,0,0,0,0,0,0,0,0,0,0
121521,3,1,0,0,0,0,0,0,0,0,0,0
121522,1,1,0,0,0,0,0,0,0,0,0,0
121522,2,1,0,0,0,0,0,0,0,0,0,0
121523,1,1,0,0,0,0,16,0,0,0,0,0
121523,2,1,0,0,0,0,0,0,0,0,0,0
121524,1,1,0,0,0,0,0,0,0,0,22,0
121526,1,1,0,24,0,0,0,0,0,0,0,0
121526,2,1,0,0,0,0,0,0,0,0,0,0
121527,0,1,0,0,0,0,0,0,0,0,0,0
121528,1,1,0,0,0,0,0,0,0,0,13,0
121528,2,1,0,0,0,0,0,0,0,0,0,0
121529,1,1,0,0,0,0,0,0,0,0,0,0
121530,0,1,0,0,0,0,0,0,0,0,0,0
121530,1,1,0,0,7,0,0,0,0,0,0,0
121531,1,1,20,20,20,20,20,20,20,20,20,20
121532,1,1,23,23,23,23,23,23,23,23,23,23
121533,0,1,0,0,22,0,0,47,0,0,0,44
121533,1,1,0,0,0,0,0,0,0,0,35,0
121534,1,1,0,0,0,0,0,0,0,0,0,0
121534,2,1,0,16,0,0,0,0,0,0,0,0
121535,0,1,17,0,0,0,0,0,0,0,0,6
121535,1,1,0,0,0,25,21,0,0,0,25,0
121536,0,1,0,12,22,25,45,19,0,32,21,17
121536,1,1,0,0,0,0,0,0,0,0,0,0
121537,1,1,0,0,0,0,0,0,0,0,0,0
121537,2,1,0,0,0,0,0,0,0,24,0,0
121538,1,1,17,17,17,17,17,17,17,17,17,17
121538,2,1,0,0,0,0,0,0,0,0,0,0
121539,1,1,0,0,0,0,0,0,0,6,0,0
121539,2,1,0,0,0,13,8,0,0,0,0,0
121540,1,1,11,11,11,11,11,11,11,11,11,11
121540,2,1,0,0,0,0,0,0,0,0,0,0
121541,1,1,0,30,0,10,0,22,0,22,0,0
121541,2,1,0,0,0,10,0,0,5,11,0,0
121541,3,1,0,0,0,0,0,0,0,3,22,0
121542,1,1,0,0,0,0,24,0,0,0,0,0
121542,2,1,0,0,0,0,0,0,0,0,0,0
121543,1,1,22,22,22,22,22,22,22,22,22,22
121543,2,1,0,0,0,0,20,0,0,0,0,0
121544,1,1,0,0,0,0,0,0,4,9,0,0
121544,2,1,0,0,0,40,12,18,11,0,0,14
121545,1,1,0,0,0,0,0,0,0,0,0,0
121545,2,1,0,0,0,0,0,0,0,0,0,0
121545,3,1,0,0,0,0,0,0,0,20,0,0
121546,1,1,0,0,0,0,0,0,0,0,0,0
121546,2,1,0,0,0,0,0,0,0,0,0,0
121547,1,1,0,0,0,0,0,0,0,0,0,0
121547,2,1,0,0,0,0,0,0,0,0,0,0
121548,1,1,16,16,16,16,16,16,16,16,16,16
121549,0,1,0,0,0,0,0,0,0,0,0,0
121549,1,1,0,0,0,0,0,0,5,0,0,0
121550,1,1,0,8,0,0,0,0,0,0,0,0
121550,2,1,0,0,0,0,0,0,0,0,0,0
121551,0,1,0,0,0,0,0,0,0,0,0,0
121551,1,1,0,0,0,0,0,0,0,0,0,0
121552,1,1,0,0,0,0,0,0,0,0,0,0
121552,2,1,0,0,10,0,0,0,0,0,0,0
121552,3,1,0,0,0,0,0,0,0,0,17,0
121554,0,1,0,0,0,0,0,0,0,0,0,0
121554,1,1,0,0,15,0,0,0,0,6,0,0
121555,0,1,0,0,0,0,0,0,0,0,0,0
121555,0,2,0,0,0,13,0,0,0,12,0,0
121555,0,3,0,0,0,0,0,0,0,0,0,0