ST_CASE,VEH_NO,PER_NO,P1,P2,P3,P4,P5,P6,P7,P8,P9,P10
130088,1,1,0,0,0,4,0,0,0,0,2,0
130088,2,1,0,16,0,0,5,0,0,0,0,0
130089,1,1,16,16,16,16,16,16,16,16,16,16
130090,1,1,16,16,16,16,16,16,16,16,16,16
130091,1,1,24,24,24,24,24,24,24,24,24,24
130092,1,1,24,24,24,24,24,24,24,24,24,24
130092,2,1,0,0,0,0,0,14,0,0,0,0
130093,1,1,0,0,0,0,0,0,0,0,0,0
130094,1,1,14,14,14,14,14,14,14,14,14,14
130094,2,1,0,0,0,0,0,0,0,0,0,0
130095,0,1,17,17,17,17,17,17,17,17,17,17
130095,1,1,0,0,0,0,0,0,0,0,0,0
130096,1,1,0,0,0,0,17,0,17,20,0,27
130096,2,1,0,0,0,0,0,0,0,0,0,0
130097,0,1,0,0,0,0,0,0,0,0,0,0
130097,1,1,0,0,0,0,0,0,0,0,0,0
130098,1,1,13,13,13,13,13,13,13,13,13,13
130098,3,1,0,0,0,0,0,0,0,0,0,0
130099,1,1,30,30,30,30,30,30,30,30,30,30
130100,0,1,1,1,1,1,1,1,1,1,1,1
130100,1,1,0,0,9,0,0,0,0,0,0,16
130100,2,1,0,0,0,0,0,0,0,11,0,0
130101,1,1,28,0,0,26,0,0,0,0,17,0
130102,1,1,0,0,0,0,0,0,0,0,0,0
130102,2,1,0,0,0,0,0,0,0,0,0,0
130103,1,1,0,0,0,0,0,0,0,0,0,0
130103,2,1,0,0,0,0,0,0,0,0,0,0
130103,3,1,0,0,0,0,0,0,0,0,0,0
130104,0,1,0,0,0,0,0,0,0,0,0,0
130104,1,1,0,0,0,0,0,0,0,0,0,0
130104,2,1,0,0,0,0,0,0,0,0,0,0
130105,0,1,0,0,0,0,0,0,0,0,0,0
130105,1,1,0,0,0,0,0,9,0,0,0,0
130106,0,1,4,4,4,4,4,4,4,4,4,4
130106,1,1,0,10,0,10,14,12,0,0,0,8
130107,1,1,8,8,8,8,8,8,8,8,8,8
130107,2,1,0,0,8,14,0,5,14,0,0,0
130107,3,1,0,0,35,0,0,0,0,0,0,32
130108,0,1,0,0,0,0,0,0,0,0,0,0
130108,1,1,0,0,0,0,0,0,0,0,0,0
130109,0,1,4,4,4,4,4,4,4,4,4,4
130109,1,1,12,0,0,0,6,6,0,18,13,5
130110,1,1,0,0,0,0,0,0,0,0,9,0
130111,1,1,0,0,0,0,0,0,0,0,0,0
130112,1,1,0,0,0,0,0,0,0,0,0,0
130112,2,1,0,0,0,0,0,0,0,0,0,0
130113,1,1,0,0,0,0,6,0,0,0,0,0
130114,1,1,0,0,0,0,0,0,0,0,0,0
130114,2,1,0,0,0,0,0,0,0,0,0,28
130115,1,1,0,0,0,0,0,0,0,0,0,0
130115,2,1,0,0,0,0,0,0,0,0,0,0
130116,1,1,0,0,0,0,0,0,0,0,0,0
130116,2,1,0,0,0,0,0,0,0,0,16,0
130116,3,1,0,5,0,0,0,0,0,0,0,0
130117,0,1,13,13,13,13,13,13,13,13,13,13
130117,1,1,0,20,0,0,0,0,0,0,0,0
130117,2,1,0,0,0,0,0,0,0,0,0,0
130117,3,1,0,0,0,0,0,0,0,0,0,15
130118,1,1,0,0,0,0,0,0,0,0,0,0
130118,2,1,0,0,0,0,0,0,0,0,0,0
130119,1,1,0,0,0,0,0,0,0,0,0,0
130120,1,1,0,0,0,0,0,0,0,0,0,0
130120,2,1,0,0,0,0,0,0,0,0,0,0
130121,1,1,0,0,0,0,0,0,0,0,0,0
130121,2,1,0,0,0,0,0,0,0,0,0,0
130122,1,1,9,19,0,15,10,4,33,18,13,0
130123,1,1,0,0,0,0,0,0,0,0,6,12
130123,2,1,0,17,0,0,0,0,0,6,0,0
130124,1,1,0,0,0,10,16,25,0,23,0,0
130124,2,1,0,0,0,0,0,0,0,0,0,0
130125,1,1,12,12,12,12,12,12,12,12,12,12
130126,1,1,0,20,0,0,0,0,0,0,0,0
130127,1,1,10,29,13,12,15,0,39,25,34,37
130128,1,1,0,0,15,0,0,0,0,0,0,0
130129,1,1,0,0,0,0,0,0,0,0,0,0
130129,2,1,0,0,0,0,0,0,0,0,0,0
130130,1,1,13,13,13,13,13,13,13,13,13,13
130131,1,1,21,21,14,0,22,0,0,21,18,0
130132,1,1,0,0,0,12,12,23,0,0,26,0
130132,2,1,0,0,11,0,0,0,0,0,0,0
130133,1,1,25,29,14,0,16,16,18,20,0,13
130133,2,1,0,18,25,0,21,0,0,0,11,0
130133,3,1,25,24,9,0,0,16,0,0,3,7
130134,1,1,0,0,0,0,0,0,14,0,0,0
130135,1,1,0,0,0,0,0,0,0,19,0,0
130136,0,1,0,0,0,0,0,0,0,0,0,0
130136,1,1,0,0,0,0,0,0,0,0,0,0
130137,1,1,0,0,8,0,0,0,0,0,0,0
130137,2,1,0,0,0,0,0,0,0,0,22,0
130138,0,1,0,0,0,0,0,0,0,0,0,0
130138,1,1,22,28,13,0,25,27,0,34,0,8
130139,0,1,31,0,0,0,0,0,0,2,16,0
130139,1,1,0,0,0,0,0,0,0,0,26,47
130140,1,1,0,0,8,25,30,13,0,29,0,0
130141,1,1,20,0,0,8,0,27,0,20,10,23
130142,1,1,0,0,0,0,0,0,0,0,0,0
130142,2,1,0,0,0,0,0,0,0,0,0,0
130143,1,1,0,0,0,0,0,0,0,0,0,0
130144,1,1,0,0,0,0,0,10,0,12,0,0
130144,2,1,0,0,25,0,0,0,16,0,12,0
130145,1,1,0,16,0,0,0,0,0,16,13,13
130146,1,1,0,0,0,0,0,0,0,0,0,0
130146,2,1,0,0,0,0,0,0,0,0,0,0
130147,1,1,0,0,0,0,0,0,0,0,0,0
130148,1,1,0,0,0,0,0,0,0,0,0,0
130149,1,1,0,0,0,0,0,0,0,0,0,0
130149,2,1,0,0,0,0,0,0,0,0,0,0
130149,3,1,0,0,0,0,0,0,0,11,0,0
130150,1,1,0,0,0,0,0,0,0,0,0,0
130151,1,1,0,0,0,0,0,0,0,0,0,0
130152,0,1,14,0,0,10,0,0,46,31,0,0
130152,1,1,0,0,0,0,5,0,21,0,0,0
130152,2,1,0,0,0,0,0,0,0,0,0,0
130153,0,1,0,0,0,0,0,0,0,0,0,0
130153,1,1,0,0,0,0,0,0,0,0,0,0
130154,1,1,0,0,0,0,0,0,0,0,0,0
130154,2,1,0,0,0,0,0,19,0,0,0,0
130155,1,1,0,0,0,0,0,0,0,0,0,0
130155,2,1,0,0,0,0,0,0,0,0,0,0
130156,1,1,0,0,0,0,0,11,6,0,0,0
130156,2,1,0,0,0,0,0,0,0,0,0,0
130157,1,1,0,0,0,0,0,0,0,0,0,0
130157,2,1,0,0,0,0,0,0,0,0,0,0
130158,1,1,0,0,0,0,0,0,0,0,0,0
130159,1,1,15,15,15,15,15,15,15,15,15,15
130159,2,1,5,5,5,5,5,5,5,5,5,5
130160,0,1,15,0,5,0,0,32,18,15,20,26
130160,1,1,0,0,0,0,0,0,0,0,0,0
130161,1,1,6,6,6,6,6,6,6,6,6,6
130161,2,1,0,0,0,0,0,0,0,0,0,0
130162,1,1,0,0,0,0,8,0,0,10,0,0
130162,2,1,13,0,0,0,0,0,0,0,0,17
130162,3,1,10,11,5,0,0,0,0,0,14,0
130163,1,1,0,0,25,0,0,0,13,0,0,0
130164,1,1,0,0,0,0,0,10,0,0,0,0
130165,1,1,0,0,0,0,0,0,0,0,0,0
130166,0,1,0,0,0,0,0,0,0,0,0,0
130166,1,1,0,0,0,0,0,0,0,0,0,0
130166,2,1,0,0,0,17,0,0,18,0,0,0
130166,3,1,16,0,0,15,0,0,7,0,0,0
130167,0,1,0,30,0,0,19,26,0,10,0,18
130167,1,1,0,0,0,0,0,0,0,0,0,0
130168,1,1,0,0,0,0,31,0,0,0,0,0
130168,2,1,13,15,10,0,13,0,8,3,10,0
130169,1,1,0,0,0,0,0,0,0,0,0,0
130169,2,1,0,0,0,0,0,0,0,0,0,0
130169,3,1,0,0,0,0,0,0,0,0,0,0
130170,1,1,0,0,0,0,0,0,0,0,0,0
130170,2,1,0,0,0,0,0,0,0,0,0,0
130171,1,1,22,22,22,22,22,22,22,22,22,22
130172,1,1,10,10,10,10,10,10,10,10,10,10
130172,2,1,0,0,0,0,0,0,0,0,0,0
130172,3,1,0,0,0,0,0,0,0,0,0,5
130173,1,1,0,0,0,0,0,0,13,0,5,3
130174,1,1,0,0,0,20,0,0,0,0,0,0
130174,2,1,0,0,0,0,0,21,0,0,0,0
130175,1,1,0,0,0,0,0,0,0,0,0,0
130175,2,1,0,0,0,0,0,0,0,0,0,0
130176,1,1,0,0,0,0,0,0,0,0,0,0
130177,0,1,0,0,0,0,0,0,0,0,0,0
130177,0,2,25,0,22,0,0,0,0,18,19,0
130177,2,1,0,0,0,0,0,0,0,0,0,0
130178,1,1,0,0,0,0,0,0,0,0,0,0
130178,2,1,0,0,0,0,0,0,0,0,0,0
130178,3,1,0,0,0,0,0,0,0,0,0,0
130179,0,1,0,27,14,0,15,15,16,22,16,0
130179,1,1,0,0,0,0,0,0,0,0,0,0
130179,2,1,0,0,0,0,0,0,0,0,0,0
130180,1,1,0,0,0,6,0,0,0,0,4,0
130180,2,1,0,0,0,0,0,0,0,0,0,0
130181,1,1,11,0,5,15,0,0,0,0,14,0
130182,0,1,35,35,35,35,35,35,35,35,35,35
130182,1,1,0,0,22,0,0,0,0,0,0,0
130183,1,1,0,0,0,0,0,0,0,0,43,0
130183,2,1,0,0,0,0,0,0,0,0,10,0
130184,1,1,29,29,29,29,29,29,29,29,29,29
130185,1,1,0,0,0,0,0,17,0,0,0,0
130186,1,1,0,0,0,0,0,0,0,0,0,0
130186,2,1,0,0,0,0,0,0,0,0,0,0
130187,1,1,15,0,0,18,0,0,0,0,19,0
130187,2,1,0,0,0,0,0,0,0,0,0,0
130188,1,1,22,22,22,22,22,22,22,22,22,22
130188,2,1,0,0,0,0,0,0,0,0,0,0
130189,0,1,18,18,18,18,18,18,18,18,18,18
130189,1,1,0,0,0,0,0,0,0,0,0,0
130190,1,1,0,0,0,0,0,0,0,0,0,0
130191,0,1,0,0,0,0,0,0,0,0,0,0
130191,1,1,19,0,0,0,0,0,0,0,0,0
130192,0,1,0,10,0,7,0,0,0,0,0,18
130192,1,1,0,0,0,0,0,0,0,0,0,0
130193,1,1,23,23,23,23,23,23,23,23,23,23
130193,2,1,0,0,0,0,0,0,0,0,0,0
130194,1,1,0,0,0,18,0,0,0,0,0,0
130195,1,1,0,0,0,0,0,0,0,0,0,0
130195,2,1,0,0,0,0,0,0,0,0,0,0
130196,1,1,0,0,0,0,0,0,0,0,0,0
130196,2,1,0,0,0,0,0,0,0,0,0,0
130197,1,1,0,0,0,0,14,0,0,0,0,0
130197,2,1,0,0,0,0,0,0,0,0,0,0
130198,0,1,0,0,0,0,0,0,0,0,0,0
130198,1,1,0,0,0,0,0,0,0,0,0,0
130198,2,1,0,0,0,0,0,0,0,0,0,0
130199,1,1,0,0,0,11,0,0,15,0,0,0
130199,2,1,0,0,0,0,0,22,0,0,0,0
130200,1,1,0,0,0,0,0,0,0,0,0,0
130201,1,1,0,0,12,6,19,15,0,0,0,0
130202,1,1,0,0,0,0,0,0,0,0,0,0
130202,2,1,0,0,0,0,25,0,0,0,0,0
130203,1,1,0,19,30,0,18,0,12,0,21,0
130203,2,1,0,0,0,0,0,0,0,0,0,0
130204,0,1,18,18,18,18,18,18,18,18,18,18
130204,1,1,0,0,0,0,3,0,0,0,8,0
130205,1,1,0,0,18,18,0,19,0,0,0,0
130205,2,1,0,0,0,0,0,0,0,0,0,0
130206,0,1,0,0,0,0,0,0,0,0,0,0
130206,1,1,0,0,0,0,0,0,0,0,0,0
130207,0,1,0,0,0,0,0,0,1,0,0,0
130207,1,1,0,0,0,0,0,0,0,0,0,0
130208,0,1,22,22,22,22,22,22,22,22,22,22
130208,1,1,0,0,0,0,0,0,19,0,0,0
130209,0,1,0,0,0,0,0,0,0,0,0,0
130209,1,1,0,0,0,0,0,0,0,0,0,0
130210,1,1,0,0,0,0,0,0,0,0,39,0
130211,1,1,0,0,0,0,0,0,0,0,0,0
130211,2,1,0,0,0,0,0,0,0,0,0,0
130212,1,1,0,0,0,0,0,0,0,0,0,0
130212,2,1,0,0,0,0,0,0,0,0,0,0
130212,3,1,0,0,0,0,0,0,0,0,0,0
130213,1,1,0,0,0,0,0,0,0,0,0,0
130213,2,1,0,0,0,0,0,0,0,0,0,0
130214,0,1,0,0,0,10,22,20,9,0,0,0
130214,1,1,0,0,4,0,14,13,7,0,0,0
130215,0,1,10,10,10,10,10,10,10,10,10,10
130215,1,1,0,0,0,0,0,20,16,0,0,29
130216,1,1,0,0,0,0,0,0,0,0,0,0
130217,1,1,39,39,39,39,39,39,39,39,39,39
130218,1,1,0,0,0,0,0,0,0,0,0,0
130219,1,1,0,11,21,0,30,16,11,14,13,24
130219,2,1,0,0,0,0,0,0,0,0,0,0
130219,3,1,0,12,21,0,0,18,11,0,0,20
130220,0,1,0,0,0,0,0,0,0,0,0,0
130220,1,1,9,9,9,9,9,9,9,9,9,9
130220,2,1,17,17,17,17,17,17,17,17,17,17
130221,0,1,23,23,23,23,23,23,23,23,23,23
130221,2,1,0,0,0,0,0,0,13,0,6,0
130222,0,1,0,0,14,37,0,22,0,0,0,0
130222,1,1,6,37,6,26,0,0,0,0,0,0
130223,1,1,15,10,34,22,25,13,16,22,0,13
130224,1,1,0,0,0,0,15,0,0,0,30,0
130224,2,1,0,0,0,0,0,0,0,0,0,0
130225,1,1,0,0,0,0,0,0,0,0,0,0
130226,0,1,0,0,0,0,0,0,0,0,0,0
130226,1,1,0,0,0,0,0,0,0,0,0,0
130227,1,1,1,1,1,1,1,1,1,1,1,1
130228,1,1,0,32,0,0,0,0,0,0,0,0
130229,0,1,0,5,4,0,0,1,16,16,0,0
130229,2,1,0,0,0,0,0,0,0,0,0,0
130229,3,1,0,0,0,0,0,0,0,0,0,0
130229,4,1,0,0,0,0,0,0,0,0,0,0
130229,5,1,0,0,0,0,0,0,0,0,0,0
130230,1,1,0,0,0,0,0,0,0,0,0,0
130231,1,1,0,0,20,0,0,0,0,0,0,0
130231,2,1,0,0,0,12,0,0,0,0,0,0
130232,0,1,5,5,5,5,5,5,5,5,5,5
130232,1,1,0,0,0,0,0,0,0,0,0,0
130233,1,1,0,0,0,0,0,0,0,0,0,0
130234,1,1,0,0,0,0,0,0,0,0,0,0
130234,2,1,0,0,0,0,0,0,0,0,0,0
130235,0,1,0,18,0,0,0,9,0,0,0,0
130235,1,1,0,0,0,0,0,0,0,0,0,0
130236,1,1,0,0,0,0,0,0,0,0,0,0
130236,2,1,0,0,0,0,0,6,0,15,0,0
130237,1,1,0,0,0,0,0,0,0,0,0,0
130238,1,1,0,0,0,0,0,0,0,0,0,0
130238,2,1,0,0,0,0,0,0,0,0,0,0
130238,3,1,0,12,0,0,0,0,0,0,0,0
130239,1,1,0,0,0,0,0,0,0,0,0,0
130239,2,1,8,0,0,0,0,0,0,0,0,0
130240,1,1,14,14,14,14,14,14,14,14,14,14
130240,2,1,0,0,0,0,0,0,0,0,0,0
130241,1,1,0,6,0,21,9,0,3,8,0,0
130241,2,1,0,0,0,0,0,22,0,0,0,0
130241,3,1,0,0,0,0,0,0,0,0,0,0
130242,1,1,14,14,14,14,14,14,14,14,14,14
130243,0,1,11,11,11,11,11,11,11,11,11,11
130243,1,1,0,0,0,0,0,0,0,0,0,0
130244,1,1,0,13,14,0,23,0,0,0,0,0
130245,1,1,11,11,11,11,11,11,11,11,11,11
130246,1,1,32,32,32,32,32,32,32,32,32,32
130247,1,1,22,12,13,11,12,22,5,29,0,16
130247,2,1,0,0,0,0,0,0,0,0,0,0
130248,1,1,25,0,0,13,8,16,8,0,10,28
130249,1,1,0,0,0,0,0,0,4,0,0,0
130250,1,1,0,0,0,0,11,0,0,0,0,0
130251,1,1,0,0,0,0,0,0,0,0,0,0
130251,2,1,0,0,0,0,0,0,0,0,0,0
130252,1,1,0,0,0,0,0,0,0,0,0,0
130252,2,1,0,0,0,0,0,0,0,0,0,0
130253,1,1,0,0,0,0,0,0,0,0,0,0
130253,2,1,14,23,0,25,0,16,0,0,0,0
130254,1,1,15,20,0,20,0,0,9,0,16,20
130255,0,1,0,0,0,0,7,21,0,0,0,20
130255,1,1,0,0,0,0,0,0,0,0,0,0
130256,1,1,1,1,1,1,1,1,1,1,1,1
130256,2,1,0,0,0,0,3,0,0,0,0,0
130257,1,1,0,0,0,0,0,0,0,0,0,0
130257,2,1,0,0,0,0,0,0,0,0,0,0
130258,1,1,0,0,0,0,0,0,0,0,0,0
130258,2,1,0,0,0,0,0,0,0,0,0,0
130259,1,1,0,0,0,0,0,0,0,0,0,0
130260,1,1,28,5,5,4,29,12,10,17,17,9
130260,2,1,19,19,19,19,19,19,19,19,19,19
130261,1,1,0,0,0,0,0,0,0,0,0,0
130261,2,1,0,0,0,0,0,0,0,0,0,0
130262,1,1,0,0,0,0,0,0,0,0,0,0
130262,2,1,0,0,0,0,0,0,0,0,0,0
130263,1,1,0,0,0,0,0,0,0,0,0,0
130264,1,1,0,0,0,0,0,0,0,0,0,0
130265,1,1,0,0,0,0,0,0,0,0,0,0
130266,1,1,18,0,0,0,0,0,9,0,0,0
130267,1,1,0,0,0,0,0,0,0,0,0,0
130267,2,1,0,0,0,0,0,9,0,0,0,0
130267,3,1,0,0,0,0,0,0,0,0,23,15
130268,0,1,0,0,0,0,0,0,0,0,0,0
130268,1,1,0,0,0,0,0,0,0,0,0,0
130269,1,1,25,25,25,25,25,25,25,25,25,25
130270,1,1,13,25,16,22,32,9,7,28,12,23
130271,1,1,0,0,0,0,0,0,0,0,0,0
130272,1,1,18,18,18,18,18,18,18,18,18,18
130272,2,1,0,0,0,0,0,0,0,0,0,0
130273,1,1,6,6,6,6,6,6,6,6,6,6
130274,1,1,0,0,0,0,0,0,0,0,0,0
130275,1,1,14,14,15,6,30,6,22,8,21,15
130276,0,1,0,0,0,0,0,0,0,0,0,9
130276,1,1,0,0,0,0,0,0,0,0,0,0
130277,0,1,0,0,0,0,0,0,0,0,0,0
130277,1,1,0,0,0,0,0,0,0,0,0,0
130278,0,1,0,0,17,0,0,0,0,0,0,0
130278,1,1,0,12,0,0,0,0,0,16,13,0
130279,1,1,0,0,0,4,0,0,0,0,12,0
130279,2,1,0,0,0,0,0,0,0,0,0,0
130280,1,1,0,0,0,0,0,0,0,0,0,0
130280,2,1,0,0,0,0,0,0,0,0,0,0
130281,1,1,0,0,0,0,0,0,0,0,0,24
130281,2,1,0,0,0,0,0,0,0,0,19,0
130282,0,1,0,0,0,0,0,0,0,0,0,0
130282,1,1,0,0,0,0,0,0,0,0,0,0
130283,1,1,0,0,0,27,0,0,0,0,0,18
130283,2,1,0,0,0,0,0,0,0,0,0,0
130284,1,1,0,0,0,0,0,0,0,0,0,0
130284,2,1,0,0,0,0,0,0,0,0,0,0
130284,3,1,0,0,0,0,0,0,0,0,0,8
130284,4,1,5,0,0,0,0,0,0,0,0,0
130285,1,1,0,0,0,0,0,0,0,0,0,0
130285,2,1,0,0,0,0,0,0,0,0,0,0
130285,3,1,0,0,0,0,0,0,0,0,0,0
130286,0,1,0,6,0,0,0,0,0,25,0,0
130286,1,1,0,0,0,0,0,0,0,0,0,0
130287,1,1,0,28,0,0,0,0,0,0,0,0
130288,1,1,0,0,0,0,0,0,0,0,0,0
130288,2,1,0,0,0,0,0,0,0,0,0,0
130289,1,1,0,0,0,0,0,0,22,0,0,14
130290,1,1,0,0,0,0,0,0,0,0,0,0
130290,2,1,0,0,0,0,0,0,0,0,0,0
130291,1,1,3,3,3,3,3,3,3,3,3,3
130291,2,1,0,0,0,0,0,0,0,0,0,0
130291,3,1,0,0,0,0,0,0,0,0,0,0
130292,1,1,3,3,3,3,3,3,3,3,3,3
130292,2,1,0,0,0,0,0,0,0,0,0,0
130293,0,1,0,0,0,0,0,0,0,0,0,0
130293,1,1,0,0,0,16,21,0,0,0,34,0
130294,1,1,20,15,0,10,0,0,0,12,0,12
130295,0,1,15,15,15,15,15,15,15,15,15,15
130295,1,1,0,0,0,0,0,0,18,0,0,0
130296,1,1,0,0,0,0,0,0,0,0,0,0
130297,1,1,0,0,0,0,0,0,0,0,0,0
130297,2,1,0,16,0,0,0,0,0,0,0,0
130298,1,1,0,0,0,0,0,0,0,0,0,0
130298,2,1,0,0,0,0,0,0,0,0,0,0
130299,1,1,28,28,28,28,28,28,28,28,28,28
130300,1,1,0,0,0,0,0,0,0,0,0,0
130300,2,1,0,0,0,0,0,0,0,0,0,0
130301,0,1,0,0,0,0,0,0,0,0,0,0
130301,1,1,0,0,0,0,0,0,0,0,0,0
130302,1,1,0,0,0,0,0,0,30,0,23,0
130303,1,1,8,10,0,18,26,0,29,0,10,0
130304,1,1,0,0,0,0,0,0,0,0,0,0
130305,0,1,0,0,0,0,0,0,0,0,0,0
130305,1,1,0,0,0,0,0,0,0,0,0,0
130306,1,1,0,0,0,0,0,0,35,29,8,14
130307,1,1,9,9,9,9,9,9,9,9,9,9
130308,1,1,0,8,0,0,0,0,0,0,0,0
130308,2,1,0,0,0,0,0,6,0,0,0,0
130309,1,1,0,0,0,0,0,0,0,0,0,0
130309,2,1,0,0,0,0,0,0,0,17,12,0
130310,1,1,0,0,0,0,0,0,0,0,0,0
130310,2,1,0,0,0,5,0,0,0,0,0,0
130311,1,1,0,0,21,0,24,0,0,22,0,11
130312,1,1,0,0,0,0,9,34,0,11,0,17
130313,1,1,0,0,0,0,0,0,0,0,0,0
130314,1,1,0,0,0,24,0,0,0,0,0,0
130314,2,1,0,0,29,9,0,0,0,0,46,0
130314,3,1,0,0,0,0,0,0,0,0,0,0
130315,0,1,0,0,0,7,7,0,28,18,0,0
130315,1,1,0,0,0,0,0,0,0,0,0,0
130316,1,1,15,0,0,0,0,0,0,0,0,36
130317,0,1,0,0,11,0,0,0,3,0,0,0
130317,1,1,0,0,19,0,0,0,7,0,0,0
130318,1,1,0,0,0,0,0,0,0,0,0,0
130318,2,1,0,0,0,0,0,0,0,14,0,0
130318,3,1,0,0,0,0,0,0,0,0,14,0
130319,0,1,0,0,0,0,0,0,0,0,0,0
130319,1,1,0,0,0,0,0,0,0,0,0,0
130320,1,1,19,19,19,19,19,19,19,19,19,19
130320,2,1,0,0,0,0,0,0,0,0,0,0
130322,1,1,12,12,12,12,12,12,12,12,12,12
130323,1,1,0,0,0,0,0,0,0,0,0,0
130323,2,1,0,0,0,0,0,0,0,0,0,0
130323,3,1,0,0,0,0,0,0,0,0,0,0
130323,4,1,0,0,0,0,0,0,0,0,0,0
130324,1,1,0,0,0,0,0,0,0,0,0,0
130324,2,1,0,0,0,0,0,0,0,0,0,0
130325,1,1,0,0,0,0,0,0,6,0,0,0
130325,2,1,0,14,3,0,0,0,0,0,0,0
130326,1,1,0,0,0,0,0,0,0,0,0,0
130326,2,1,11,11,11,11,11,11,11,11,11,11
130327,1,1,9,9,9,9,9,9,9,9,9,9
130328,0,1,22,22,22,22,22,22,22,22,22,22
130328,1,1,0,0,0,0,0,0,0,0,0,0
130329,1,1,0,0,0,0,0,0,0,0,0,0
130329,2,1,0,0,0,0,0,0,0,0,0,0
130330,1,1,16,16,16,16,16,16,16,16,16,16
130330,2,1,0,0,0,0,0,0,8,0,0,0
130331,1,1,2,2,2,2,2,2,2,2,2,2
130331,2,1,0,0,0,0,0,0,0,0,0,0
130332,1,1,20,20,20,20,20,20,20,20,20,20
130333,1,1,3,3,3,3,3,3,3,3,3,3
130334,1,1,0,0,0,0,0,0,0,0,0,0
130335,1,1,19,19,19,19,19,19,19,19,19,19
130335,2,1,0,0,0,0,0,0,0,0,0,0
130336,1,1,2,2,2,2,2,2,2,2,2,2
130337,0,1,8,8,8,8,8,8,8,8,8,8
130337,1,1,0,16,0,0,13,0,0,0,0,14
130338,0,1,0,0,0,0,0,0,0,0,0,0
130338,1,1,18,0,0,14,13,0,9,0,0,0
130339,0,1,0,0,13,12,0,4,0,0,38,23
130339,1,1,0,0,0,0,17,0,18,0,0,0
130340,1,1,0,14,0,22,0,0,25,0,0,0
130340,2,1,0,0,0,0,0,0,0,0,0,0
130341,1,1,0,0,0,0,0,0,0,0,0,0
130342,0,1,24,24,24,24,24,24,24,24,24,24
130342,1,1,0,0,0,0,0,0,0,0,0,0
130343,1,1,0,0,0,0,0,0,0,0,0,0
130343,2,1,0,0,10,0,0,0,0,0,0,0
130344,1,1,0,0,0,0,0,0,0,0,0,0
130344,2,1,0,0,0,0,0,0,0,0,0,0
130345,1,1,0,0,0,0,0,0,0,0,0,0
130346,1,1,0,0,0,0,0,0,0,0,0,0
130347,1,1,0,0,0,0,0,0,0,0,0,0
130347,2,1,0,0,0,0,0,0,0,0,0,0
130348,1,1,0,0,0,0,0,0,0,0,0,0
130348,2,1,0,0,0,0,0,0,0,0,0,0
130349,1,1,0,0,0,0,0,0,0,0,0,0
130350,1,1,0,0,0,0,0,0,0,0,0,0
130350,2,1,0,0,0,0,0,0,0,0,0,0
130351,1,1,0,0,15,0,0,0,0,0,0,0
130351,2,1,0,0,0,0,0,0,0,0,0,0
130352,0,1,0,0,0,0,0,0,0,0,0,0
130352,1,1,0,0,0,0,0,0,0,0,0,0
130353,1,1,0,0,0,0,0,0,0,0,0,0
130354,1,1,0,0,0,0,0,0,0,0,0,0
130354,2,1,0,0,0,0,0,0,0,0,0,0
130355,1,1,0,0,0,0,0,0,0,0,0,0
130355,2,1,0,0,0,0,0,0,0,0,0,0
130355,3,1,0,0,0,0,0,0,0,0,0,0
130356,0,1,0,0,0,0,0,21,0,0,0,0
130356,1,1,7,0,0,0,0,0,0,0,0,0
130357,1,1,21,0,0,0,0,9,0,0,0,6
130357,2,1,0,0,26,0,0,0,0,0,0,0
130358,1,1,14,32,29,11,0,34,0,26,0,24
130359,1,1,0,0,0,0,29,0,0,0,0,0
130359,2,1,0,0,0,0,0,0,0,0,0,0
130360,1,1,0,0,0,0,0,0,0,0,0,0
130360,2,1,0,0,0,0,0,0,0,11,0,0
130361,1,1,0,0,0,0,0,0,38,0,16,20
130361,2,1,0,11,8,0,0,0,0,0,11,0
130361,3,1,12,0,0,19,2,0,0,0,0,0
130362,0,1,0,0,0,5,0,0,0,5,0,0
130362,1,1,0,0,0,0,0,0,0,0,0,0
130363,0,1,18,11,34,12,4,39,8,19,14,10
130363,1,1,0,18,0,0,0,0,0,0,0,0
130364,1,1,0,0,0,0,0,0,0,0,0,0
130364,2,1,0,0,0,0,0,0,0,0,0,0
130365,1,1,0,0,0,0,0,0,0,0,0,0
130365,2,1,0,0,0,0,0,0,0,0,0,0
130366,0,1,35,35,35,35,35,35,35,35,35,35
130366,1,1,0,0,0,0,0,0,0,0,0,0
130367,1,1,0,0,0,0,0,0,0,0,0,0
130367,2,1,0,0,0,0,0,0,0,0,0,0
130368,1,1,0,0,0,0,0,0,0,0,0,0
130369,1,1,10,10,10,10,10,10,10,10,10,10
130370,1,1,0,0,0,0,0,0,0,0,0,0
130370,2,1,21,0,0,0,0,0,0,0,0,0
130371,1,1,0,0,0,0,0,0,0,0,0,0
130372,1,1,0,0,0,0,0,0,0,0,0,0
130373,1,1,0,0,0,0,0,0,0,0,0,0
130373,2,1,0,0,0,0,0,0,0,0,0,0
130373,3,1,0,0,0,0,0,0,0,0,0,0
130373,4,1,0,0,0,0,0,0,0,0,0,0
130373,5,1,0,0,0,0,0,0,0,12,0,0
130374,0,1,0,0,0,0,0,0,0,0,0,0
130374,1,1,0,0,0,0,0,0,0,0,0,0
130375,1,1,0,0,24,0,0,0,0,0,0,0
130375,2,1,0,0,0,0,0,0,0,0,0,0