ST_CASE,VEH_NO,PER_NO,P1,P2,P3,P4,P5,P6,P7,P8,P9,P10
160052,1,1,15,15,15,15,15,15,15,15,15,15
160053,1,1,0,0,0,0,0,0,0,0,0,0
160053,2,1,0,0,0,0,0,0,0,0,0,0
160054,1,1,0,0,0,0,0,0,0,0,0,0
160054,2,1,0,0,0,0,0,0,0,0,0,0
160054,3,1,0,0,0,0,0,0,0,0,0,0
160054,4,1,0,0,0,0,0,0,0,0,0,0
160054,5,1,0,0,0,0,0,0,0,0,0,0
160054,6,1,0,13,0,0,0,0,0,0,0,0
160054,7,1,0,0,0,0,0,0,0,0,0,0
160055,1,1,0,0,0,0,0,0,0,0,0,0
160055,2,1,0,0,0,0,0,0,0,0,0,0
160056,1,1,0,0,0,0,0,0,0,0,0,0
160057,1,1,11,11,11,11,11,11,11,11,11,11
160058,1,1,0,0,0,0,0,0,0,0,0,0
160059,1,1,16,16,16,16,16,16,16,16,16,16
160059,2,1,0,0,0,0,0,0,0,0,0,0
160060,0,1,0,0,0,0,0,0,0,0,0,0
160060,1,1,0,0,0,0,0,0,0,0,0,0
160061,1,1,15,15,15,15,15,15,15,15,15,15
160062,0,1,0,0,0,0,0,0,0,0,0,0
160062,1,1,0,0,0,0,0,0,0,0,0,0
160063,1,1,0,0,0,0,0,0,0,0,0,0
160063,2,1,0,0,0,0,19,0,0,0,0,0
160064,1,1,0,0,0,0,0,0,0,0,0,0
160065,1,1,0,0,0,0,0,0,0,0,0,0
160066,1,1,15,15,15,15,15,15,15,15,15,15
160067,1,1,0,0,0,0,0,0,0,0,0,0
160068,1,1,0,0,0,0,0,25,0,0,0,0
160068,2,1,0,0,0,0,0,0,0,0,0,0
160069,1,1,0,0,0,0,0,0,0,0,0,0
160070,1,1,0,0,0,0,0,0,0,0,0,0
160071,1,1,0,0,0,0,0,0,4,0,0,0
160071,2,1,0,0,0,0,0,0,0,0,0,0
160072,1,1,18,18,18,18,18,18,18,18,18,18
160073,1,1,0,0,0,0,0,0,0,0,0,0
160074,1,1,21,5,21,29,6,14,19,16,12,24
160075,1,1,17,17,17,17,17,17,17,17,17,17
160076,1,1,0,0,0,0,0,0,0,0,0,0
160077,1,1,19,19,19,19,19,19,19,19,19,19
160078,1,1,0,0,0,0,0,0,0,0,0,0
160079,1,1,0,0,0,0,0,0,0,0,21,0
160079,2,1,0,0,0,0,0,0,0,0,0,0
160080,1,1,0,0,0,0,0,0,0,0,0,0
160081,1,1,0,0,0,0,0,0,0,0,0,0
160081,2,1,0,0,0,0,0,0,0,0,0,0
160082,1,1,0,0,0,0,0,0,0,0,0,0
160083,1,1,7,7,7,7,7,7,7,7,7,7
160083,2,1,0,8,0,0,0,0,0,0,0,0
160084,1,1,0,0,0,0,0,0,0,0,0,0
160084,2,1,0,0,0,0,0,0,0,0,0,0
160085,1,1,0,0,0,0,0,0,0,0,0,0
160085,2,1,0,0,0,15,0,0,0,0,0,0
160086,0,1,0,0,0,0,0,0,0,0,0,0
160086,1,1,0,0,0,0,0,0,0,0,0,0
160087,1,1,18,18,18,18,18,18,18,18,18,18
160088,1,1,18,18,18,18,18,18,18,18,18,18
160089,1,1,21,0,0,0,0,0,0,0,0,25
160090,1,1,0,0,0,0,0,0,0,0,0,0
160090,2,1,0,0,0,0,0,0,0,0,0,0
160091,1,1,0,0,0,0,0,0,0,0,0,0
160092,1,1,0,0,0,0,0,0,0,0,0,0
160092,2,1,0,0,0,0,0,0,0,0,0,0
160092,3,1,0,0,0,0,0,0,0,0,0,0
160093,1,1,0,0,0,0,0,0,0,0,0,0
160094,1,1,28,28,28,28,28,28,28,28,28,28
160094,2,1,0,0,0,0,0,0,0,0,0,0
160095,1,1,0,0,0,0,0,0,0,0,0,0
160095,2,1,0,0,0,0,0,0,0,0,0,0
160096,1,1,0,0,0,0,0,0,0,0,0,0
160096,2,1,0,0,0,0,0,0,0,0,0,0
160097,1,1,12,12,12,12,12,12,12,12,12,12
160098,1,1,0,0,0,0,0,0,0,0,0,0
160098,2,1,0,0,0,0,0,0,0,0,0,0
160099,1,1,0,0,0,0,0,0,0,0,0,0
160099,2,1,0,0,0,0,0,0,0,0,0,0
160100,1,1,22,22,22,22,22,22,22,22,22,22
160101,1,1,24,24,24,24,24,24,24,24,24,24
160101,2,1,0,0,0,0,0,0,0,0,0,0
160101,3,1,0,0,0,0,0,0,0,0,0,0
160102,1,1,0,0,0,0,0,0,0,0,0,0
160102,2,1,0,0,0,0,0,0,0,0,0,0
160102,3,1,0,0,0,0,0,0,0,0,0,0
160103,1,1,0,0,0,0,0,0,0,0,0,0
160103,2,1,0,0,0,0,0,0,0,0,0,0
160104,1,1,35,0,0,0,0,23,27,0,0,0
160105,1,1,16,16,16,16,16,16,16,16,16,16
160107,1,1,18,18,18,18,18,18,18,18,18,18
160108,1,1,4,4,4,4,4,4,4,4,4,4
160108,2,1,0,0,0,0,0,0,0,0,0,0
160109,1,1,0,0,0,0,0,0,0,0,0,0
160109,2,1,0,0,0,0,0,0,0,0,0,0
160110,1,1,0,0,0,0,0,0,0,0,0,0
160111,1,1,0,0,0,0,0,0,0,0,0,0
160112,1,1,0,0,0,0,14,0,9,0,0,0
160113,1,1,0,0,0,0,0,0,0,0,0,0
160114,1,1,16,0,8,19,30,0,4,12,19,15
160115,1,1,0,0,0,0,0,0,0,0,0,0
160115,2,1,0,0,0,0,0,0,0,0,0,0
160116,1,1,23,23,23,23,23,23,23,23,23,23
160117,1,1,17,17,17,17,17,17,17,17,17,17
160118,1,1,4,4,4,4,4,4,4,4,4,4
160118,2,1,0,0,0,0,0,0,0,0,0,0
160119,1,1,0,0,0,0,0,0,0,0,0,0
160119,2,1,0,0,0,0,0,0,0,0,0,0
160120,1,1,0,0,0,0,0,0,0,0,0,0
160121,1,1,0,0,0,0,0,0,0,0,0,0
160122,1,1,0,0,0,0,0,0,0,0,0,0
160122,2,1,0,0,0,0,0,0,0,0,0,0
160123,1,1,0,0,0,0,0,0,0,0,0,0
160124,1,1,0,0,0,0,0,0,0,0,0,0
160125,1,1,19,19,19,19,19,19,19,19,19,19
160125,2,1,0,0,0,0,0,0,0,0,0,0
160126,1,1,0,0,0,0,0,0,0,0,0,0
160126,2,1,0,0,0,0,0,0,0,0,0,0
160127,1,1,0,0,0,0,26,0,0,0,0,0
160128,1,1,0,0,0,0,0,0,0,0,0,0
160128,2,1,0,0,0,0,0,0,0,0,0,0
160129,1,1,0,0,0,0,0,0,0,0,0,0
160130,0,1,42,0,0,0,0,0,0,0,0,0
160130,1,1,0,0,0,0,0,4,0,0,0,0
160131,1,1,32,32,32,32,32,32,32,32,32,32
160131,2,1,0,0,0,0,0,0,0,0,0,0
160132,0,1,0,0,0,0,0,0,0,0,0,0
160132,0,2,0,0,0,0,0,0,0,0,0,0
160132,1,1,0,0,0,0,29,0,0,0,0,0
160133,1,1,0,0,0,0,0,0,0,0,0,0
160133,2,1,0,0,0,0,0,0,0,0,0,0
160133,3,1,0,0,0,0,0,0,0,0,0,0
160134,1,1,0,0,0,0,0,0,0,0,0,0
160134,2,1,0,0,0,0,6,0,0,0,0,0
160135,1,1,31,31,31,31,31,31,31,31,31,31
160136,1,1,14,14,14,14,14,14,14,14,14,14
160137,1,1,1,1,1,1,1,1,1,1,1,1
160137,2,1,0,0,0,0,0,0,0,0,0,0
160138,1,1,0,0,0,0,0,0,0,0,0,0
160138,2,1,0,0,0,0,0,0,0,0,0,0
160139,0,1,0,0,0,0,0,0,0,0,0,0
160139,1,1,0,0,0,0,0,0,0,0,0,0
160140,1,1,0,0,0,0,0,0,0,0,0,0
160140,2,1,0,0,0,0,0,0,0,0,0,0
160141,1,1,0,0,0,0,8,15,0,0,0,0
160141,2,1,0,0,0,0,0,0,0,0,0,0
160141,3,1,0,7,24,0,0,0,0,0,0,0
160142,1,1,9,9,9,9,9,9,9,9,9,9
160143,1,1,18,6,15,27,17,13,15,13,14,12
160144,1,1,0,0,0,0,0,0,0,0,0,0
160145,1,1,0,0,0,0,0,0,0,0,0,0
160146,1,1,0,0,0,0,0,0,0,0,0,0
160146,2,1,0,0,0,0,0,0,0,0,0,0
160147,1,1,0,0,0,0,0,0,0,0,0,0
160147,2,1,0,0,0,0,0,0,0,0,0,0
160148,1,1,19,19,19,19,19,19,19,19,19,19
160149,1,1,38,38,38,38,38,38,38,38,38,38
160150,1,1,35,35,35,35,35,35,35,35,35,35
160151,1,1,20,20,20,20,20,20,20,20,20,20
160152,0,1,0,0,0,0,18,0,0,0,0,0
160152,1,1,0,0,0,0,0,0,0,0,0,0
160153,1,1,24,20,9,9,10,16,18,11,20,13
160154,1,1,17,17,17,17,17,17,17,17,17,17
160154,2,1,0,0,0,0,0,0,0,0,0,0
160155,1,1,0,0,0,0,0,0,0,0,0,0
160156,1,1,0,0,0,0,0,0,0,0,0,0
160157,1,1,0,0,0,0,0,0,0,0,0,0
160157,2,1,0,0,0,0,0,0,0,0,0,0
160158,1,1,0,0,0,0,0,0,0,0,0,0
160158,2,1,0,0,0,0,0,0,0,0,0,13
160158,3,1,0,0,0,0,0,0,0,0,0,0
160159,1,1,0,0,0,0,0,0,0,0,0,0
160160,1,1,18,18,18,18,18,18,18,18,18,18
160161,1,1,0,0,0,0,0,0,0,0,0,0
160161,2,1,0,0,0,0,0,0,0,0,0,0
160161,3,1,0,0,0,0,0,0,0,0,0,0
160162,1,1,0,0,0,0,0,0,0,0,0,0
160163,0,1,0,0,0,0,0,0,0,0,0,0
160163,1,1,22,0,0,0,7,0,0,0,0,0
160164,1,1,17,17,17,17,17,17,17,17,17,17
160165,0,1,0,0,0,0,0,0,0,0,0,21
160165,0,2,14,0,13,0,0,17,0,0,0,0
160165,1,1,0,0,0,0,0,0,0,0,0,0
160166,1,1,18,18,18,18,18,18,18,18,18,18
160167,1,1,12,12,12,12,12,12,12,12,12,12
160167,3,1,0,0,13,0,0,0,0,0,0,0
160168,1,1,21,21,21,21,21,21,21,21,21,21
160169,1,1,0,0,0,0,0,0,0,0,0,0
160169,2,1,0,0,0,0,0,0,0,0,0,0
160170,1,1,0,0,0,0,0,0,0,0,0,0
160170,2,1,0,0,0,0,0,0,0,0,0,0
160170,3,1,0,0,0,0,0,0,0,0,0,0
160170,4,1,0,0,0,0,0,0,0,0,0,0
160170,5,1,0,0,0,0,0,0,0,0,0,0
160171,1,1,11,11,11,11,11,11,11,11,11,11
160172,1,1,0,0,0,0,0,0,0,0,0,0
160173,0,1,5,5,5,5,5,5,5,5,5,5
160173,1,1,0,0,0,0,0,0,0,0,0,0
160174,1,1,0,0,0,0,0,0,0,0,0,0
160174,2,1,0,0,20,0,0,0,0,0,0,0
160175,1,1,0,0,0,0,0,0,0,0,0,0
160175,2,1,0,0,0,0,0,0,0,0,0,0
160176,1,1,0,0,0,0,0,0,0,0,0,0
160176,2,1,0,0,0,0,0,0,0,0,0,0
160176,3,1,0,0,0,0,0,0,0,0,0,0
160177,1,1,18,0,0,0,0,15,0,0,0,0
160178,1,1,11,11,11,11,11,11,11,11,11,11
160178,2,1,0,0,0,0,0,0,0,0,0,0
160179,1,1,0,0,0,0,0,0,0,0,0,0
160179,2,1,0,0,0,0,22,0,0,0,0,0
160180,1,1,32,32,32,32,32,32,32,32,32,32
160181,1,1,0,0,0,0,0,0,0,0,0,0
160182,1,1,17,0,0,0,0,0,0,0,0,0
160183,1,1,0,0,0,0,0,0,0,0,0,0
160183,2,1,0,0,0,0,0,0,0,0,0,0
160184,1,1,9,9,9,9,9,9,9,9,9,9
160184,2,1,0,0,0,0,0,0,0,0,0,0
160185,1,1,0,0,0,0,0,0,11,19,0,0
160185,2,1,0,0,0,0,0,0,0,0,8,0
160186,1,1,0,0,0,0,0,0,0,0,0,0
160186,2,1,0,0,0,0,0,0,6,0,0,0
160187,1,1,11,23,11,22,18,25,14,18,29,12
160188,1,1,0,0,0,0,0,0,0,0,0,0
160188,2,1,0,0,0,0,0,0,0,0,0,0
160189,1,1,0,0,0,0,0,0,0,0,0,0
160190,1,1,15,15,15,15,15,15,15,15,15,15
160191,0,1,24,24,24,24,24,24,24,24,24,24
160191,1,1,0,0,0,0,0,0,0,0,0,0
160192,0,1,0,0,0,0,0,0,0,0,0,0
160192,1,1,0,0,0,0,0,0,0,0,0,0
160192,2,1,0,0,10,0,0,0,0,0,0,0
160193,1,1,17,17,17,17,17,17,17,17,17,17
160193,2,1,0,0,0,0,0,0,0,0,0,0
160194,1,1,0,0,0,0,0,0,0,0,0,0
160194,2,1,0,0,0,0,0,0,0,0,0,0
160195,1,1,0,0,0,0,0,0,0,0,0,0
160195,2,1,0,5,0,0,0,0,0,0,0,0
160196,1,1,23,23,23,23,23,23,23,23,23,23
160197,1,1,0,0,0,0,0,0,0,0,0,0
160197,2,1,0,0,0,0,0,0,0,0,0,0
160198,1,1,2,2,2,2,2,2,2,2,2,2
160199,1,1,8,0,0,20,0,13,32,14,13,0
160200,1,1,3,3,3,3,3,3,3,3,3,3
160201,0,1,0,0,0,0,0,0,0,0,0,0
160201,1,1,0,0,0,0,0,0,14,0,0,0
160202,1,1,10,10,10,10,10,10,10,10,10,10
170001,1,1,0,0,0,0,0,0,0,0,0,0
170001,2,1,0,0,0,0,0,0,0,0,0,0
170002,1,1,14,14,14,14,14,14,14,14,14,14
170003,1,1,0,0,0,0,0,0,0,0,0,0
170003,2,1,0,0,0,0,0,0,0,0,0,0
170005,1,1,0,0,0,0,0,0,0,0,0,0
170005,2,1,0,0,0,0,0,0,0,0,0,0
170006,1,1,0,0,0,0,0,0,0,0,0,0
170006,2,1,0,0,0,27,0,0,0,17,0,0
170007,1,1,17,17,17,17,17,17,17,17,17,17
170008,1,1,0,0,0,0,0,0,0,0,0,0
170009,0,1,39,39,39,39,39,39,39,39,39,39
170009,1,1,0,0,0,0,0,0,0,0,0,0
170010,0,1,24,24,24,24,24,24,24,24,24,24
170010,1,1,0,0,0,0,0,0,0,0,0,0
170011,1,1,8,25,0,0,0,0,5,0,0,23
170011,2,1,0,0,0,9,9,6,16,0,0,4
170012,1,1,0,0,0,0,0,0,0,0,0,0
170012,2,1,0,0,0,0,0,0,0,0,0,0
170013,1,1,0,0,0,0,0,0,0,0,0,0
170014,1,1,0,0,0,0,0,0,0,0,0,0
170014,2,1,0,0,0,0,0,0,0,0,0,0
170015,1,1,0,0,0,0,0,0,0,0,0,0
170015,2,1,0,0,0,0,0,0,0,0,0,0
170016,0,1,18,4,0,0,34,14,32,30,0,0
170016,1,1,0,0,0,0,0,0,0,0,0,0
170017,0,1,0,0,0,0,0,0,0,0,0,0
170017,1,1,0,0,0,0,0,0,0,0,16,0
170018,1,1,0,0,0,0,0,0,0,0,0,0
170018,2,1,0,0,0,31,0,0,0,0,0,0
170019,1,1,0,0,0,0,0,0,0,0,0,0
170019,2,1,0,0,0,0,0,0,0,0,0,0
170020,1,1,15,15,15,15,15,15,15,15,15,15
170021,1,1,0,0,0,0,0,0,0,0,0,0
170021,2,1,0,18,9,13,0,0,0,0,27,28
170022,1,1,0,0,0,0,0,0,0,0,0,0
170022,2,1,0,0,0,0,0,0,0,0,0,0
170023,0,1,0,0,0,0,0,0,0,0,0,0
170023,1,1,0,0,0,0,13,0,22,11,0,0
170024,0,1,0,0,0,0,0,0,0,0,0,0
170024,1,1,0,0,0,0,0,0,0,0,0,0
170025,1,1,21,21,21,21,21,21,21,21,21,21
170025,2,1,0,19,0,23,0,0,0,0,10,0
170026,0,1,21,21,21,21,21,21,21,21,21,21
170026,1,1,0,0,0,0,0,0,0,0,0,0
170027,1,1,0,0,12,0,0,0,0,27,0,0
170027,2,1,0,0,0,0,0,0,0,0,0,0
170028,0,1,17,0,12,13,0,0,0,0,0,0
170028,1,1,0,0,0,0,0,0,0,0,0,0
170029,1,1,0,0,0,0,0,0,20,17,0,0
170029,2,1,0,0,0,0,0,0,0,0,0,0
170030,1,1,0,0,0,0,0,0,0,0,0,0
170031,1,1,0,0,0,0,0,0,0,0,0,0
170031,2,1,0,0,0,0,0,0,0,0,0,0
170031,3,1,0,0,0,0,0,0,0,0,0,0
170031,4,1,0,0,36,0,0,0,0,0,0,0
170032,1,1,4,13,19,21,9,8,36,18,9,6
170032,2,1,3,3,3,3,3,3,3,3,3,3
170033,1,1,0,0,0,0,0,0,0,0,0,0
170033,2,1,0,0,0,0,0,0,0,0,0,0
170034,0,1,0,0,0,0,0,0,0,0,0,0
170034,1,1,0,0,0,0,0,0,0,0,0,0
170035,0,1,27,27,27,27,27,27,27,27,27,27
170035,1,1,27,5,0,20,0,18,0,0,0,0
170036,1,1,25,0,0,0,0,0,0,0,21,0
170036,2,1,21,21,21,21,21,21,21,21,21,21
170037,1,1,10,10,10,10,10,10,10,10,10,10
170037,2,1,0,0,0,0,0,0,0,0,0,0
170038,1,1,11,11,11,11,11,11,11,11,11,11
170039,1,1,0,0,0,0,0,0,0,0,0,0
170039,2,1,0,0,0,0,0,0,0,0,0,0
170040,1,1,24,27,21,16,5,17,7,7,31,0
170041,1,1,0,0,0,0,0,0,0,0,0,0
170041,2,1,0,0,0,0,0,0,0,0,0,0
170041,3,1,0,0,0,0,0,0,0,0,0,0
170042,1,1,0,0,0,0,0,0,0,0,0,0
170043,0,1,0,0,0,0,0,0,0,0,0,0
170043,1,1,0,0,0,0,0,0,0,0,0,0
170044,1,1,20,24,25,25,37,12,20,9,17,14
170045,0,1,16,0,0,0,16,0,13,22,0,0
170045,1,1,18,0,0,0,0,0,10,0,0,7
170047,1,1,0,0,0,0,0,0,0,0,0,0
170047,2,1,0,0,0,0,0,0,0,0,0,0
170048,1,1,0,0,0,0,0,0,0,0,0,0
170048,2,1,0,0,0,0,0,0,0,0,0,0
170049,1,1,0,0,0,0,0,0,0,0,0,0
170049,2,1,0,0,0,0,0,0,0,0,0,0
170050,1,1,0,0,0,0,0,0,0,0,0,0
170051,1,1,0,0,0,0,0,0,0,0,0,0
170051,2,1,0,0,0,0,0,0,0,0,0,0
170051,3,1,0,0,0,0,0,0,0,0,0,0
170052,1,1,0,0,0,0,0,0,0,0,0,0
170052,2,1,0,0,0,0,0,0,0,9,19,0
170053,0,1,0,0,0,0,0,0,0,0,0,0
170053,1,1,0,0,0,0,0,0,0,0,0,2
170054,1,1,24,24,16,0,0,0,0,26,21,0
170055,1,1,0,0,0,0,0,0,0,0,0,0
170055,2,1,0,0,0,0,0,0,0,0,0,0
170056,0,1,12,12,12,12,12,12,12,12,12,12
170056,1,1,3,9,37,17,16,20,3,14,13,17
170057,1,1,0,0,0,0,0,0,0,0,0,0
170058,0,1,0,0,0,0,0,0,0,0,0,0
170058,1,1,16,16,16,16,16,16,16,16,16,16
170059,1,1,7,7,7,7,7,7,7,7,7,7
170059,2,1,0,0,0,0,0,0,0,0,0,0
170060,1,1,0,0,0,0,0,0,0,0,0,0
170061,0,1,0,0,0,0,0,0,0,0,0,0
170061,1,1,0,0,0,0,0,0,0,0,0,0
170062,1,1,0,0,0,0,0,0,0,0,0,0
170062,2,1,0,0,0,0,0,0,0,0,0,0
170063,1,1,40,40,40,40,40,40,40,40,40,40
170063,2,1,0,0,0,0,0,0,0,4,0,0
170064,1,1,16,16,16,16,16,16,16,16,16,16
170065,1,1,0,0,0,0,0,0,0,0,0,0
170065,2,1,0,0,0,0,0,0,0,0,0,0
170066,1,1,17,17,17,17,17,17,17,17,17,17
170067,1,1,0,0,0,0,0,0,0,0,0,0
170068,1,1,0,0,0,0,0,0,0,0,0,0
170069,1,1,0,0,0,0,0,0,0,0,0,0
170069,2,1,0,0,0,0,0,0,0,0,0,0
170070,1,1,0,0,0,0,0,0,0,0,0,0
170070,2,1,0,0,0,0,0,0,0,0,0,0
170071,1,1,0,0,0,0,0,0,0,0,0,0
170071,2,1,0,0,0,0,0,0,0,0,0,0
170072,1,1,0,0,20,0,11,0,0,0,0,0
170073,1,1,0,0,0,0,0,0,0,0,0,0
170073,2,1,0,0,0,0,0,0,0,0,0,0
170074,0,1,0,0,0,16,0,0,0,0,0,0
170074,1,1,0,0,0,0,0,0,0,0,0,0
170075,0,1,15,5,24,6,15,35,20,15,11,0
170075,1,1,12,12,12,12,12,12,12,12,12,12
170076,1,1,15,15,15,15,15,15,15,15,15,15
170077,1,1,0,0,0,0,0,0,0,0,0,0
170077,2,1,0,0,0,0,0,0,0,0,0,0
170078,1,1,9,9,9,9,9,9,9,9,9,9
170079,1,1,0,0,0,0,0,0,0,0,0,0
170080,1,1,0,0,0,0,0,0,0,0,0,0
170080,2,1,0,0,0,0,0,0,0,0,0,0
170081,1,1,0,0,0,0,0,0,0,0,0,0
170082,1,1,0,0,0,0,0,0,0,0,0,0
170082,2,1,13,0,0,0,18,0,17,11,0,0
170083,1,1,0,0,0,0,0,0,0,0,0,0
170083,2,1,24,24,24,24,24,24,24,24,24,24
170084,1,1,0,0,0,0,0,0,0,0,0,0
170085,1,1,0,0,0,0,0,0,0,0,0,0
170086,0,1,0,0,0,0,0,0,0,0,0,0
170086,1,1,0,0,0,0,0,0,0,0,0,0
170087,1,1,0,0,0,0,0,0,0,0,0,0
170087,2,1,0,0,0,0,0,0,0,0,0,0
170088,1,1,15,15,15,15,15,15,15,15,15,15
170089,1,1,12,12,12,12,12,12,12,12,12,12
170090,1,1,0,0,0,0,2,0,0,0,0,0
170090,2,1,0,0,0,0,0,0,0,0,0,0
170091,1,1,28,28,28,28,28,28,28,28,28,28
170092,1,1,0,0,0,33,0,0,0,0,0,0
170092,2,1,0,0,0,0,0,0,0,0,0,0
170093,1,1,15,15,15,15,15,15,15,15,15,15
170094,0,1,0,0,0,0,0,0,0,0,0,0
170094,1,1,0,0,0,0,0,0,0,0,0,0
170095,1,1,3,3,3,3,3,3,3,3,3,3
170095,2,1,0,0,0,0,0,0,0,0,0,0
170096,0,1,0,0,0,0,0,0,0,0,0,0
170096,1,1,29,29,29,29,29,29,29,29,29,29
170097,1,1,0,0,0,0,0,0,0,0,0,0
170098,0,1,0,0,0,0,0,0,0,0,0,0
170098,1,1,0,0,0,0,0,0,0,0,0,0
170099,1,1,0,0,0,0,0,0,0,0,0,0
170100,1,1,0,0,0,0,0,0,0,0,0,0
170100,2,1,0,0,0,0,0,0,0,0,0,0
170101,0,1,6,6,6,6,6,6,6,6,6,6
170101,1,1,0,0,0,0,0,0,0,0,0,0
170102,1,1,0,0,0,0,0,0,0,0,0,0
170103,1,1,34,34,34,34,34,34,34,34,34,34
170104,1,1,0,0,0,0,0,0,0,0,0,0
170104,2,1,0,0,0,0,0,0,0,0,0,0
170105,0,1,0,0,0,0,0,0,0,0,0,0
170105,1,1,0,0,0,0,0,0,0,0,0,0
170106,0,1,24,19,0,26,0,0,4,0,8,35
170106,1,1,0,0,0,0,0,0,0,0,0,0
170107,1,1,0,0,0,0,23,0,0,8,0,0
170108,0,1,0,0,0,0,0,0,0,0,0,0
170108,1,1,0,0,16,0,0,0,0,0,0,0
170109,1,1,0,0,0,0,0,0,0,0,0,0
170110,1,1,0,0,8,4,0,0,0,0,40,0
170110,2,1,0,0,0,0,0,0,0,0,0,0
170111,1,1,12,12,12,12,12,12,12,12,12,12
170112,1,1,8,8,8,8,8,8,8,8,8,8
170113,0,1,0,0,0,0,0,0,0,0,0,0
170113,1,1,0,0,0,0,0,0,0,0,0,0
170114,1,1,0,0,0,0,0,0,0,0,0,0
170115,1,1,0,0,0,0,0,0,0,0,0,0
170115,2,1,0,0,0,0,0,0,0,0,0,0
170116,1,1,6,6,6,6,6,6,6,6,6,6
170116,2,1,0,0,0,0,0,0,0,0,0,0
170117,0,1,44,44,44,44,44,44,44,44,44,44
170117,1,1,0,0,0,0,0,0,0,0,0,0
170118,1,1,0,0,0,0,0,0,0,0,0,0
170119,1,1,0,0,0,0,0,0,0,0,0,0
170119,2,1,0,0,0,0,0,0,0,0,0,0
170119,3,1,0,0,0,0,0,0,0,0,0,0
170119,4,1,0,0,0,0,0,15,0,0,0,0
170120,1,1,14,14,14,14,14,14,14,14,14,14
170120,2,1,16,0,0,0,0,0,0,0,0,0
170120,3,1,0,30,0,0,0,0,0,0,0,0
170121,0,1,0,0,0,0,0,0,0,0,0,0
170121,1,1,0,0,0,0,0,0,0,0,0,0
170122,1,1,10,10,10,10,10,10,10,10,10,10
170123,1,1,20,20,20,20,20,20,20,20,20,20
170124,1,1,15,15,15,15,15,15,15,15,15,15
170124,2,1,0,0,0,0,0,0,0,0,0,0
170125,1,1,16,16,16,16,16,16,16,16,16,16
170126,1,1,0,0,0,0,0,0,0,0,0,0
170126,2,1,0,0,0,0,0,0,0,0,0,0
170127,1,1,0,0,0,0,0,0,0,0,0,0
170127,2,1,0,0,0,0,0,0,0,0,0,0
170127,3,1,0,0,0,0,0,0,0,0,0,0
170128,1,1,0,0,0,0,0,0,0,0,0,0
170128,2,1,0,5,0,0,0,0,0,0,0,0
170129,1,1,12,12,12,12,12,12,12,12,12,12
170129,2,1,0,0,0,0,0,0,0,0,0,0
170130,1,1,0,0,0,0,0,0,0,0,0,0
170130,2,1,0,0,0,0,11,0,0,0,14,0
170132,1,1,0,0,0,0,0,0,0,0,0,0
170132,2,1,0,0,0,0,0,0,11,0,0,0
170133,1,1,17,17,17,17,17,17,17,17,17,17
170134,1,1,0,0,0,0,0,0,0,0,0,0
170134,2,1,0,0,0,0,0,0,0,0,0,0
170135,1,1,17,17,17,17,17,17,17,17,17,17
170135,2,1,0,0,0,0,0,0,0,0,0,0
170136,1,1,0,0,0,0,0,0,0,0,0,0
170136,2,1,12,0,0,0,0,10,22,0,0,8
170137,1,1,0,0,0,0,0,0,0,0,0,0
170137,2,1,0,0,0,0,0,0,0,0,0,0
170138,1,1,22,22,22,22,22,22,22,22,22,22
170138,2,1,0,0,0,0,0,0,0,0,0,0
170138,3,1,0,0,0,0,0,0,6,0,0,0
170138,4,1,0,0,0,0,0,0,0,0,0,0
170139,1,1,0,0,0,0,0,0,17,30,20,0
170140,0,1,26,0,0,0,0,0,0,0,0,25
170140,1,1,0,0,10,14,27,0,33,0,0,20
170140,2,1,0,0,0,0,0,0,0,0,0,0
170142,0,1,15,0,0,53,9,0,0,19,20,0
170142,0,2,4,0,0,7,28,0,0,0,9,0
170142,1,1,0,0,0,0,0,0,0,0,0,0
170142,3,1,17,0,0,0,0,0,0,0,0,0
170143,1,1,0,0,0,0,0,0,0,0,0,0
170144,1,1,17,15,35,13,18,7,16,24,26,23
170145,1,1,0,0,0,0,0,0,13,0,0,0
170145,2,1,0,0,0,0,0,0,0,13,0,0
170145,3,1,0,0,0,0,0,0,0,0,0,0
170146,1,1,0,0,0,0,0,0,0,0,0,0
170147,1,1,13,13,13,13,13,13,13,13,13,13
170148,1,1,0,0,0,0,0,0,7,9,0,0
170148,2,1,0,8,0,0,11,0,0,0,0,8
170149,0,1,0,2,36,0,0,0,15,0,0,0
170149,1,1,0,0,0,0,0,0,0,0,0,0
170151,0,1,19,8,0,0,0,0,0,0,0,0
170151,1,1,0,0,9,0,0,5,0,0,0,22
170152,0,1,0,0,0,0,0,0,0,0,0,0
170152,1,1,6,6,6,6,6,6,6,6,6,6
170153,1,1,0,0,0,0,0,0,0,0,0,0
170154,1,1,0,0,0,0,0,0,0,0,0,0
170154,2,1,0,0,0,0,0,0,0,0,0,0
170155,1,1,0,0,0,0,0,0,0,0,0,0
170155,2,1,0,0,0,0,14,0,4,0,0,0
170156,1,1,0,0,0,0,0,0,0,0,0,0