ST_CASE,VEH_NO,PER_NO,P1,P2,P3,P4,P5,P6,P7,P8,P9,P10
170157,1,1,0,0,0,0,0,0,0,0,0,0
170158,1,1,27,27,27,27,27,27,27,27,27,27
170160,1,1,13,0,0,13,0,0,0,0,0,8
170160,2,1,11,0,0,0,0,0,0,0,11,1
170161,1,1,0,0,0,0,0,0,0,0,0,0
170161,2,1,0,0,12,0,0,0,0,14,0,9
170162,1,1,0,0,0,0,0,0,0,0,0,0
170162,2,1,0,0,0,0,0,0,0,0,0,0
170162,3,1,0,0,0,14,0,0,0,0,0,0
170163,0,1,0,0,0,0,0,0,0,0,0,0
170163,0,2,12,20,22,33,0,23,18,19,19,6
170163,1,1,0,26,30,0,0,0,0,0,0,16
170164,1,1,14,14,14,14,14,14,14,14,14,14
170165,1,1,26,26,26,26,26,26,26,26,26,26
170165,2,1,31,0,18,0,8,0,0,0,0,0
170166,1,1,7,7,7,7,7,7,7,7,7,7
170166,2,1,0,0,0,0,0,0,0,19,0,0
170167,1,1,0,0,0,0,0,0,0,0,0,0
170167,2,1,0,0,0,0,0,0,0,0,0,0
170168,1,1,0,0,0,0,0,0,0,0,0,0
170168,2,1,0,0,0,0,0,0,0,0,0,0
170169,1,1,0,0,0,0,0,0,0,0,0,0
170169,2,1,0,0,0,0,0,0,0,0,0,0
170170,1,1,16,16,16,16,16,16,16,16,16,16
170171,1,1,22,22,22,22,22,22,22,22,22,22
170172,1,1,9,9,9,9,9,9,9,9,9,9
170172,2,1,0,0,0,0,0,0,0,0,0,0
170173,0,1,0,0,0,0,0,0,0,0,0,0
170173,1,1,0,0,0,0,0,0,0,0,0,0
170174,1,1,17,17,17,17,17,17,17,17,17,17
170175,0,1,0,0,0,0,0,0,0,0,0,0
170175,1,1,0,0,0,0,0,0,0,0,0,0
170176,1,1,7,7,7,7,7,7,7,7,7,7
170177,1,1,0,0,0,0,0,0,0,0,0,0
170178,1,2,0,0,17,10,0,18,9,11,0,16
170179,1,1,0,0,0,0,0,0,0,0,0,0
170180,1,1,13,13,13,13,13,13,13,13,13,13
170180,2,1,4,4,4,4,4,4,4,4,4,4
170181,1,1,0,0,0,0,0,0,0,0,0,0
170181,2,1,0,0,0,0,0,0,0,0,0,0
170182,1,1,5,0,0,0,0,14,0,18,6,0
170182,2,1,0,0,0,0,0,0,0,0,0,0
170183,1,1,0,0,0,0,0,0,0,0,0,0
170183,2,1,0,0,0,0,0,0,0,0,0,0
170184,1,1,0,0,0,11,0,0,0,24,17,0
170184,2,1,0,0,0,0,0,0,0,0,0,0
170185,1,1,11,0,0,5,18,0,0,0,0,0
170185,2,1,7,0,0,14,0,11,0,16,0,0
170186,1,1,0,0,0,0,0,0,0,0,0,0
170186,2,1,0,0,0,0,0,0,0,0,0,0
170187,1,1,19,0,0,0,0,6,0,0,0,3
170187,2,1,0,0,0,0,0,0,0,0,0,0
170187,3,1,0,0,0,0,0,0,0,0,0,0
170188,1,1,0,0,49,0,0,18,29,0,15,0
170189,1,1,21,21,21,21,21,21,21,21,21,21
170190,1,1,0,7,0,0,19,0,0,0,0,0
170190,2,1,0,0,0,0,0,0,0,0,0,0
170191,1,1,0,0,0,0,0,0,0,0,0,0
170192,1,1,0,0,0,0,0,0,0,0,0,0
170193,0,1,10,10,10,10,10,10,10,10,10,10
170193,1,1,0,0,0,0,0,0,0,0,0,0
170194,1,1,19,19,19,19,19,19,19,19,19,19
170195,1,1,22,22,22,22,22,22,22,22,22,22
170196,1,1,0,0,0,0,0,0,0,0,0,0
170196,2,1,0,0,0,0,0,0,0,0,0,0
170197,1,1,0,0,0,0,0,0,0,0,0,0
170197,2,1,0,15,0,0,0,0,0,0,0,0
170198,1,1,0,0,0,0,0,0,0,0,0,0
170199,1,1,20,20,20,20,20,20,20,20,20,20
170199,2,1,0,0,0,0,0,0,0,0,0,0
170200,1,1,0,0,0,0,0,0,0,0,0,0
170200,2,1,0,23,0,0,0,0,0,0,0,0
170201,0,1,0,0,0,0,0,0,0,0,0,0
170201,1,1,20,20,20,20,20,20,20,20,20,20
170202,1,1,16,16,16,16,16,16,16,16,16,16
170203,1,1,15,15,15,15,15,15,15,15,15,15
170203,2,1,0,0,0,0,0,0,0,0,0,0
170204,1,1,0,0,0,0,0,0,0,0,0,0
170204,2,1,0,0,0,0,0,0,0,0,0,0
170205,0,1,0,0,0,0,0,0,0,0,0,0
170205,1,1,0,0,0,0,15,0,0,22,0,0
170206,1,1,21,21,21,21,21,21,21,21,21,21
170206,2,1,0,0,0,0,25,0,27,7,0,0
170207,1,1,18,0,0,13,0,0,0,22,4,18
170208,1,1,0,0,0,0,0,0,0,27,0,0
170208,2,1,0,0,0,0,0,0,0,0,0,0
170209,1,1,26,26,26,26,26,26,26,26,26,26
170210,0,1,0,0,38,17,26,20,0,0,22,0
170210,1,1,0,0,0,0,0,0,0,0,0,0
170210,2,1,9,0,0,0,0,0,0,0,0,0
170211,1,1,0,0,0,0,0,0,0,0,0,12
170212,1,1,0,0,0,0,0,27,0,0,0,0
170212,2,1,0,0,0,0,0,0,0,0,0,0
170213,1,1,0,0,0,0,0,0,0,0,0,0
170214,1,1,0,0,0,0,0,0,0,0,0,0
170214,2,1,0,0,0,0,0,0,0,0,0,17
170214,3,1,7,0,0,0,0,0,0,0,0,0
170215,1,1,7,0,0,0,0,0,29,0,0,0
170216,1,1,29,29,29,29,29,29,29,29,29,29
170217,1,1,0,0,0,0,0,0,0,0,0,0
170217,2,1,0,0,0,0,0,0,0,0,0,0
170218,1,1,0,0,0,0,0,0,0,0,0,0
170218,2,1,0,0,0,0,0,0,0,0,0,0
170219,1,1,0,0,0,0,0,8,0,0,0,0
170219,2,1,0,0,0,0,0,0,0,0,0,0
170220,1,1,0,5,0,0,29,0,0,0,0,14
170220,2,1,0,0,0,0,0,0,0,0,0,0
170221,0,1,21,21,21,21,21,21,21,21,21,21
170221,1,1,26,15,0,0,0,0,0,0,0,0
170222,1,1,0,21,0,12,0,0,0,0,0,15
170222,2,1,0,0,0,0,0,0,0,0,0,0
170223,1,1,0,0,0,0,0,0,0,0,0,0
170223,2,1,0,0,0,0,0,0,0,0,0,0
170224,1,1,0,0,0,0,0,0,0,0,0,0
170224,2,1,0,0,0,0,0,0,0,0,0,0
170225,0,1,0,0,0,0,0,0,0,0,0,0
170225,1,1,0,0,0,0,0,0,0,0,0,0
170226,0,1,0,0,0,0,0,0,0,0,0,0
170226,1,1,0,0,0,0,0,0,0,0,0,0
170227,1,1,21,18,34,16,18,24,8,31,37,29
170228,1,1,0,0,0,0,0,0,0,0,0,0
170228,2,1,0,0,0,0,0,0,0,0,0,0
170229,1,1,0,0,0,0,0,0,0,0,0,0
170229,2,1,0,0,0,0,0,0,0,0,0,0
170230,1,1,0,0,0,0,0,0,0,0,0,0
170230,2,1,0,0,0,0,0,0,0,0,0,0
170231,1,1,0,0,0,0,0,0,0,0,0,0
170231,2,1,0,0,0,0,0,0,0,0,0,0
170232,1,1,0,0,0,0,0,0,0,0,0,0
170233,1,1,0,0,0,0,0,0,0,0,0,0
170233,2,1,0,0,0,0,15,0,0,0,0,0
170234,1,1,36,36,36,36,36,36,36,36,36,36
170235,1,1,0,0,0,0,0,0,0,0,0,0
170235,2,1,0,0,0,0,0,0,0,0,0,0
170236,1,1,0,0,0,0,0,0,0,0,0,0
170236,2,1,0,5,0,0,0,0,0,0,0,0
170237,0,1,0,0,0,0,0,0,0,0,0,0
170237,1,1,0,0,0,0,0,0,21,0,16,0
170238,1,1,0,0,0,0,0,0,11,21,0,0
170238,2,1,0,0,0,0,0,0,0,0,0,0
170239,1,1,0,0,0,0,0,0,0,0,0,0
170239,2,1,0,0,0,0,0,0,0,0,0,0
170240,1,1,24,24,24,24,24,24,24,24,24,24
170241,1,1,0,0,0,0,0,0,0,0,0,0
170241,2,1,0,0,0,0,0,0,0,0,0,0
170242,1,1,0,0,0,0,0,0,0,0,0,0
170242,2,1,0,0,0,0,0,0,0,0,0,0
170243,1,1,22,22,22,22,22,22,22,22,22,22
170244,1,1,0,0,0,0,0,0,0,0,0,0
170244,2,1,0,0,0,0,0,0,0,0,0,0
170245,1,1,21,21,21,21,21,21,21,21,21,21
170246,0,1,0,0,0,0,0,0,0,0,0,0
170246,1,1,0,0,0,0,0,0,0,0,0,0
170247,1,1,0,0,18,0,0,0,0,0,0,0
170248,1,1,0,0,0,0,0,0,27,0,0,0
170248,2,1,0,0,0,0,0,0,0,0,0,0
170249,1,1,0,0,0,0,0,0,0,0,0,0
170249,2,1,32,0,0,0,0,0,0,0,0,0
170250,1,1,21,21,21,21,21,21,21,21,21,21
170251,1,1,1,1,1,1,1,1,1,1,1,1
170251,2,1,0,0,0,0,0,0,0,0,0,0
170252,0,1,0,0,0,0,0,0,0,0,0,0
170252,1,1,29,29,29,29,29,29,29,29,29,29
170253,1,1,13,13,13,13,13,13,13,13,13,13
170254,0,1,15,15,15,15,15,15,15,15,15,15
170254,1,1,0,0,0,0,0,11,0,0,11,0
170255,1,1,0,0,0,0,0,0,0,0,0,0
170255,2,1,0,0,0,0,0,0,0,0,0,0
170256,1,1,24,24,24,24,24,24,24,24,24,24
170257,1,1,26,26,26,26,26,26,26,26,26,26
170258,1,1,0,3,0,0,0,0,0,0,0,0
170259,1,1,0,0,0,0,0,0,0,0,0,0
170260,1,1,0,0,0,0,0,0,0,0,0,0
170261,1,1,0,0,0,0,0,0,0,0,0,24
170262,1,1,0,0,0,0,0,0,0,0,0,0
170262,2,1,0,0,0,0,0,0,0,0,0,0
170263,1,1,0,0,0,0,0,0,0,0,0,0
170263,2,1,0,0,0,0,0,0,0,0,0,0
170264,1,1,15,15,15,15,15,15,15,15,15,15
170264,2,1,0,0,0,0,0,0,0,0,0,0
170265,1,1,0,0,0,0,0,0,0,0,0,0
170265,2,1,0,0,0,0,0,0,0,0,0,0
170266,0,1,0,0,0,0,0,0,0,0,0,0
170266,1,1,0,0,0,17,0,0,0,10,0,0
170267,1,1,0,0,0,0,0,0,0,0,0,0
170267,2,1,0,0,0,0,0,0,0,0,0,0
170268,1,1,0,0,0,0,0,0,0,0,0,0
170269,0,1,0,0,0,0,0,0,0,0,0,0
170269,1,1,0,0,0,0,0,0,0,0,0,0
170270,1,1,0,0,0,0,0,0,0,0,0,0
170271,1,1,0,0,0,0,0,0,0,0,0,0
170271,2,1,0,0,0,0,0,0,0,0,0,0
170272,1,1,24,24,24,24,24,24,24,24,24,24
170273,1,1,0,0,0,0,0,23,0,0,0,0
170273,2,1,0,0,0,0,0,0,19,0,0,0
170273,3,1,0,0,0,0,0,0,0,0,0,0
170274,1,1,0,0,0,0,0,0,0,0,0,0
170275,1,1,0,0,0,19,0,0,13,0,0,0
170275,2,1,0,0,0,0,0,0,0,0,0,0
170275,3,1,0,0,0,0,0,0,0,0,0,0
170276,1,1,13,14,25,14,10,19,10,25,30,19
170277,1,1,0,0,0,0,0,0,0,0,16,0
170277,2,1,0,0,0,0,0,0,0,0,0,0
170278,1,1,17,17,17,17,17,17,17,17,17,17
170279,1,1,0,0,0,0,0,0,0,0,0,0
170280,0,1,25,25,25,25,25,25,25,25,25,25
170280,1,1,0,0,0,0,17,0,0,11,0,0
170281,1,1,0,0,0,0,0,0,0,0,0,0
170281,2,1,0,0,0,0,0,0,0,0,0,0
170283,1,1,0,0,0,0,0,0,0,0,0,0
170283,2,1,0,0,0,0,0,0,0,0,0,0
170284,1,1,0,0,0,0,0,0,0,0,0,0
170284,2,1,0,0,0,0,0,0,0,0,0,0
170285,1,1,0,0,0,0,0,0,0,0,0,0
170286,1,1,28,28,28,28,28,28,28,28,28,28
170287,1,1,0,0,0,0,0,0,0,0,0,0
170288,1,1,0,0,0,0,0,0,0,0,0,0
170288,2,1,0,0,0,0,0,0,16,0,0,0
170289,1,1,0,0,0,0,0,0,0,0,0,0
170289,2,1,4,4,4,4,4,4,4,4,4,4
170290,1,1,23,0,0,0,0,0,16,0,22,0
170291,1,1,21,21,21,21,21,21,21,21,21,21
170292,1,1,0,0,0,0,0,0,0,0,0,0
170293,1,1,0,0,0,0,0,0,0,0,0,0
170294,1,1,0,0,0,0,0,0,0,0,0,0
170295,1,1,15,15,15,15,15,15,15,15,15,15
170296,0,1,20,20,20,20,20,20,20,20,20,20
170296,1,1,0,0,0,0,0,0,0,0,0,0
170297,0,1,1,1,1,1,1,1,1,1,1,1
170297,1,1,17,0,0,17,10,12,4,0,0,0
170298,1,1,0,0,0,0,0,0,0,0,0,0
170299,1,1,0,0,0,0,0,0,0,0,0,0
170299,2,1,4,0,0,0,0,0,0,0,0,0
170300,1,1,22,22,22,22,22,22,22,22,22,22
170301,1,1,7,7,7,7,7,7,7,7,7,7
170302,1,1,2,2,2,2,2,2,2,2,2,2
170303,1,1,0,0,0,0,0,0,0,0,0,0
170303,2,1,0,0,0,0,0,0,0,0,0,0
170304,1,1,12,14,10,27,11,9,26,26,0,0
170305,1,1,0,0,0,0,0,0,0,0,0,0
170305,2,1,0,0,4,6,0,20,0,0,0,6
170306,1,1,0,0,0,0,0,0,0,0,0,0
170307,1,1,0,0,0,0,0,0,0,0,0,0
170308,0,1,0,0,0,0,0,0,0,0,0,0
170308,1,1,0,0,0,0,0,0,0,0,0,0
170309,1,1,5,5,5,5,5,5,5,5,5,5
170309,2,1,0,0,0,0,0,0,0,0,0,0
170310,1,1,0,0,0,0,0,0,0,0,0,0
170310,2,1,0,7,0,0,0,0,0,0,0,0
170310,3,1,0,0,0,0,0,14,0,0,0,0
170310,4,1,0,19,0,0,0,0,0,0,0,0
170310,5,1,0,0,0,0,0,0,0,0,0,0
170311,1,1,12,12,12,12,12,12,12,12,12,12
170312,0,1,0,0,0,0,0,0,0,0,0,0
170312,1,1,8,0,0,0,0,0,0,0,0,0
170313,0,1,0,20,9,0,0,24,14,12,37,0
170313,1,1,0,0,0,0,0,0,0,0,0,0
170314,1,1,0,0,0,0,16,0,0,0,0,0
170314,2,1,0,0,0,0,0,0,0,14,0,0
170314,3,1,0,0,0,0,0,0,0,0,0,0
170315,1,1,12,12,12,12,12,12,12,12,12,12
170315,2,1,0,0,0,0,0,0,0,0,0,0
170316,1,1,23,0,5,0,14,3,0,0,18,0
170316,2,1,8,8,8,8,8,8,8,8,8,8
170316,3,1,0,0,0,0,0,0,0,0,0,0
170316,4,1,0,11,0,13,15,0,0,0,12,24
170317,1,1,11,11,11,11,11,11,11,11,11,11
170318,1,1,0,0,0,0,0,0,0,0,0,0
170318,2,1,2,2,2,2,2,2,2,2,2,2
170319,0,1,0,15,10,0,0,0,0,21,7,23
170319,1,1,16,16,16,16,16,16,16,16,16,16
170320,1,1,0,0,0,0,0,0,0,0,0,0
170321,1,1,0,0,0,0,0,0,0,0,0,0
170321,2,1,0,0,0,0,10,0,0,0,0,0
170322,0,1,14,14,14,14,14,14,14,14,14,14
170322,1,1,0,0,0,0,0,0,0,0,0,0
170323,1,1,0,0,0,0,0,0,0,0,0,0
170323,2,1,0,0,0,0,0,0,0,0,0,0
170324,0,1,25,25,25,25,25,25,25,25,25,25
170324,1,1,0,0,14,17,0,6,0,0,0,0
170325,1,1,0,0,0,0,0,0,0,0,0,0
170325,2,1,0,0,0,0,0,0,0,0,0,0
170325,3,1,0,0,0,0,0,0,0,0,0,0
170326,1,1,35,35,35,35,35,35,35,35,35,35
170327,1,1,0,0,0,0,0,0,0,0,0,0
170328,1,1,0,0,0,0,0,0,0,0,0,0
170328,2,1,0,0,0,0,0,0,0,0,0,0
170329,1,1,20,20,20,20,20,20,20,20,20,20
170329,2,1,0,0,0,0,0,0,0,0,0,0
170329,3,1,0,0,0,0,0,0,0,0,0,0
170330,1,1,4,4,4,4,4,4,4,4,4,4
170330,2,1,0,16,0,0,0,15,0,0,0,0
170331,1,1,0,0,0,0,0,0,0,0,0,0
170331,2,1,0,0,0,0,13,0,0,0,0,0
170332,1,1,37,37,37,37,37,37,37,37,37,37
170332,2,1,0,0,0,0,0,0,0,0,0,0
170332,3,1,0,0,0,0,0,0,0,0,0,0
170332,4,1,9,0,0,0,0,0,0,3,0,17
170333,1,1,0,0,0,0,0,0,0,0,0,0
170333,2,1,0,0,0,0,0,0,0,0,0,0
170334,1,1,9,9,9,9,9,9,9,9,9,9
170335,1,1,0,0,0,0,0,0,0,0,0,0
170336,1,1,0,0,0,0,0,0,0,0,0,0
170337,1,1,22,22,22,22,22,22,22,22,22,22
170337,2,1,0,0,0,0,0,0,0,0,0,0
170338,1,1,22,0,23,9,16,0,12,11,0,20
170339,1,1,0,0,0,0,0,0,0,0,0,0
170340,1,1,6,6,6,6,6,6,6,6,6,6
170341,1,1,27,27,27,27,27,27,27,27,27,27
170341,2,1,22,0,0,0,9,0,17,0,0,0
170342,0,1,0,0,0,0,0,0,0,0,0,0
170342,1,1,0,0,0,0,0,23,0,0,0,0
170343,0,1,20,25,7,10,8,31,30,14,9,31
170343,0,2,20,20,20,20,20,20,20,20,20,20
170343,1,1,0,0,25,12,12,0,0,29,25,0
170344,0,1,10,18,5,18,21,0,28,9,9,11
170344,1,1,13,0,0,0,0,13,0,0,12,0
170345,0,1,30,30,30,30,30,30,30,30,30,30
170345,1,1,8,0,0,0,9,27,0,5,0,0
170346,0,1,16,26,0,0,0,39,53,0,0,50
170346,1,1,18,18,18,18,18,18,18,18,18,18
170347,0,1,25,25,25,25,25,25,25,25,25,25
170347,1,1,0,0,0,0,0,12,26,0,8,0
170348,0,1,32,32,32,32,32,32,32,32,32,32
170348,1,1,0,18,0,0,0,0,0,0,0,0
170348,2,1,0,0,0,0,0,0,0,0,0,0
170349,1,1,0,0,0,0,0,0,0,0,0,0
170349,2,1,0,0,0,0,0,0,0,0,0,8
170350,1,1,0,0,0,0,0,0,0,14,0,0
170350,2,1,0,0,0,0,0,0,0,0,0,0
170351,1,1,19,19,19,19,19,19,19,19,19,19
170352,1,1,0,0,0,0,0,0,0,0,0,0
170352,2,1,0,0,0,0,0,0,0,0,0,0
170353,0,1,0,0,0,0,0,0,0,0,0,0
170353,1,1,0,0,0,0,0,0,0,0,0,0
170354,1,1,0,0,0,0,0,0,0,0,0,0
170354,2,1,0,0,0,0,0,0,0,0,0,0
170355,1,1,0,0,0,0,0,0,0,0,0,0
170356,1,1,0,0,0,21,0,35,8,17,0,0
170357,1,1,0,0,0,0,0,0,0,0,0,0
170357,2,1,0,0,0,0,0,0,0,0,0,0
170357,3,1,0,0,0,0,0,0,0,0,0,0
170357,4,1,0,0,0,0,0,0,0,0,0,0
170357,5,1,13,14,0,0,13,6,0,0,0,0
170359,0,1,0,0,0,0,0,0,0,0,0,0
170359,0,2,0,0,0,0,0,0,0,0,0,0
170359,1,1,0,0,0,0,0,0,0,30,0,0
170360,1,1,0,0,0,0,0,0,0,0,0,0
170360,2,1,0,0,10,0,0,0,0,0,0,0
170361,1,1,0,0,0,0,0,0,0,18,0,19
170362,1,1,22,22,22,22,22,22,22,22,22,22
170362,2,1,0,0,0,0,0,0,0,0,0,0
170363,0,1,0,0,0,0,0,0,0,0,2,0
170363,0,2,0,0,0,0,0,0,0,0,0,0
170363,1,1,0,0,0,0,0,17,0,0,0,17
170364,1,1,0,0,0,0,0,0,0,0,0,0
170365,1,1,1,1,1,1,1,1,1,1,1,1
170366,1,1,0,0,0,0,0,0,0,0,0,0
170367,1,1,0,0,0,0,0,0,0,0,0,0
170368,1,1,14,14,14,14,14,14,14,14,14,14
170368,2,1,0,0,0,0,0,0,0,0,0,0
170369,0,1,15,15,15,15,15,15,15,15,15,15
170369,1,1,0,26,0,0,0,0,0,0,0,0
170370,0,1,0,0,0,0,0,0,0,0,0,0
170370,1,1,0,7,19,18,0,0,0,0,0,0
170371,1,1,0,15,0,0,12,6,0,0,0,16
170372,1,1,13,13,13,13,13,13,13,13,13,13
170372,2,1,0,0,0,0,0,29,0,0,0,0
170372,3,1,0,0,0,0,0,0,0,0,0,0
170373,1,1,7,7,7,7,7,7,7,7,7,7
170374,1,1,26,26,26,26,26,26,26,26,26,26
170375,1,1,0,0,0,0,0,0,0,0,0,0
170375,2,1,0,0,0,0,0,0,0,0,0,0
170375,3,1,0,0,0,0,0,0,0,0,0,0
170375,4,1,0,0,0,0,0,0,0,0,0,0
170375,5,1,0,0,0,0,0,0,9,0,0,0
170375,6,1,0,0,0,0,0,0,0,0,0,0
170375,7,1,0,0,0,0,0,0,0,0,0,0
170375,8,1,0,0,0,0,0,0,0,0,0,0
170376,1,1,0,0,0,0,0,0,0,0,0,0
170376,2,1,0,0,0,0,0,0,0,0,0,0
170377,1,1,0,0,29,14,26,0,36,0,0,16
170378,1,1,0,0,0,0,0,0,0,0,0,0
170379,1,1,0,0,0,0,0,0,0,0,0,0
170379,2,1,0,0,0,0,0,0,0,0,0,0
170380,0,1,0,0,0,0,0,0,0,0,0,0
170380,0,2,28,30,14,0,33,24,0,0,3,43
170380,1,1,35,10,3,0,26,23,36,0,16,11
170381,1,1,0,0,0,0,0,0,0,0,0,0
170381,2,1,0,0,0,0,0,0,0,0,0,0
170382,0,1,0,12,0,5,0,48,0,30,25,16
170382,1,1,0,0,17,0,0,0,0,0,0,0
170383,1,1,0,0,0,0,0,0,0,0,0,0
170383,2,1,0,0,8,0,0,0,0,0,0,0
170384,1,1,0,0,0,0,0,0,0,0,0,0
170384,2,1,0,0,0,0,0,0,0,0,0,0
170385,1,1,0,0,0,0,0,0,0,0,0,0
170386,1,1,0,0,0,0,0,0,0,0,0,0
170386,2,1,0,0,0,0,0,0,0,0,0,0
170386,3,1,0,0,0,0,0,0,0,0,0,0
170387,1,1,3,3,3,3,3,3,3,3,3,3
170388,1,1,0,0,0,0,0,0,0,0,0,0
170388,2,1,0,0,0,0,0,0,0,0,0,0
170389,1,1,0,0,0,0,0,0,0,0,0,0
170389,2,1,0,0,0,0,0,0,0,0,0,0
170390,1,1,17,17,17,17,17,17,17,17,17,17
170391,1,1,0,0,0,0,0,0,0,0,0,0
170391,2,1,0,0,0,0,0,0,0,0,0,0
170392,1,1,0,0,0,0,0,0,0,0,0,0
170392,2,1,0,0,0,0,0,0,0,0,0,0
170393,1,1,18,18,18,18,18,18,18,18,18,18
170394,1,1,0,0,0,0,0,0,0,0,0,0
170394,2,1,0,0,0,0,0,0,0,0,0,0
170395,1,1,0,0,0,0,0,0,0,0,0,0
170396,1,1,0,0,0,0,0,0,0,0,0,0
170396,2,1,0,0,0,0,0,0,0,0,0,0
170397,1,1,0,0,0,0,0,4,0,0,0,0
170398,1,1,8,8,8,8,8,8,8,8,8,8
170399,1,1,0,0,0,0,0,0,14,13,0,5
170399,2,1,0,0,0,0,0,0,0,0,0,0
170399,3,1,0,0,0,0,0,0,0,0,0,0
170400,1,1,0,0,0,0,0,0,0,0,0,0
170400,2,1,0,0,0,0,0,0,0,0,0,0
170401,1,1,14,14,14,14,14,14,14,14,14,14
170402,1,1,0,0,0,0,0,0,0,0,0,0
170403,1,1,8,8,8,8,8,8,8,8,8,8
170403,2,1,0,0,0,0,0,0,0,0,0,0
170403,3,1,0,0,0,0,0,0,8,0,0,0
170404,1,1,15,0,25,16,0,8,21,0,15,26
170405,1,1,17,17,17,17,17,17,17,17,17,17
170405,2,1,0,0,0,0,0,0,0,6,0,0
170406,1,1,0,0,0,0,0,0,0,0,0,0
170406,2,1,0,0,0,0,0,0,0,0,0,0
170407,1,1,0,0,0,0,0,0,0,27,0,0
170407,2,1,12,12,12,12,12,12,12,12,12,12
170408,1,1,1,1,1,1,1,1,1,1,1,1
170408,3,1,0,0,0,0,0,0,0,0,0,0
170409,1,1,0,0,0,0,0,0,0,0,0,0
170409,2,1,0,0,0,0,0,0,0,0,0,0
170410,1,1,4,6,0,0,0,0,0,0,0,0
170410,2,1,0,0,0,0,0,0,0,0,0,0
170411,1,1,0,0,0,0,0,0,0,0,0,0
170411,2,1,0,0,30,0,0,0,0,0,0,0
170412,1,1,22,22,22,22,22,22,22,22,22,22
170413,1,1,0,0,0,0,0,0,0,0,0,0
170414,0,1,0,0,0,0,0,0,0,0,0,0
170414,1,1,0,0,0,29,0,0,0,0,0,0
170415,1,1,0,0,0,0,0,0,0,0,0,0
170415,2,1,0,0,0,0,0,0,0,0,0,0
170416,1,1,34,34,34,34,34,34,34,34,34,34
170416,2,1,0,0,0,0,0,0,0,0,0,0
170417,1,1,0,0,0,0,0,0,0,0,0,0
170417,2,1,0,0,0,0,0,0,0,0,0,0
170418,1,1,11,11,11,11,11,11,11,11,11,11
170419,1,1,0,0,0,0,0,0,0,0,0,0
170420,0,1,0,0,0,0,0,0,0,0,0,0
170420,1,1,0,0,0,0,0,0,0,0,0,0
170421,1,1,6,0,0,0,0,0,0,4,0,0
170421,2,1,0,0,0,0,0,0,0,0,0,0
170422,1,1,0,0,0,0,0,0,0,0,0,0
170422,2,1,0,0,0,0,0,0,0,0,0,0
170423,1,1,5,5,5,5,5,5,5,5,5,5
170424,1,1,17,17,17,17,17,17,17,17,17,17
170425,1,1,13,13,13,13,13,13,13,13,13,13
170425,2,1,0,0,0,0,0,11,0,0,0,0
170426,0,1,0,0,0,0,0,0,0,0,0,0
170426,1,1,0,0,0,0,0,0,0,0,0,0
170427,0,1,0,0,0,0,0,0,0,0,0,0
170427,1,1,0,0,0,0,0,0,0,0,0,0
170428,1,1,0,0,0,0,0,0,0,0,0,0
170428,2,1,0,11,7,0,15,0,0,0,0,0
170429,1,1,0,0,0,0,0,0,0,0,0,0
170429,2,1,0,0,7,14,6,0,0,20,0,0
170430,1,1,0,0,0,0,0,0,0,0,0,0
170430,2,1,0,0,0,0,0,0,0,0,0,0
170431,1,1,0,0,0,0,0,0,14,0,0,0
170431,2,1,0,0,17,0,0,0,0,0,11,0
170431,3,1,0,0,0,0,0,0,0,0,0,0
170432,1,1,0,0,0,0,0,0,0,0,0,0
170432,2,1,0,0,0,0,0,0,4,0,0,0
170433,1,1,0,0,0,0,0,0,0,0,0,0
170433,2,1,0,0,0,0,0,0,0,0,0,0
170434,1,1,0,0,0,0,0,23,0,21,6,0
170434,2,1,0,0,0,0,0,0,0,0,0,0
170435,1,1,0,0,0,0,0,0,0,0,0,0
170435,2,1,0,0,0,0,0,0,0,0,0,0
170436,1,1,0,0,0,0,0,0,0,8,0,0
170436,2,1,0,0,0,0,0,0,0,0,0,0
170437,1,1,0,0,0,0,0,0,0,0,0,0
170438,1,1,1,1,1,1,1,1,1,1,1,1
170439,1,1,34,34,34,34,34,34,34,34,34,34
170439,2,1,0,0,0,0,0,0,0,0,0,0
170440,1,1,0,0,0,0,0,0,0,0,0,0
170440,2,1,0,0,0,0,0,0,0,0,0,0
170440,3,1,0,0,0,0,0,0,0,0,0,0
170440,4,1,12,0,0,0,0,0,0,0,12,0
170441,1,1,0,0,0,0,0,0,0,0,0,0
170441,2,1,0,0,0,0,0,0,0,0,0,0
170442,1,1,0,0,0,30,0,0,0,0,0,0
170442,2,1,15,15,15,15,15,15,15,15,15,15
170443,1,1,18,18,18,18,18,18,18,18,18,18
170444,0,1,28,28,28,28,28,28,28,28,28,28
170444,1,1,12,12,12,12,12,12,12,12,12,12
170445,1,1,0,0,0,0,0,0,0,0,0,0
170446,0,1,0,0,0,0,0,0,0,0,0,0
170446,1,1,0,0,0,0,33,0,0,0,0,0
170447,1,1,0,0,6,0,0,0,0,0,10,0
170447,2,1,0,0,0,0,0,0,0,0,0,0