ST_CASE,VEH_NO,PER_NO,P1,P2,P3,P4,P5,P6,P7,P8,P9,P10
180077,1,1,31,31,31,31,31,31,31,31,31,31
180078,1,1,0,0,0,0,0,0,0,0,0,0
180078,2,1,0,0,0,0,0,0,0,0,0,0
180079,0,1,0,0,0,0,0,0,0,0,0,0
180079,1,1,0,0,0,0,0,0,0,0,0,0
180080,1,1,0,0,0,0,0,0,0,0,0,0
180080,2,1,0,0,0,0,0,0,0,0,0,0
180080,3,1,0,0,0,0,0,0,0,0,0,0
180080,4,1,0,0,0,0,0,0,0,0,0,0
180081,1,1,0,0,0,0,0,0,0,0,0,0
180082,1,1,0,0,0,0,0,0,0,0,0,0
180082,2,1,0,0,0,0,0,0,0,0,0,0
180083,1,1,0,0,0,0,0,0,0,0,0,0
180084,1,1,0,0,0,0,0,0,0,0,0,0
180084,2,1,0,0,0,0,0,0,0,0,0,0
180084,3,1,0,0,0,0,0,0,0,0,0,0
180084,4,1,0,0,0,0,0,0,0,0,0,0
180084,5,1,0,0,0,0,0,0,0,0,0,0
180085,1,1,0,18,0,32,33,0,9,14,9,0
180086,1,1,13,13,13,13,13,13,13,13,13,13
180087,0,1,0,0,0,0,0,0,0,0,0,0
180087,1,1,0,0,0,0,0,0,0,0,0,0
180088,2,1,19,19,19,19,19,19,19,19,19,19
180089,1,1,28,28,28,28,28,28,28,28,28,28
180090,0,1,0,0,0,0,0,0,0,0,0,0
180090,1,1,0,0,0,0,0,0,0,0,0,0
180091,1,1,0,0,0,0,0,0,0,0,0,0
180091,2,1,0,0,0,0,0,0,0,0,0,0
180092,1,1,20,20,20,20,20,20,20,20,20,20
180093,1,1,0,0,0,0,0,0,0,0,0,0
180094,1,1,0,0,0,0,0,0,0,0,0,0
180095,1,1,0,0,0,0,0,0,0,0,0,0
180096,1,1,0,0,0,0,0,0,0,0,0,0
180096,2,1,0,0,0,0,0,0,0,0,0,0
180097,1,1,0,0,0,0,0,0,0,0,0,0
180098,1,1,0,0,0,0,0,0,0,0,0,0
180098,2,1,0,0,0,0,0,0,0,0,0,0
180099,1,1,0,0,0,0,19,12,0,0,0,5
180100,1,1,14,14,14,14,14,14,14,14,14,14
180101,1,1,0,0,0,0,0,0,0,0,0,0
180102,1,1,0,0,0,0,0,0,0,0,0,0
180102,2,1,0,0,0,0,0,0,0,28,0,0
180103,1,1,0,0,0,0,0,0,0,0,0,0
180104,1,1,13,21,0,0,21,0,11,0,0,17
180105,1,1,0,0,0,0,0,0,13,0,6,0
180106,1,1,0,0,16,0,0,0,0,0,0,0
180107,1,1,0,0,0,0,0,0,0,0,0,0
180107,2,1,0,0,0,0,0,0,0,0,0,0
180107,3,1,0,11,9,11,0,10,0,0,0,0
180108,1,1,0,0,0,0,0,0,0,0,0,0
180108,2,1,0,0,0,0,0,0,0,0,0,0
180109,1,1,0,0,0,0,0,13,0,8,0,0
180109,2,1,0,0,0,0,0,0,0,0,0,0
180110,0,1,0,0,0,0,0,0,0,0,0,0
180110,1,1,0,0,0,0,0,0,0,0,0,0
180111,1,1,21,21,21,21,21,21,21,21,21,21
180111,2,1,0,0,0,0,0,0,0,0,0,0
180112,0,1,0,0,0,0,0,0,0,0,0,0
180112,1,1,0,0,0,0,0,0,0,0,0,3
180113,1,1,22,22,22,22,22,22,22,22,22,22
180113,2,1,0,0,0,0,0,0,0,0,0,0
180114,1,1,21,21,21,21,21,21,21,21,21,21
180115,1,1,0,0,0,0,0,0,0,0,0,0
180115,2,1,0,0,0,0,0,0,0,0,0,0
180116,1,1,0,0,0,0,0,0,0,0,0,0
180116,2,1,0,0,0,0,0,0,0,0,0,0
180117,0,1,0,0,33,25,0,0,28,30,0,0
180117,1,1,0,0,0,0,0,0,0,0,0,0
180118,1,1,18,18,18,18,18,18,18,18,18,18
180118,2,1,0,0,0,0,0,0,0,0,0,0
180119,1,1,0,0,0,0,0,12,0,28,0,0
180120,1,1,0,0,0,0,0,0,0,0,0,0
180120,2,1,0,0,25,0,0,0,0,0,0,0
180121,1,1,0,0,0,0,0,0,0,0,0,0
180121,2,1,0,0,0,0,0,0,0,0,0,0
180122,1,1,0,0,0,0,0,0,0,0,0,0
180123,0,1,18,18,18,18,18,18,18,18,18,18
180123,1,1,0,0,0,0,0,0,0,0,0,0
180124,1,1,0,0,0,0,0,0,0,0,0,0
180124,2,1,0,0,0,0,0,0,0,0,0,0
180125,1,1,0,0,0,0,0,0,0,0,0,0
180125,2,1,0,0,0,0,0,0,0,0,0,0
180126,1,1,0,0,0,9,0,0,0,0,0,11
180127,1,1,25,0,0,0,0,0,0,0,12,0
180128,1,1,0,0,0,0,0,0,0,0,0,0
180130,1,1,0,0,0,0,0,0,0,0,0,0
180130,2,1,0,0,0,0,0,0,0,0,0,0
180130,3,1,0,0,0,0,0,0,0,0,0,0
180130,4,1,0,0,0,0,0,0,0,0,0,0
180130,5,1,0,0,0,0,0,0,0,0,0,0
180130,6,1,0,0,0,0,0,0,0,0,0,0
180130,7,1,0,0,0,0,0,0,0,0,0,0
180131,1,1,0,0,0,0,0,0,0,0,0,0
180131,2,1,0,0,0,0,0,0,0,0,0,0
180131,3,1,0,0,0,0,0,0,0,0,0,0
180132,0,1,0,0,0,0,0,0,0,0,0,0
180132,1,1,0,0,0,0,0,0,0,0,0,0
180133,1,1,0,0,0,0,0,0,0,0,0,0
180133,2,1,0,0,0,0,0,0,0,0,0,0
180134,1,1,0,0,0,0,0,0,0,0,0,0
180134,2,1,0,0,0,0,0,0,0,0,0,0
180135,1,1,0,0,0,0,0,0,0,0,0,0
180135,2,1,0,0,0,0,0,0,21,0,0,0
180136,1,1,0,0,0,0,0,0,0,0,0,0
180136,2,1,0,0,0,0,0,0,0,0,0,0
180136,3,1,0,0,0,0,0,0,0,0,0,0
180137,1,1,15,15,15,15,15,15,15,15,15,15
180137,2,1,0,0,0,0,0,0,0,0,0,0
180139,1,1,0,8,0,0,0,0,33,0,0,0
180140,1,1,0,0,0,0,0,0,0,0,0,0
180140,2,1,0,0,0,0,0,0,0,0,0,0
180141,0,1,0,0,0,0,0,0,0,0,0,0
180141,1,1,0,0,0,0,0,0,0,0,0,0
180142,1,1,0,0,0,0,0,0,23,0,19,0
180143,1,1,15,15,15,15,15,15,15,15,15,15
180144,1,1,0,0,0,0,17,12,0,0,12,0
180145,1,1,0,0,0,0,0,0,0,0,0,0
180145,2,1,0,0,0,0,0,0,0,0,0,0
180146,0,1,0,0,0,0,0,0,0,0,0,0
180146,1,1,0,0,0,0,0,0,0,0,0,0
180147,1,1,19,19,19,19,19,19,19,19,19,19
180148,1,1,0,0,0,0,0,0,0,0,0,0
180148,2,1,0,0,0,0,0,0,0,0,0,0
180149,1,1,0,0,0,0,0,0,0,0,0,0
180149,2,1,19,19,19,19,19,19,19,19,19,19
180150,1,1,0,0,0,0,0,0,0,0,0,0
180150,2,1,11,0,0,0,0,0,0,0,0,0
180151,1,1,10,10,10,10,10,10,10,10,10,10
180152,1,1,0,12,0,0,38,0,0,0,0,14
180152,2,1,0,0,0,0,0,0,0,0,0,0
180153,1,1,19,19,19,19,19,19,19,19,19,19
180153,2,1,0,0,0,20,0,0,0,0,14,0
180154,1,1,30,0,0,0,11,0,0,17,12,0
180155,1,1,0,0,0,0,0,0,0,0,0,0
180155,2,1,0,0,0,0,0,0,0,0,0,0
180156,1,1,0,0,0,0,0,0,0,0,0,0
180157,1,1,0,0,0,0,0,0,0,0,0,0
180158,1,1,0,16,0,15,0,0,16,21,0,0
180158,2,1,0,0,0,0,0,0,0,0,0,0
180159,0,1,0,26,43,0,0,20,21,0,14,0
180159,1,1,5,0,0,0,11,0,0,0,0,23
180160,1,1,0,0,0,0,0,0,0,0,0,0
180160,2,1,0,0,0,0,0,0,0,0,0,0
180161,0,1,27,27,27,27,27,27,27,27,27,27
180161,1,1,19,19,19,19,19,19,19,19,19,19
180162,1,1,0,0,0,0,0,0,0,0,0,0
180162,2,1,0,0,0,0,0,0,0,0,0,0
180162,3,1,0,0,0,0,0,0,0,0,0,0
180162,4,1,0,0,0,0,0,0,0,0,0,0
180163,1,1,0,0,0,24,0,29,21,0,0,0
180164,1,1,21,10,0,0,20,8,10,16,7,21
180165,1,1,0,0,0,0,0,0,0,0,0,0
180165,2,1,0,0,0,0,0,0,0,0,0,0
180166,1,1,16,16,16,16,16,16,16,16,16,16
180167,1,1,0,0,0,0,0,0,0,0,0,0
180167,2,1,0,0,0,0,0,0,0,0,0,0
180168,1,1,23,23,23,23,23,23,23,23,23,23
180169,1,1,20,20,20,20,20,20,20,20,20,20
180170,1,1,0,0,0,0,14,0,0,0,0,0
180171,1,1,11,0,9,0,4,0,0,0,0,0
180172,1,1,0,0,0,0,0,29,0,0,0,0
180172,2,1,0,0,0,0,0,0,0,0,0,0
180173,1,1,16,28,0,0,11,0,0,0,22,0
180174,1,1,27,27,27,27,27,27,27,27,27,27
180175,1,1,0,0,0,0,0,0,0,0,0,0
180175,2,1,0,0,3,0,0,0,0,0,8,0
180176,1,1,0,0,0,0,0,0,0,0,0,0
180176,2,1,0,0,0,0,0,0,0,0,0,0
180176,3,1,0,0,0,0,0,0,0,0,0,0
180177,1,1,0,0,0,0,0,0,0,0,0,0
180178,1,1,0,0,0,0,0,0,0,0,0,0
180178,2,1,0,0,0,0,0,0,0,0,0,0
180179,1,1,13,13,13,13,13,13,13,13,13,13
180180,1,1,0,0,0,0,28,0,0,0,0,0
180180,2,1,0,0,0,0,0,0,0,0,0,0
180181,0,1,19,19,19,19,19,19,19,19,19,19
180181,2,1,0,0,0,0,0,0,0,0,0,0
180182,1,1,0,0,0,0,0,0,0,0,0,0
180183,1,1,7,17,0,11,0,0,28,0,11,15
180184,1,1,0,0,0,0,0,0,0,0,0,0
180184,2,1,0,0,0,0,0,0,0,0,0,0
180185,1,1,29,22,32,23,0,21,0,0,18,0
180186,0,1,0,0,37,0,0,0,8,0,0,0
180186,1,1,0,0,0,0,0,0,0,0,0,0
180186,2,1,0,0,0,0,0,9,0,0,0,0
180186,3,1,0,0,0,0,0,0,0,0,20,0
180187,1,1,0,0,0,0,0,0,0,0,0,0
180188,1,1,0,0,0,0,0,0,0,0,0,0
180188,2,1,0,0,0,0,0,0,0,0,0,0
180189,0,1,0,0,0,0,20,0,0,32,0,0
180189,1,1,0,0,0,0,0,0,0,0,0,0
180189,2,1,0,0,0,0,0,0,0,0,0,0
180190,1,1,0,0,0,0,0,0,0,0,0,0
180191,1,1,0,0,0,11,0,0,0,0,0,0
180192,1,1,32,19,11,3,0,0,0,0,0,0
180193,1,1,0,0,0,0,0,0,0,0,0,0
180193,2,1,0,0,0,0,0,0,0,0,0,0
180195,1,1,11,23,33,9,24,19,18,0,0,0
180196,1,1,18,18,18,18,18,18,18,18,18,18
180197,0,1,0,0,16,0,14,0,23,0,0,0
180197,1,1,0,0,0,0,0,20,6,14,18,13
180198,1,1,0,36,0,0,0,0,0,16,0,4
180198,2,1,0,0,0,0,0,0,0,0,0,0
180198,3,1,0,0,0,0,0,0,0,0,0,0
180199,1,1,2,2,2,2,2,2,2,2,2,2
180200,1,1,0,0,0,0,0,0,0,0,0,0
180200,2,1,0,0,0,0,0,0,0,0,0,0
180201,1,1,10,13,26,35,0,0,0,27,4,0
180202,1,1,0,0,20,0,0,0,0,0,0,0
180202,2,1,10,10,10,10,10,10,10,10,10,10
180203,1,1,14,14,14,14,14,14,14,14,14,14
180204,1,1,0,0,0,0,0,0,0,0,0,0
180204,2,1,0,0,0,0,0,0,0,0,0,0
180205,1,1,18,18,18,18,18,18,18,18,18,18
180205,2,1,0,0,0,0,0,0,0,0,0,0
180206,1,1,15,0,22,0,0,0,8,0,0,0
180206,2,1,0,0,0,0,0,0,0,0,0,0
180206,3,1,0,0,0,0,0,0,0,0,0,0
180207,1,1,0,0,0,0,0,0,0,0,0,0
180207,2,1,0,0,0,0,0,0,0,0,0,0
180208,1,1,0,0,0,0,0,0,20,0,25,0
180209,1,1,11,11,11,11,11,11,11,11,11,11
180210,1,1,0,0,0,0,0,0,0,0,0,0
180211,1,1,8,8,8,8,8,8,8,8,8,8
180211,2,1,0,0,0,0,0,0,0,0,0,0
180211,3,1,0,0,0,0,0,0,0,0,0,0
180212,0,1,0,0,0,0,0,0,0,0,0,0
180212,1,1,0,0,0,0,0,0,0,0,0,0
180213,0,1,0,0,0,0,0,0,0,0,0,0
180213,1,1,0,21,29,30,0,14,20,0,0,6
180214,1,1,0,0,0,0,0,0,0,0,0,0
180215,1,1,0,0,0,0,0,0,0,0,0,0
180216,1,1,0,31,0,0,7,0,0,27,0,7
180216,2,1,0,0,0,0,0,0,0,0,0,0
180217,1,1,0,14,11,13,0,7,4,16,21,12
180218,0,1,0,29,51,0,0,0,12,0,0,15
180218,1,1,0,0,0,0,0,0,0,0,0,0
180219,1,1,0,0,0,0,0,0,0,0,0,0
180219,2,1,0,11,6,0,0,0,12,21,22,0
180220,1,1,0,0,0,0,0,0,0,0,0,0
180220,2,1,14,14,14,14,14,14,14,14,14,14
180221,1,1,0,0,0,0,0,0,0,0,0,0
180221,2,1,0,0,0,0,0,0,0,0,0,0
180222,1,1,0,0,0,0,0,0,0,0,0,0
180223,0,1,0,22,23,0,6,0,0,0,0,18
180223,1,1,21,21,21,21,21,21,21,21,21,21
180224,1,1,0,0,0,0,0,0,0,0,0,0
180225,1,1,9,0,6,0,0,8,5,0,0,0
180225,2,1,0,0,0,0,0,0,0,0,0,0
180226,1,1,0,0,0,0,0,0,0,0,0,0
180227,1,1,0,0,0,0,0,0,0,0,0,0
180228,1,1,0,0,0,0,0,0,0,0,0,0
180229,1,1,0,0,0,0,1,0,0,0,0,0
180229,2,1,0,0,16,0,0,0,0,0,0,0
180230,1,1,0,0,0,0,0,0,0,0,0,0
180230,2,1,0,0,0,0,0,0,0,0,0,0
180231,1,1,37,37,37,37,37,37,37,37,37,37
180231,2,1,11,10,0,0,12,13,14,9,11,3
180232,1,1,17,17,17,17,17,17,17,17,17,17
180233,1,1,17,0,13,0,15,0,16,5,0,0
180233,2,1,0,0,0,0,0,0,0,0,0,0
180234,1,1,0,0,0,22,13,0,0,0,12,0
180235,1,1,0,0,0,0,0,0,0,0,0,0
180235,2,1,0,0,0,0,0,0,0,0,0,0
180236,1,1,8,12,0,10,8,0,9,0,10,9
180237,1,1,30,30,30,30,30,30,30,30,30,30
180237,2,1,0,0,0,0,0,0,0,0,0,0
180238,1,1,14,14,14,14,14,14,14,14,14,14
180238,2,1,0,0,0,0,0,0,0,0,0,0
180239,1,1,0,0,0,0,0,0,0,0,0,0
180239,2,1,0,0,0,0,0,0,0,0,0,0
180240,1,1,4,4,4,4,4,4,4,4,4,4
180241,1,1,0,0,0,0,0,0,0,0,0,0
180241,2,1,0,0,0,0,0,0,0,0,0,0
180242,1,1,0,0,0,0,0,0,0,0,0,0
180242,2,1,0,0,0,0,0,0,0,0,0,0
180242,3,1,0,0,0,0,0,0,0,0,0,0
180242,4,1,0,0,0,0,0,0,0,0,0,0
180242,5,1,0,0,0,0,0,0,0,0,0,0
180243,1,1,0,0,0,28,0,0,0,0,0,0
180244,1,1,0,0,0,0,0,0,0,0,0,0
180245,1,1,0,0,0,0,0,0,0,0,0,0
180245,2,1,0,0,0,0,0,0,0,0,0,0
180246,1,1,0,0,0,0,0,0,0,0,0,0
180246,2,1,0,0,0,0,0,0,0,0,0,0
180247,1,1,0,0,0,0,0,0,0,0,0,0
180248,1,1,0,0,0,0,0,0,0,0,0,0
180249,0,1,0,7,0,0,9,0,0,20,0,0
180249,1,1,0,0,0,0,0,0,0,0,0,0
180250,1,1,0,0,0,0,0,0,0,0,0,0
180250,2,1,16,16,16,16,16,16,16,16,16,16
180251,1,1,0,0,0,0,0,0,0,0,0,0
180251,2,1,11,0,7,29,9,2,6,0,0,19
180252,1,1,0,0,0,0,0,0,0,0,0,0
180252,2,1,0,0,0,0,0,0,0,0,0,9
180253,1,1,14,14,14,14,14,14,14,14,14,14
180253,2,1,0,0,0,0,0,0,0,0,0,0
180254,1,1,0,0,0,0,0,0,0,0,0,0
180254,2,1,0,0,0,0,0,0,0,0,0,0
180255,1,1,11,30,27,17,0,20,0,0,21,18
180256,1,1,0,0,0,0,0,0,0,0,0,0
180256,2,1,0,0,0,0,0,0,0,0,0,0
180256,3,1,0,0,0,0,0,0,0,0,0,0
180256,4,1,0,0,0,0,0,0,0,0,0,0
180256,5,1,0,0,0,0,0,0,0,0,0,0
180256,6,1,0,0,0,0,0,0,0,0,0,0
180257,1,1,9,9,9,9,9,9,9,9,9,9
180258,1,1,0,0,0,18,14,0,10,0,0,0
180258,2,1,0,0,0,0,0,0,0,0,0,0
180259,0,1,11,15,32,17,0,0,9,0,10,0
180259,1,1,20,10,0,0,19,24,0,0,0,17
180260,1,1,14,14,14,14,14,14,14,14,14,14
180261,1,1,0,0,0,0,0,0,0,0,0,0
180261,2,1,1,1,1,1,1,1,1,1,1,1
180262,1,1,0,0,18,0,0,9,0,0,0,0
180262,2,1,0,0,0,0,0,0,0,0,0,0
180262,3,1,0,0,0,0,0,0,0,0,0,0
180263,1,1,10,0,18,0,9,14,9,7,8,0
180264,1,1,0,9,0,0,19,0,13,20,15,13
180265,1,1,0,0,0,0,0,0,0,0,0,0
180266,1,1,23,23,23,23,23,23,23,23,23,23
180267,1,1,0,0,0,0,0,0,0,0,0,0
180267,2,1,0,0,0,0,0,0,0,8,13,0
180268,1,1,0,15,0,7,0,0,0,0,4,0
180268,2,1,0,0,0,0,0,0,0,0,0,0
180269,1,1,26,26,26,26,26,26,26,26,26,26
180269,2,1,0,0,0,0,0,0,0,0,0,0
180270,1,1,0,0,0,0,0,0,0,0,0,0
180270,2,1,0,0,0,0,0,0,0,0,0,0
180271,1,1,15,15,15,15,15,15,15,15,15,15
180271,2,1,0,0,0,0,0,0,0,0,0,0
180272,1,1,0,0,0,0,0,0,0,0,0,0
180273,0,1,0,0,0,0,0,0,0,0,0,0
180273,1,1,0,0,0,0,0,0,0,0,0,0
180274,1,1,0,0,0,0,24,0,0,0,0,0
180274,2,1,0,0,0,0,0,0,0,0,0,0
180275,1,1,18,18,18,18,18,18,18,18,18,18
180276,1,1,0,0,0,0,0,0,0,0,0,0
180276,2,1,0,0,0,0,0,2,0,14,11,0
180277,1,1,0,0,0,0,0,0,9,0,0,0
180278,1,1,0,0,0,0,0,0,0,0,0,0
180279,1,1,0,0,0,0,0,0,0,0,0,0
180281,0,1,14,0,0,0,0,0,31,0,0,16
180281,1,1,0,0,0,11,0,0,0,0,0,0
180282,0,1,24,24,18,23,0,26,0,24,0,15
180282,1,1,0,0,0,0,0,0,0,0,0,7
180283,1,1,0,0,0,0,0,0,0,0,0,0
180283,2,1,0,0,0,0,0,0,0,0,0,0
180284,1,1,24,0,0,0,0,0,0,36,0,0
180285,1,1,26,26,26,26,26,26,26,26,26,26
180286,1,1,0,0,0,0,0,0,24,0,0,0
180286,2,1,0,0,0,0,0,0,0,0,0,0
180287,1,1,17,17,17,17,17,17,17,17,17,17
180288,1,1,35,14,0,0,0,0,0,0,0,0
180289,1,1,0,0,0,12,19,0,0,0,13,0
180290,1,2,0,0,0,0,0,14,0,0,0,15
180291,1,1,0,14,9,0,16,0,8,23,0,0
180292,1,1,0,0,0,0,0,0,0,0,0,0
180292,2,1,0,0,0,0,0,0,0,0,0,0
180293,1,1,0,0,0,0,0,0,0,0,0,0
180293,2,1,4,4,4,4,4,4,4,4,4,4
180294,1,1,10,10,10,10,10,10,10,10,10,10
180295,1,1,0,0,0,0,0,0,0,0,0,0
180295,2,1,0,0,0,0,0,0,0,0,0,0
180296,1,1,0,0,16,0,0,13,20,0,0,0
180297,1,1,0,0,0,0,0,0,0,0,0,0
180297,2,1,0,0,0,0,0,0,0,0,0,0
180297,3,1,0,0,0,0,0,0,0,0,0,0
180298,0,1,17,17,17,17,17,17,17,17,17,17
180298,1,1,0,0,0,0,0,0,0,0,0,0
180299,1,1,0,0,0,0,0,0,0,0,0,0
180299,2,1,0,0,0,0,0,0,0,0,0,0
180300,1,1,12,12,12,12,12,12,12,12,12,12
180300,2,1,0,0,0,0,0,0,0,0,0,0
180301,1,1,0,0,0,0,15,0,0,0,0,22
180302,1,1,18,0,0,0,0,0,31,14,0,0
180302,2,1,0,0,0,0,0,0,0,0,0,0
180303,1,1,21,0,0,0,18,0,0,0,0,0
180303,2,1,0,0,0,0,0,0,0,0,0,0
180304,1,1,0,0,0,0,17,8,0,10,0,0
180304,2,1,0,0,0,0,0,0,0,0,0,0
180304,3,1,0,0,0,0,0,0,0,0,0,0
180305,1,1,0,0,0,0,0,0,0,0,0,0
180306,1,1,0,0,0,0,0,0,0,0,0,0
180307,1,1,0,0,0,0,0,0,0,12,0,0
180307,2,1,0,22,0,0,18,9,22,8,7,0
180308,1,1,0,0,0,0,0,0,0,0,0,0
180309,1,1,0,0,0,0,0,0,0,0,0,0
180309,2,1,0,0,0,0,0,0,0,0,0,0
180309,3,1,0,0,0,0,0,0,0,0,0,0
180310,0,1,0,0,0,0,0,0,0,0,0,0
180310,1,1,0,0,0,0,0,0,0,0,0,0
180311,1,1,0,0,0,0,0,0,0,0,0,0
180312,1,1,0,11,0,19,0,29,0,0,0,0
180313,0,1,28,28,28,28,28,28,28,28,28,28
180313,1,1,0,0,0,0,0,0,0,0,0,0
180314,1,1,0,0,0,0,9,22,0,0,0,29
180314,2,1,0,0,0,0,0,0,0,0,0,0
180315,1,1,0,0,11,19,16,12,0,0,12,0
180316,1,1,0,0,0,0,0,0,0,0,0,0
180316,2,1,0,0,0,0,0,0,0,0,0,0
180317,1,1,0,0,0,0,0,0,0,0,0,0
180317,2,1,0,0,0,0,0,0,0,0,0,0
180318,1,1,0,0,0,0,0,0,0,0,0,0
180318,2,1,0,0,0,0,0,0,0,0,0,0
180319,1,1,0,0,0,0,0,0,0,0,0,0
180320,1,1,0,0,0,0,0,0,0,0,0,0
180321,1,1,0,0,0,0,0,0,0,0,0,0
180321,2,1,0,0,0,0,0,0,0,0,0,0
180322,0,1,0,0,19,0,0,14,19,0,0,16
180322,1,1,0,0,0,0,0,0,0,0,0,0
180323,1,1,33,17,0,25,5,0,13,0,12,21
180324,1,1,10,10,10,10,10,10,10,10,10,10
180325,1,1,0,0,0,0,0,0,0,0,0,0
180325,2,1,0,0,0,0,0,0,0,0,0,0
180327,1,1,8,8,8,8,8,8,8,8,8,8
180327,2,1,0,0,0,0,0,0,0,0,0,0
180328,1,1,23,23,23,23,23,23,23,23,23,23
180329,1,1,0,0,0,0,0,0,0,0,0,0
180329,2,1,0,0,0,0,0,0,0,0,0,0
180330,1,1,0,0,0,0,11,9,0,11,0,0
180331,1,1,16,16,16,16,16,16,16,16,16,16
180332,1,1,0,0,0,0,8,0,0,0,0,0
180333,1,1,0,0,0,0,0,0,0,18,0,0
180333,2,1,0,0,0,0,0,0,0,0,0,0
180334,1,1,0,0,0,0,0,0,0,0,0,0
180334,2,1,0,0,0,0,0,0,0,0,0,0
180335,1,1,17,17,17,17,17,17,17,17,17,17
180336,0,1,0,0,0,0,0,19,0,0,0,0
180336,1,1,0,0,0,0,0,0,0,0,0,0
180337,1,1,35,35,35,35,35,35,35,35,35,35
180337,2,1,0,0,0,0,0,0,0,0,0,0
180338,0,1,0,0,0,0,0,0,0,0,0,0
180338,1,1,0,0,0,0,0,0,0,0,0,0
180339,1,1,0,0,0,0,0,0,24,0,0,0
180340,1,1,0,0,0,0,0,0,0,0,0,0
180340,2,1,0,0,0,0,0,0,0,0,0,0
180341,1,1,0,0,0,0,0,0,0,0,0,0
180342,1,1,0,18,19,15,6,17,14,0,35,27
180343,1,1,0,16,0,0,10,0,0,0,0,0
180344,1,1,23,23,23,23,23,23,23,23,23,23
180344,2,1,0,0,0,0,0,0,0,0,0,0
180344,3,1,0,0,0,0,0,0,0,0,0,0
180345,1,1,0,0,0,13,0,0,0,13,0,9
180346,1,1,0,0,18,20,0,0,0,0,0,0
180347,1,1,13,0,0,0,0,0,6,0,18,0
180347,2,1,0,0,0,0,0,0,0,0,0,0
180348,1,1,15,15,15,15,15,15,15,15,15,15
180348,2,1,0,0,0,0,0,0,0,0,0,17
180349,1,1,10,0,0,0,15,0,29,21,16,0
180349,2,1,0,0,0,0,13,0,0,12,20,15
180350,1,1,0,0,0,0,0,0,0,0,0,0
180351,0,1,0,19,0,0,0,0,0,0,0,0
180351,1,1,0,0,0,0,0,0,16,0,0,0
180352,1,1,0,0,0,0,0,0,0,0,0,0
180352,2,1,0,0,0,0,0,0,0,0,0,0
180353,0,1,0,0,0,44,0,0,0,0,0,0
180353,1,1,0,0,0,0,0,0,0,0,0,0
180354,1,1,0,0,0,0,0,0,0,0,0,0
180355,1,1,0,0,0,26,0,0,0,0,0,0
180355,2,1,0,0,0,0,0,0,0,0,0,21
180356,1,1,0,12,0,0,0,0,8,0,28,0
180357,1,1,0,0,0,0,31,0,0,0,0,0
180358,1,1,0,0,0,0,0,0,0,0,0,0
180359,1,1,4,0,0,0,0,0,3,0,0,0
180359,2,1,0,0,0,0,0,0,0,0,0,0
180360,1,1,0,18,0,0,0,16,0,11,23,19
180361,1,1,0,0,0,0,0,0,0,0,0,0
180361,2,1,0,0,0,0,0,0,0,0,0,0
180361,3,1,0,0,0,0,0,0,0,0,0,0
180361,4,1,0,0,0,0,0,0,0,0,0,0
180361,5,1,0,0,0,0,0,0,0,0,0,0
180363,1,1,0,0,0,0,0,0,0,0,0,0
180363,2,1,0,0,0,0,0,0,0,0,0,0
180364,1,1,0,0,0,0,0,0,0,0,0,0
180365,1,1,0,0,0,0,0,0,0,0,0,0
180366,0,1,0,0,0,0,0,0,0,0,0,0
180366,1,1,0,0,0,0,0,0,0,0,0,0
180367,1,1,0,0,0,0,0,0,0,0,0,0
180367,2,1,0,0,0,0,0,0,0,0,0,0
180367,3,1,0,0,0,0,0,0,0,0,0,0
180367,4,1,0,0,0,0,0,0,0,0,0,0
180368,1,1,0,0,0,0,0,0,0,0,0,0
180369,1,1,0,0,0,0,0,0,0,0,0,0
180369,2,1,0,0,0,0,0,0,0,0,0,0
180369,3,1,0,0,0,0,0,0,0,0,0,0
180370,1,1,0,0,0,0,0,0,0,0,0,0
180370,2,1,0,0,0,0,0,0,0,0,0,0
180371,1,1,0,0,0,0,0,0,0,0,0,0
180372,1,1,0,0,0,0,0,0,0,0,0,0
180372,2,1,0,0,0,0,0,0,0,0,0,0
180373,1,1,0,0,0,0,0,0,0,0,0,0
180374,1,1,0,0,0,0,0,0,0,0,0,0
180374,2,1,0,0,0,0,0,0,0,0,0,0
180375,1,1,0,0,0,0,0,0,0,0,0,0
180375,2,1,0,0,0,0,0,0,0,0,0,0
180376,1,1,0,0,0,0,0,0,0,0,0,0
180376,2,1,0,0,0,0,0,0,0,0,0,0
180377,1,1,0,6,0,0,0,16,18,26,31,5
180378,1,1,0,0,0,0,0,0,0,0,0,0
180378,2,1,0,0,0,0,0,0,0,0,0,0
180378,3,1,0,0,0,0,0,0,0,0,0,0
180378,4,1,0,0,0,0,0,0,0,0,0,0
180378,5,1,0,0,0,0,0,0,0,0,0,0
180378,6,1,0,0,0,0,0,0,0,0,0,0
180378,7,1,0,0,0,0,0,0,0,0,0,0
180379,1,1,0,0,0,0,0,0,18,0,0,0
180379,2,1,0,0,3,0,0,0,0,0,0,0
180380,1,1,0,0,0,0,0,0,0,0,0,0
180380,2,1,0,0,0,0,0,0,0,0,0,0
180381,1,1,0,0,0,0,0,0,0,0,0,0
180381,2,1,0,0,0,0,0,0,0,0,0,0