ST_CASE,VEH_NO,PER_NO,P1,P2,P3,P4,P5,P6,P7,P8,P9,P10
180382,1,1,24,24,24,24,24,24,24,24,24,24
180383,1,1,20,20,20,20,20,20,20,20,20,20
180384,1,1,0,0,0,0,0,0,0,0,0,0
180385,0,1,0,0,0,0,0,0,32,0,0,0
180385,1,1,0,0,0,0,0,0,0,0,0,0
180387,1,1,29,29,29,29,29,29,29,29,29,29
180388,1,1,0,0,0,0,0,0,0,0,0,0
180388,2,1,0,0,0,0,0,0,0,0,0,0
180388,3,1,0,0,0,0,0,0,0,0,0,0
180389,1,1,0,0,0,0,0,0,0,0,0,0
180389,2,1,9,0,0,0,0,2,0,0,0,0
180390,1,1,0,0,0,0,0,0,0,0,0,0
180390,2,1,0,0,0,0,0,0,0,0,0,0
180390,3,1,0,0,0,0,0,0,0,0,0,0
180390,4,1,0,0,0,0,17,0,0,0,0,0
180391,1,1,0,0,0,0,0,0,0,0,0,0
180391,2,1,0,0,0,0,0,0,0,0,0,0
180391,3,1,0,0,0,0,0,0,0,0,0,0
180391,4,1,0,0,0,0,0,0,0,0,0,0
180391,5,1,0,0,0,0,0,0,0,0,0,0
180391,6,1,0,0,0,0,0,0,0,0,0,0
180392,1,1,0,0,0,0,0,0,0,0,0,0
180392,2,1,0,0,0,0,0,0,0,0,0,0
180393,1,1,22,0,31,0,0,14,20,0,0,14
180394,1,1,5,5,5,5,5,5,5,5,5,5
180395,1,1,0,0,0,0,0,0,0,0,0,0
180395,2,1,0,0,0,0,0,0,0,0,0,0
180396,1,1,19,19,19,19,19,19,19,19,19,19
180396,2,1,13,13,13,13,13,13,13,13,13,13
180397,0,1,0,0,0,0,0,0,0,0,0,0
180397,1,1,0,0,0,0,0,0,0,0,0,0
180398,1,1,0,0,0,0,0,0,0,0,0,0
180399,1,1,16,16,16,16,16,16,16,16,16,16
180400,1,1,0,7,0,0,29,14,0,0,22,21
180400,2,1,0,0,0,0,0,0,0,0,0,0
180401,0,1,0,0,0,0,0,0,0,0,0,0
180401,1,1,0,0,17,0,17,0,0,0,0,0
180402,1,1,0,0,0,0,18,0,0,0,0,0
180403,0,1,35,0,0,22,0,0,24,7,16,24
180403,1,1,0,0,0,0,0,0,0,0,0,0
180404,1,1,21,21,21,21,21,21,21,21,21,21
180405,1,1,0,0,0,0,0,0,0,0,0,0
180405,2,1,0,0,12,13,0,0,0,0,0,0
180406,1,1,0,15,0,0,0,0,5,0,0,0
180407,1,1,8,0,0,0,0,18,0,0,0,0
180408,1,1,0,0,0,0,0,0,0,0,21,0
180408,2,1,0,0,0,0,0,0,0,0,0,0
180409,1,1,5,17,17,15,6,12,26,15,4,14
180409,2,1,11,35,0,0,10,0,0,0,26,14
180410,1,1,0,0,0,0,0,0,0,0,0,0
180410,2,1,0,0,0,0,0,0,0,0,0,0
180411,1,1,27,27,27,27,27,27,27,27,27,27
180412,1,1,0,0,0,0,0,0,0,0,0,0
180412,2,1,0,0,0,0,0,0,0,0,0,0
180412,3,1,0,0,0,21,0,0,0,0,0,0
180413,1,1,19,24,9,19,19,20,7,30,8,12
180414,1,1,22,22,22,22,22,22,22,22,22,22
180415,1,1,0,0,0,0,0,0,0,0,0,0
180415,2,1,0,0,0,0,0,0,0,0,0,0
180416,1,1,0,0,0,0,0,0,0,0,0,0
180416,2,1,0,0,0,0,0,0,0,0,0,0
180417,1,1,0,0,0,0,0,0,0,0,0,0
180417,2,1,0,0,0,0,0,0,0,0,0,0
180418,1,1,0,0,0,0,0,0,0,0,0,0
180418,2,1,0,0,0,0,0,0,0,0,0,0
180419,1,1,11,11,11,11,11,11,11,11,11,11
180419,2,1,0,0,0,0,0,0,0,0,0,0
180420,1,1,0,0,0,0,0,0,0,0,0,0
180420,2,1,0,0,0,0,0,0,0,0,0,0
180421,1,1,0,0,0,0,0,0,0,0,0,0
180421,2,1,0,0,0,0,0,0,0,0,0,0
180421,3,1,0,0,0,0,0,0,0,0,0,26
180421,4,1,0,0,0,0,0,0,0,0,0,0
180422,1,1,0,0,11,15,36,0,5,15,13,28
180423,1,1,0,0,0,0,0,0,13,12,0,0
180424,1,1,0,0,0,0,0,0,0,0,0,0
180425,1,1,0,0,0,0,0,0,0,0,18,0
180425,2,1,0,0,0,0,0,0,0,0,0,0
180425,3,1,0,0,0,0,0,0,0,0,0,0
180426,1,1,22,0,0,0,0,0,0,0,0,0
180427,1,1,0,0,0,0,0,0,0,0,0,0
180428,1,1,0,0,0,0,0,0,0,0,0,21
180428,2,1,0,0,0,0,0,0,0,0,0,0
180429,1,1,0,0,0,0,7,0,0,0,0,0
180429,2,1,0,23,0,0,0,0,0,0,0,0
180430,1,1,7,0,17,0,0,0,0,4,0,0
180430,2,1,0,0,0,0,0,0,0,0,0,0
180431,1,1,0,0,0,0,17,0,0,0,0,0
180432,1,1,10,10,10,10,10,10,10,10,10,10
180432,2,1,0,0,0,0,0,19,0,0,0,0
180433,1,1,0,0,0,0,0,0,0,0,0,0
180433,2,1,0,0,0,0,0,0,0,0,0,0
180434,0,1,11,11,11,11,11,11,11,11,11,11
180434,1,1,0,0,0,0,0,0,0,0,0,0
180435,0,1,0,18,0,0,11,0,0,21,0,0
180435,1,1,0,0,0,26,0,3,0,39,40,0
180436,1,1,16,0,0,0,0,0,0,0,0,0
180436,2,1,0,0,0,0,0,0,0,0,0,0
180437,1,1,0,0,0,0,0,0,0,0,0,0
180438,1,1,0,0,0,0,0,0,0,0,0,0
180438,2,1,12,7,0,0,0,0,8,0,0,0
180439,1,1,0,0,0,0,0,0,0,0,0,0
180439,2,1,0,0,0,0,0,0,0,0,0,0
180440,0,1,0,0,0,0,0,20,0,0,22,0
180440,1,1,27,27,27,27,27,27,27,27,27,27
180441,1,1,0,0,0,0,0,0,0,0,0,0
180441,2,1,0,0,0,0,0,0,0,0,0,0
180442,1,1,0,0,0,0,0,0,0,0,0,0
180442,2,1,0,0,0,0,0,0,0,0,0,0
180443,1,1,31,31,31,31,31,31,31,31,31,31
180444,0,1,0,0,0,0,0,0,0,0,0,0
180444,1,1,0,0,17,0,0,0,0,0,0,0
180445,1,1,0,0,0,0,3,0,0,21,0,0
180446,1,1,0,0,0,0,0,0,0,0,0,0
180446,2,1,0,0,0,0,0,0,0,0,0,0
180447,1,1,0,22,0,0,0,13,11,13,17,0
180447,2,1,0,0,0,0,0,0,0,0,0,0
180448,0,1,0,0,0,0,0,0,0,0,0,0
180448,1,1,0,0,0,0,0,0,0,0,0,0
180449,1,1,0,0,0,0,27,0,0,0,0,0
180449,2,1,0,0,0,0,0,0,0,0,0,0
180450,1,1,15,15,15,15,15,15,15,15,15,15
180451,0,1,0,0,0,0,10,27,0,0,0,0
180451,1,1,0,0,0,0,0,0,0,0,0,0
180452,1,1,0,0,0,0,0,0,0,0,0,0
180452,2,1,0,0,0,0,0,0,0,0,0,0
180453,1,1,9,0,0,0,19,17,16,9,0,10
180454,1,1,19,17,13,0,32,19,0,22,5,16
180455,1,1,0,0,0,0,0,0,0,0,0,0
180455,2,1,0,0,0,0,0,0,0,0,0,0
180455,3,1,3,3,3,3,3,3,3,3,3,3
180456,1,1,0,0,0,0,0,0,0,0,0,0
180456,2,1,0,0,36,0,0,21,0,0,0,16
180457,1,1,26,19,0,14,0,36,24,0,21,16
180458,1,1,0,0,0,0,0,0,0,0,0,0
180459,1,1,24,24,24,24,24,24,24,24,24,24
180460,1,1,0,0,0,0,0,0,0,0,14,0
180460,2,1,0,0,0,0,0,0,0,0,0,0
180460,3,1,0,0,7,8,0,0,7,0,0,0
180461,1,1,0,0,0,0,0,0,0,0,0,0
180461,2,1,6,0,0,11,0,0,0,0,0,0
180461,3,1,22,22,0,0,18,0,0,8,0,29
180462,1,1,11,17,15,0,0,0,0,17,0,45
180463,1,1,2,2,2,2,2,2,2,2,2,2
180464,1,1,2,2,2,2,2,2,2,2,2,2
180464,2,1,0,0,0,0,15,0,0,0,16,0
180465,0,1,0,0,0,0,0,0,0,0,0,0
180465,1,1,0,0,0,0,0,0,0,0,0,0
180466,1,1,0,0,27,22,0,0,0,0,19,0
180467,1,1,0,0,0,0,0,0,0,0,0,0
180468,1,1,5,18,0,19,24,18,0,8,12,18
180469,1,1,13,7,0,0,17,7,0,22,22,0
180470,1,1,0,0,0,0,0,0,0,0,0,0
180471,1,1,0,0,0,0,0,0,0,0,0,0
180471,2,1,0,0,0,0,0,0,0,0,0,0
180472,1,1,13,13,13,13,13,13,13,13,13,13
180472,2,1,0,0,0,0,0,0,0,0,0,0
180473,1,1,0,0,0,0,0,0,0,0,0,0
180473,2,1,0,0,0,0,0,0,0,0,0,0
180474,1,1,0,0,0,0,0,0,0,0,16,0
180475,0,1,0,0,0,0,0,0,0,0,0,0
180475,1,1,0,0,0,0,0,0,0,0,0,0
180476,1,1,26,0,12,0,18,0,19,11,0,0
180477,1,1,0,11,0,0,0,0,0,0,0,0
180478,1,1,15,30,13,26,23,23,12,0,0,21
180479,1,1,30,12,19,34,46,11,0,0,13,18
180479,2,1,0,0,0,0,0,0,0,0,0,0
180479,3,1,10,0,0,0,0,0,0,0,0,13
180480,1,1,0,0,0,0,0,0,0,0,0,0
180480,2,1,0,0,0,0,0,0,0,0,0,0
180481,1,1,0,0,0,0,0,0,0,0,0,0
180482,1,1,0,0,0,0,0,0,0,0,0,0
180483,1,1,23,0,0,0,0,0,16,0,22,0
180484,1,1,20,20,20,20,20,20,20,20,20,20
180484,2,1,0,0,0,0,0,0,0,0,0,0
180485,1,1,0,0,0,4,0,0,0,0,0,13
180486,1,1,0,0,0,0,0,0,0,0,0,0
180486,2,1,0,0,0,0,0,0,0,0,0,0
180487,1,1,0,0,0,0,0,0,0,0,0,0
180487,2,1,0,0,0,0,0,0,0,0,0,0
180489,1,1,0,0,34,0,0,18,0,0,0,0
180490,1,1,22,22,22,22,22,22,22,22,22,22
180490,2,1,0,0,0,0,0,0,0,0,0,0
180491,1,1,0,0,0,0,0,0,0,0,0,0
180491,2,1,0,12,0,0,0,15,0,7,0,0
180492,1,1,0,0,0,0,0,0,0,0,0,0
180494,1,1,5,5,5,5,5,5,5,5,5,5
180495,1,1,7,7,7,7,7,7,7,7,7,7
180496,1,1,2,2,2,2,2,2,2,2,2,2
180497,1,1,28,28,28,28,28,28,28,28,28,28
180498,1,1,0,0,0,0,0,0,0,0,0,0
180498,2,1,0,0,0,0,0,0,0,0,0,0
180498,3,1,0,0,0,0,0,0,0,0,0,0
180499,1,1,0,0,0,0,0,0,0,0,0,0
180500,1,1,0,0,0,0,0,0,0,0,0,0
180500,2,1,0,0,0,0,0,0,0,0,0,0
180500,3,1,0,0,0,0,0,0,0,0,0,0
180500,4,1,0,0,0,0,0,0,0,0,0,0
180500,5,1,0,0,0,0,0,0,0,0,0,0
180500,6,1,0,0,0,0,0,0,0,0,0,0
180501,1,1,0,0,0,0,0,0,0,0,0,0
180501,2,1,0,0,0,0,0,0,0,0,0,0
180502,1,1,0,0,0,0,0,0,0,0,0,0
180503,1,1,28,28,28,28,28,28,28,28,28,28
180504,1,1,0,0,0,0,0,0,0,0,0,44
180504,2,1,0,0,0,0,0,0,0,0,0,0
180505,1,1,0,0,0,30,8,0,26,12,7,5
180506,1,1,8,8,8,8,8,8,8,8,8,8
180507,1,1,0,0,0,0,0,0,0,0,0,0
180507,2,1,0,0,0,0,0,0,0,0,0,0
180508,1,1,3,3,3,3,3,3,3,3,3,3
180509,1,1,0,0,0,31,0,0,0,0,25,0
180509,2,1,0,0,0,0,0,0,0,0,0,0
180510,1,1,0,0,0,0,0,0,0,0,0,0
180510,2,1,0,0,0,0,0,0,0,0,0,0
180511,1,1,0,0,0,0,0,0,0,0,0,0
180511,2,1,0,0,0,0,0,0,0,0,0,0
180512,0,1,0,0,0,0,0,0,0,0,0,0
180512,0,2,0,0,0,0,0,0,0,0,0,0
180512,0,3,0,0,0,0,0,0,0,0,0,0
180512,1,1,0,0,0,0,0,0,0,0,0,0
180512,2,1,0,0,0,0,0,0,0,0,0,0
180513,1,1,0,0,0,0,0,4,0,21,0,0
180513,2,1,16,0,0,0,0,0,22,0,0,0
180514,1,1,0,0,0,0,0,0,0,0,0,0
180514,2,1,0,0,0,0,0,0,0,0,0,0
180515,1,1,0,0,0,0,0,0,0,0,0,0
180515,2,1,0,0,0,0,0,0,0,0,0,0
180515,3,1,0,0,0,0,0,0,0,0,0,0
180515,4,1,0,0,0,0,0,0,0,0,0,0
180516,0,1,0,0,0,0,0,0,0,0,0,0
180516,1,1,10,10,10,10,10,10,10,10,10,10
180517,1,1,0,12,0,28,0,0,0,0,18,0
180518,1,1,10,10,10,10,10,10,10,10,10,10
180519,0,1,21,21,21,21,21,21,21,21,21,21
180519,1,1,0,29,0,27,0,0,15,14,26,0
180520,1,1,0,0,0,0,0,0,0,0,0,4
180522,0,1,12,0,0,0,0,0,0,7,0,34
180522,1,1,0,0,0,0,0,0,0,0,0,0
180523,1,1,0,0,0,0,0,0,0,0,0,0
180523,2,1,0,0,0,0,0,0,0,0,0,0
180524,0,1,0,0,0,0,0,0,0,0,0,0
180524,1,1,0,0,0,0,0,0,0,0,0,0
180525,1,1,0,16,0,22,25,0,15,0,0,33
180525,2,1,0,0,0,0,0,0,0,0,0,0
180526,1,1,25,25,25,25,25,25,25,25,25,25
180526,2,1,0,0,0,0,0,0,0,0,0,0
180526,3,1,0,0,0,0,0,0,0,0,0,0
180527,1,1,0,0,0,0,0,0,0,0,0,0
180527,2,1,0,0,0,0,0,0,0,0,0,0
180528,1,1,0,0,0,0,0,0,0,0,0,0
180528,2,1,0,0,0,0,0,0,0,0,0,0
180529,1,1,19,19,19,19,19,19,19,19,19,19
180529,2,1,0,0,0,0,0,0,0,0,0,0
180530,1,1,0,0,0,0,0,0,0,0,0,0
180530,2,1,0,0,0,0,0,0,0,0,0,0
180531,1,1,0,0,0,0,0,0,0,0,0,23
180532,1,1,0,14,29,31,0,29,0,17,21,19
180533,1,1,0,0,0,0,0,0,0,0,0,0
180533,2,1,9,9,9,9,9,9,9,9,9,9
180534,0,1,0,0,0,0,0,0,0,0,0,0
180534,1,1,0,0,0,0,0,0,0,0,0,0
180535,1,1,0,0,0,0,23,0,0,0,0,0
180536,0,1,0,0,0,0,0,12,0,44,0,16
180536,1,1,0,0,0,0,0,0,0,0,0,0
180537,1,1,0,0,0,0,0,0,0,0,0,0
180537,2,1,0,0,0,0,0,0,0,0,0,0
180538,1,1,0,0,0,0,0,0,0,0,0,0
180538,2,1,0,0,0,0,0,0,0,0,0,0
180539,1,1,0,0,0,0,0,0,0,0,0,0
180539,2,1,0,7,0,0,0,0,0,0,0,0
180539,3,1,0,0,0,0,0,0,0,0,0,0
180539,4,1,19,0,0,4,4,12,0,0,19,0
180539,5,1,0,0,0,0,0,0,0,0,0,0
180539,6,1,0,0,0,0,0,0,0,0,0,0
180539,7,1,0,0,0,0,0,0,0,0,0,0
180539,8,1,0,0,0,0,0,0,0,0,0,0
180539,9,1,0,0,0,0,0,0,0,0,0,0
180539,10,1,0,0,0,0,0,0,0,0,0,0
180539,11,1,0,0,0,0,0,0,0,0,0,0
180539,12,1,0,0,0,0,0,7,0,0,0,0
180540,1,1,0,0,0,11,0,0,0,0,2,0
180540,2,1,0,0,0,0,0,0,0,0,0,0
180541,0,1,0,30,0,0,0,51,0,0,54,15
180541,1,1,0,0,0,0,0,0,0,0,0,0
180542,1,1,0,0,0,0,0,0,0,0,0,0
180543,0,1,0,0,0,0,0,0,0,0,0,0
180543,1,1,4,0,10,4,4,0,6,0,7,0
180544,1,1,0,0,0,0,0,0,0,0,0,0
180546,0,1,27,11,32,0,0,0,0,0,28,26
180546,1,1,17,17,17,17,17,17,17,17,17,17
180546,2,1,1,1,1,1,1,1,1,1,1,1
180547,1,1,0,0,0,0,0,0,0,0,0,0
180547,2,1,0,0,0,0,0,0,0,0,24,0
180547,3,1,0,0,0,0,0,0,0,0,0,0
180548,1,1,0,0,0,0,0,0,0,0,0,0
180548,2,1,0,0,0,0,0,0,0,0,0,0
180549,1,1,0,0,0,0,0,0,0,0,0,0
180550,1,1,0,0,0,0,0,0,0,14,0,0
180550,2,1,0,0,0,0,0,0,0,0,0,0
180551,1,1,0,0,0,0,0,0,0,28,0,0
180551,2,1,0,0,0,0,0,0,0,0,0,0
180552,1,1,7,12,25,8,29,6,0,0,20,4
180553,1,1,14,14,14,14,14,14,14,14,14,14
180554,1,1,0,0,0,0,0,0,0,0,0,0
180555,1,1,0,0,0,0,0,0,0,0,0,0
180555,2,1,0,0,0,0,0,0,0,0,0,0
180555,3,1,0,0,0,0,11,11,0,0,15,22
180556,1,1,0,40,0,0,0,0,0,0,0,0
180557,1,1,0,0,0,0,0,0,0,0,0,0
180557,2,1,0,0,0,0,0,0,0,0,0,0
180558,1,1,0,0,0,0,0,0,0,0,0,0
180558,2,1,0,0,0,0,0,0,0,0,0,0
180559,1,1,16,16,16,16,16,16,16,16,16,16
180560,1,1,0,0,0,0,8,0,0,0,0,16
180561,1,1,0,0,0,0,0,0,0,0,0,0
180562,1,1,2,0,0,23,0,0,7,0,28,0
180562,2,1,0,0,0,0,0,0,0,0,0,0
180563,1,1,0,0,0,4,0,3,0,4,0,0
180564,1,1,0,0,0,0,0,0,0,0,0,0
180564,2,1,0,0,0,0,0,0,0,0,0,0
180565,1,1,0,9,0,0,11,9,0,0,32,0
180565,2,1,0,0,0,0,0,0,0,0,0,0
180566,1,1,0,0,0,0,0,0,0,0,0,0
180567,0,1,0,24,12,0,0,0,0,0,28,5
180567,1,1,0,0,0,0,0,0,0,0,0,0
180568,0,1,0,0,21,44,15,0,0,0,0,0
180568,1,1,17,17,17,17,17,17,17,17,17,17
180569,1,1,0,0,0,0,0,0,0,0,0,0
180570,1,1,0,0,0,0,0,0,0,23,9,0
180570,2,1,0,0,0,0,0,0,0,0,0,0
180571,0,1,0,0,0,0,10,10,0,0,0,0
180571,1,1,0,0,0,0,0,0,0,0,0,0
180572,1,1,0,0,0,0,0,0,6,0,0,0
180572,2,1,24,0,0,0,0,6,0,0,0,0
180573,1,1,0,0,0,0,0,0,0,0,0,0
180573,2,1,0,0,19,0,0,17,0,28,0,0
180574,1,1,0,0,0,0,0,0,0,0,0,0
180575,1,1,0,0,0,0,0,0,0,0,0,0
180575,2,1,0,0,0,0,0,0,0,0,0,0
180576,1,1,0,0,0,0,0,0,0,0,0,0
180576,2,1,0,0,0,0,0,0,0,0,0,0
180577,1,1,0,0,0,0,0,0,0,0,0,0
180577,2,1,0,0,0,0,0,0,0,0,0,0
180577,3,1,0,0,0,0,0,0,0,0,0,0
180578,0,1,0,0,0,0,0,0,0,0,0,0
180578,1,1,0,0,0,0,0,0,0,0,0,0
180579,1,1,0,0,0,0,0,0,0,0,24,0
180580,1,1,17,17,17,17,17,17,17,17,17,17
180580,2,1,0,0,0,0,0,0,0,0,0,0
180582,1,1,17,17,17,17,17,17,17,17,17,17
180583,1,1,0,0,0,0,0,0,0,0,0,0
180583,2,1,0,0,0,0,0,0,0,0,0,0
180584,1,1,15,0,0,0,0,0,0,0,0,0
180584,2,1,0,0,0,0,0,25,0,0,0,0
180585,1,1,0,0,15,0,0,0,0,0,17,0
180585,2,1,0,0,0,0,0,0,0,0,0,0
180586,0,1,0,0,0,0,0,0,0,0,4,0
180586,1,1,0,0,0,0,0,0,0,0,0,0
180587,1,1,25,0,0,0,0,0,0,0,0,0
180588,1,1,0,0,0,0,0,0,0,0,0,0
180588,2,1,0,0,0,0,0,0,0,0,0,0
180589,1,1,0,0,0,0,0,0,0,0,0,21
180590,1,1,15,0,0,30,0,0,0,31,17,0
180591,1,1,0,0,0,0,0,0,0,0,0,0
180591,2,1,0,0,0,0,0,0,0,0,0,0
180592,1,1,13,13,13,13,13,13,13,13,13,13
180592,2,1,3,3,3,3,3,3,3,3,3,3
180594,1,1,0,0,0,0,0,0,0,0,0,0
180595,1,1,0,0,0,0,0,0,0,0,0,0
180595,2,1,0,0,0,0,0,0,0,0,0,0
180596,0,1,25,18,0,0,0,0,0,0,0,14
180596,1,1,0,0,0,0,0,0,0,0,0,0
180597,1,1,0,0,0,0,0,0,0,0,0,0
180597,2,1,0,0,0,0,0,0,0,0,0,0
180598,1,1,0,0,0,0,0,0,0,0,0,0
180598,2,1,0,0,0,0,0,0,0,0,0,0
180599,0,1,0,0,20,29,0,0,0,0,10,6
180599,1,1,0,19,0,0,12,13,0,11,0,13
180600,1,1,0,0,0,0,0,0,0,0,0,0
180600,2,1,0,0,0,0,0,0,0,0,0,0
180600,3,1,0,0,0,0,0,0,0,0,0,0
180601,1,1,0,0,0,0,0,0,0,0,0,0
180601,2,1,32,32,32,32,32,32,32,32,32,32
180602,1,1,0,0,0,0,0,0,0,0,0,0
180602,2,1,0,0,0,0,0,0,0,0,0,0
180603,1,1,0,0,0,0,0,0,0,0,0,0
180603,2,1,0,0,0,0,0,0,0,0,0,0
180603,3,1,0,0,0,0,0,0,0,0,0,0
180603,4,1,0,0,0,0,0,0,0,0,0,0
180604,1,1,0,2,0,24,0,0,13,29,27,0
180605,0,1,0,0,0,17,0,0,0,9,0,10
180605,1,1,0,0,0,0,0,0,0,0,0,0
180606,0,1,30,12,0,23,0,0,0,0,17,26
180606,1,1,0,0,0,16,0,0,0,0,15,0
180607,1,1,0,0,0,0,0,0,0,0,0,0
180608,1,1,0,0,0,0,0,0,4,19,24,17
180609,1,1,18,18,18,18,18,18,18,18,18,18
180609,2,1,0,0,0,0,0,0,0,0,0,0
180610,0,1,23,26,0,17,27,0,0,15,22,38
180610,1,1,0,0,0,0,0,0,0,0,0,0
180611,1,1,0,0,0,0,0,0,0,0,0,0
180613,1,1,25,25,25,25,25,25,25,25,25,25
180614,1,1,16,16,16,16,16,16,16,16,16,16
180614,2,1,0,0,0,0,0,0,0,0,0,0
180614,3,1,0,0,0,0,0,0,0,0,0,0
180615,1,1,2,8,0,0,17,0,32,18,0,22
180616,1,1,21,21,21,21,21,21,21,21,21,21
180616,2,1,0,0,0,0,0,0,0,0,0,0
180617,1,1,0,0,0,0,0,0,0,0,0,0
180617,2,1,0,10,0,0,0,0,11,0,0,0
180618,1,1,14,14,14,14,14,14,14,14,14,14
180618,2,1,0,0,0,0,0,0,0,0,0,0
180619,1,1,0,0,0,0,0,0,0,0,0,0
180620,1,1,18,11,0,0,0,0,9,0,0,0
180620,2,1,0,0,0,0,0,0,0,0,0,0
180621,1,1,0,0,0,0,0,0,0,0,0,0
180622,1,1,0,0,0,0,0,0,0,0,0,0
180622,2,1,0,0,0,0,0,0,0,0,0,0
180623,1,1,0,0,0,0,0,0,0,0,0,0
180624,1,1,24,24,24,24,24,24,24,24,24,24
180624,2,1,0,0,0,0,0,0,0,0,13,0
180626,1,1,0,0,0,0,0,0,0,0,0,0
180626,2,1,0,0,0,0,0,0,0,0,0,0
180627,1,1,10,0,0,0,0,0,0,0,0,0
180628,1,1,0,0,0,0,0,0,0,0,0,0
180628,2,1,0,0,0,0,0,0,0,26,11,0
180629,1,1,0,0,0,0,0,0,0,0,0,0
180629,2,1,0,0,0,0,0,0,0,0,0,0
180630,1,1,0,0,0,0,0,0,0,0,0,0
180631,1,1,0,0,0,0,0,11,0,0,0,0
180631,2,1,0,0,0,0,0,0,0,0,0,0
180631,3,1,0,0,0,0,0,0,0,0,0,0
180632,1,1,0,0,0,0,0,0,0,0,0,0
180632,2,1,0,0,0,0,0,0,0,0,0,0
180633,1,1,0,0,0,0,0,0,0,0,0,0
180633,2,1,0,0,0,0,0,0,0,0,0,0
180634,1,1,0,7,0,0,12,0,14,0,0,0
180634,2,1,0,0,0,0,0,0,0,0,0,0
180635,1,1,0,0,0,0,0,16,0,0,0,23
180636,1,1,0,0,0,0,0,0,0,0,0,0
180637,1,1,29,11,16,27,0,45,24,15,30,38
180639,1,1,0,0,0,0,0,0,0,0,0,0
180639,2,1,0,0,0,0,0,0,0,0,0,0
180640,1,1,0,0,0,0,0,0,0,0,0,0
180640,2,1,0,0,0,0,0,0,0,0,0,0
180641,1,1,10,10,10,10,10,10,10,10,10,10
180641,2,1,0,0,0,0,0,0,0,0,0,0
180642,1,1,11,11,11,11,11,11,11,11,11,11
180643,1,1,0,0,0,0,0,0,0,0,0,0
180643,2,1,0,0,0,0,0,0,0,0,0,22
180644,0,1,27,27,27,27,27,27,27,27,27,27
180644,1,1,7,0,0,0,20,0,0,0,27,4
180644,2,1,0,0,0,0,0,0,0,0,0,0
180645,1,1,0,0,0,0,24,0,0,18,31,12
180646,0,1,35,0,0,0,0,0,25,0,0,0
180646,1,1,0,0,0,0,0,0,0,0,0,0
180647,1,1,0,0,0,0,0,0,0,0,26,0
180648,0,1,0,0,0,0,0,0,0,0,0,0
180648,1,1,0,0,0,0,0,0,0,0,0,0
180649,1,1,0,0,0,0,0,0,0,0,0,0
180650,1,1,0,0,0,0,0,0,0,0,0,0
180651,1,1,0,16,0,0,0,0,0,10,0,0
180651,2,1,0,0,0,0,0,0,0,0,0,0
180652,1,1,0,0,0,0,0,0,0,0,0,0
180652,2,1,0,0,0,0,0,0,0,0,0,0
180653,1,1,0,0,0,0,0,0,0,0,0,0
180654,1,1,11,11,11,11,11,11,11,11,11,11
180654,2,1,0,0,0,0,0,0,0,0,0,0
180655,1,1,0,0,0,0,0,0,0,0,0,0
180655,2,1,0,0,0,0,0,0,0,0,0,0
180655,3,1,0,0,0,0,0,0,0,0,0,0
180656,2,1,0,0,0,0,0,0,0,0,0,0
180657,1,1,0,0,0,0,0,0,9,0,0,16
180658,1,1,46,13,37,48,26,22,2,38,17,5
180658,2,1,0,0,0,0,0,0,0,0,0,0
180659,1,1,18,31,34,26,28,19,21,13,33,13
180660,1,1,0,0,0,9,0,0,0,0,12,16
180660,2,1,0,0,0,0,0,0,0,0,0,0
180660,3,1,0,0,0,0,0,0,0,0,0,0
180660,4,1,0,0,0,0,0,0,0,0,0,0
180661,1,1,0,0,0,0,0,0,0,0,0,0
180661,2,1,0,0,0,0,0,0,0,0,0,0
180662,1,1,0,0,0,0,0,0,0,0,0,0
180662,2,1,0,0,0,0,0,0,0,0,0,0
180663,1,1,17,17,17,17,17,17,17,17,17,17
180664,1,1,19,19,19,19,19,19,19,19,19,19
180665,1,1,0,0,0,0,0,0,0,0,0,0
180666,1,1,28,0,32,7,0,0,19,35,0,8
180666,2,1,9,0,0,0,0,0,18,0,0,0
180667,0,1,0,0,0,0,0,0,0,0,0,0
180667,1,1,0,12,0,11,0,0,0,0,19,0
180668,1,1,12,12,12,12,12,12,12,12,12,12
180668,2,1,0,0,0,0,0,0,0,0,0,0
180669,0,1,0,0,0,0,0,0,0,15,17,0
180669,1,1,0,0,0,0,0,0,0,0,0,0
180670,1,1,0,0,0,0,0,0,0,0,0,0
180670,2,1,0,0,0,0,0,0,0,0,0,0
180670,3,1,0,0,0,0,0,0,0,0,0,0
180671,1,1,0,0,0,0,0,0,0,0,0,0
180671,2,1,0,0,0,0,0,0,0,0,0,0
180672,1,1,0,12,0,0,0,0,0,0,0,0
180672,2,1,0,0,0,0,0,0,0,0,0,0
180673,1,1,10,10,10,10,10,10,10,10,10,10
180673,2,1,0,0,0,0,0,0,0,0,0,0
180674,1,1,0,0,0,0,0,0,0,0,0,0
180674,2,1,0,0,0,0,0,0,0,0,0,0
180675,1,1,0,0,0,0,0,0,0,0,0,0
180675,2,1,0,0,8,0,20,0,0,0,0,0
180676,1,1,15,15,15,15,15,15,15,15,15,15
180676,2,1,6,6,6,6,6,6,6,6,6,6
180677,1,1,0,0,0,0,0,0,0,0,0,0
180679,1,1,0,0,0,0,0,0,0,0,0,0
180679,2,1,0,0,0,18,0,0,0,0,0,0