ST_CASE,VEH_NO,PER_NO,P1,P2,P3,P4,P5,P6,P7,P8,P9,P10
200240,1,1,0,0,0,0,0,0,0,0,0,0
200240,2,1,0,0,0,0,0,0,0,0,0,0
200241,1,1,0,0,0,0,0,0,0,0,0,0
200241,2,1,0,0,0,0,0,0,0,0,0,0
200242,1,1,0,0,0,0,0,0,0,0,0,0
200243,1,1,13,13,13,13,13,13,13,13,13,13
200244,1,1,0,0,0,0,0,0,0,0,0,0
200244,2,1,0,0,0,0,0,0,0,0,0,0
200245,1,1,27,27,27,27,27,27,27,27,27,27
200246,1,1,0,0,0,0,0,0,0,0,0,0
200246,2,1,0,0,0,0,0,0,0,0,0,0
200246,3,1,0,0,0,0,0,0,0,0,0,0
200247,1,1,0,0,0,0,0,0,0,0,0,0
200247,2,1,0,0,0,0,0,0,0,0,0,0
200248,1,1,0,0,20,0,19,0,0,0,21,0
200249,1,1,0,0,0,0,0,0,0,0,0,0
200249,2,1,0,0,0,0,0,0,0,0,0,0
200250,1,1,32,32,32,32,32,32,32,32,32,32
200251,1,1,0,0,17,0,12,0,0,0,0,26
200251,2,1,0,0,6,0,0,0,0,0,0,0
200252,1,1,0,0,0,0,0,0,0,0,0,0
200252,2,1,0,0,0,0,0,0,0,0,0,0
200252,3,1,0,0,0,0,0,0,0,0,0,0
200253,1,1,0,0,0,0,0,0,0,8,0,0
200253,2,1,0,0,0,0,0,0,0,0,0,0
200254,1,1,0,0,0,6,0,15,0,0,0,0
200254,2,1,0,0,0,0,0,0,0,0,0,0
200255,0,1,0,0,0,0,0,0,0,0,0,0
200255,1,1,0,0,0,0,0,0,0,0,0,0
200256,1,1,20,30,13,15,37,22,12,24,15,4
200257,1,1,0,0,0,22,0,0,14,0,0,0
200258,1,1,10,9,23,18,8,17,10,0,10,25
200259,1,1,0,0,0,0,18,0,0,16,0,0
200260,1,1,0,7,0,0,19,0,0,8,0,0
200260,2,1,0,0,0,0,0,0,0,0,0,0
200261,1,1,18,18,18,18,18,18,18,18,18,18
200262,1,1,0,0,0,0,0,0,0,0,0,0
200263,0,1,29,26,27,14,30,8,11,13,9,13
200263,1,1,0,0,0,0,8,0,0,0,0,0
200264,1,1,20,20,20,20,20,20,20,20,20,20
200264,2,1,36,0,3,0,0,0,16,0,0,4
200265,1,1,0,0,0,0,0,0,0,0,0,0
200266,1,1,29,29,29,29,29,29,29,29,29,29
200267,1,1,0,0,0,0,0,0,0,0,0,0
200267,2,1,0,0,0,0,0,0,0,0,0,0
200268,1,1,10,0,0,0,0,0,0,0,0,0
200269,1,1,0,0,0,0,0,0,0,0,0,0
200270,1,1,21,14,0,21,36,34,19,34,13,0
200271,0,1,29,16,31,28,30,24,22,20,8,11
200271,1,1,0,0,0,9,0,0,0,0,0,0
200272,1,1,0,0,0,10,0,0,0,37,35,0
200273,1,1,0,0,0,0,0,0,0,0,0,0
200273,2,1,0,0,0,0,0,0,0,0,0,0
200274,1,1,11,11,11,11,11,11,11,11,11,11
200275,1,1,0,0,0,0,0,0,37,0,0,0
200276,1,1,0,0,0,0,0,0,0,0,0,0
200276,2,1,0,0,0,0,0,0,0,0,0,0
200277,1,1,8,8,8,8,8,8,8,8,8,8
200278,1,1,0,0,0,0,0,0,0,0,0,0
200279,1,1,0,0,0,0,0,0,0,0,0,0
200279,2,1,12,12,12,12,12,12,12,12,12,12
200280,1,1,0,0,0,0,0,0,0,0,0,0
200280,2,1,0,0,0,0,0,0,0,0,0,0
200281,1,1,12,12,12,12,12,12,12,12,12,12
200282,1,1,0,0,0,0,0,0,0,0,0,0
200282,2,1,0,0,0,0,0,0,0,0,0,0
200283,1,1,0,0,0,0,0,0,0,0,3,0
200283,2,1,7,16,18,7,0,12,0,15,14,4
200284,1,1,0,0,0,0,0,0,0,0,0,0
200284,2,1,0,0,0,0,0,0,0,0,0,0
200285,1,1,0,0,0,0,0,0,0,0,0,0
200285,2,1,0,0,0,0,0,0,0,0,0,0
200286,1,1,0,0,16,9,0,0,0,0,0,28
200287,1,1,0,0,0,0,0,0,0,0,0,0
200288,1,1,7,0,7,0,0,0,0,11,8,11
200288,2,1,0,0,22,16,0,0,0,16,0,22
200289,1,1,0,0,0,0,0,0,0,0,0,0
200289,2,1,0,0,0,0,0,0,0,0,0,0
200290,1,1,0,0,0,0,0,4,0,0,0,0
200291,1,1,0,0,0,0,0,0,0,0,0,0
200291,2,1,0,0,0,0,0,0,0,0,0,0
200291,3,1,0,0,0,0,0,0,0,0,0,0
200292,1,1,0,0,26,0,0,23,0,0,0,0
200293,1,1,0,0,0,0,0,0,0,0,0,0
200293,2,1,0,0,0,0,0,12,0,0,0,0
200295,1,1,0,0,0,0,0,0,0,0,0,0
200295,2,1,0,0,0,0,17,0,0,0,0,0
200296,1,1,0,0,0,0,0,0,0,0,0,0
200296,2,1,0,37,0,0,0,0,0,0,0,0
200297,0,1,0,0,38,0,0,30,0,0,22,0
200297,1,1,0,0,0,0,15,0,27,0,0,0
200298,1,1,0,0,0,0,0,0,0,0,0,0
200298,2,1,0,0,0,0,0,0,0,0,0,0
200299,1,1,0,0,0,0,0,0,0,0,0,0
200299,2,1,0,0,0,0,0,0,0,0,0,0
200300,1,1,0,0,0,0,0,0,0,0,0,0
200300,2,1,0,0,0,0,0,0,0,10,0,0
200301,1,1,0,0,0,0,0,0,0,0,0,0
200302,1,1,0,0,0,0,0,0,0,0,0,0
200302,2,1,0,0,0,0,0,0,0,0,0,0
200303,1,1,0,0,0,0,0,0,0,0,0,0
200304,1,1,0,0,0,0,16,0,15,0,0,0
200306,1,1,0,21,0,0,0,0,0,0,0,23
200307,1,1,0,0,0,0,0,0,0,0,0,0
200308,1,1,0,0,0,0,0,0,0,0,0,12
200308,2,1,0,0,0,0,0,0,0,0,0,0
200309,1,1,0,0,0,0,0,0,0,0,0,0
200310,1,1,8,0,0,0,8,0,0,0,11,0
200311,1,1,0,0,0,0,0,0,0,0,0,0
200311,2,1,0,0,0,0,0,0,41,18,0,0
200311,3,1,0,0,0,0,0,0,0,0,0,0
200312,1,1,18,38,0,20,17,0,12,14,19,0
200313,1,1,0,0,0,0,0,0,0,0,0,0
200314,1,1,34,34,34,34,34,34,34,34,34,34
200315,2,1,0,0,0,0,0,0,0,0,0,0
200316,1,1,0,0,0,0,0,0,19,0,0,0
200316,2,1,0,0,0,0,0,0,0,22,0,0
200317,0,1,0,21,0,0,0,0,12,26,0,0
200317,1,1,0,0,0,0,0,0,0,0,0,8
200318,1,1,0,0,0,0,0,0,0,0,0,0
200318,2,1,0,0,0,0,0,0,0,0,0,0
200318,3,1,0,0,0,0,0,0,0,0,0,0
200319,1,1,0,13,0,0,0,0,0,0,0,0
200319,2,1,0,0,0,0,0,0,0,0,0,0
200320,1,1,0,0,0,0,7,0,0,0,0,0
200321,1,1,0,0,0,0,0,0,0,0,0,0
200321,2,1,16,0,0,0,0,0,0,0,0,0
200322,1,1,5,5,5,5,5,5,5,5,5,5
200323,1,1,25,25,25,25,25,25,25,25,25,25
200324,1,1,0,0,0,0,0,0,0,0,0,0
200324,2,1,0,0,0,0,0,0,0,0,0,0
200325,1,1,0,0,0,0,0,0,0,0,0,0
200326,1,1,0,0,0,0,0,0,0,0,0,0
200327,1,1,0,0,0,0,0,0,0,0,0,0
200327,2,1,0,0,0,0,0,0,0,0,0,0
200328,1,1,0,0,0,0,0,0,0,0,0,0
200328,2,1,0,0,0,0,0,0,0,0,0,0
200329,1,1,0,0,0,0,0,0,0,0,0,0
200329,2,1,0,0,0,0,0,0,0,0,0,0
200330,1,1,0,0,0,0,0,0,39,19,0,0
200331,1,1,14,14,14,14,14,14,14,14,14,14
200332,1,1,0,0,0,0,0,0,0,0,0,0
200332,2,1,0,0,0,8,0,0,0,0,9,10
200333,1,1,0,0,0,0,0,0,0,0,0,0
200333,2,1,0,0,0,0,0,0,0,0,0,0
200334,1,1,11,0,0,0,0,0,0,0,0,0
200335,0,1,16,16,16,16,16,16,16,16,16,16
200335,1,1,0,0,0,0,0,37,0,0,0,0
200336,1,1,8,0,0,0,0,0,0,0,0,0
200336,2,1,0,0,0,0,0,0,0,0,0,0
200337,1,1,0,0,0,0,0,0,0,0,0,0
200338,1,1,10,10,10,10,10,10,10,10,10,10
200339,1,1,20,20,20,20,20,20,20,20,20,20
200339,2,1,0,0,0,0,0,0,0,0,0,0
200340,1,1,0,0,0,0,0,0,0,0,0,0
200341,1,1,0,0,7,0,0,0,0,0,0,0
200343,1,1,0,0,0,0,0,0,0,0,0,0
200343,2,1,0,0,0,0,0,0,0,0,0,0
200344,1,1,0,0,0,0,0,0,0,0,0,0
200344,2,1,0,0,0,0,0,0,0,0,0,0
200345,1,1,0,0,0,0,0,0,0,0,0,0
200346,0,1,0,0,0,0,0,0,0,0,0,0
200346,1,1,0,0,0,0,0,0,2,0,0,0
200347,1,1,26,22,17,12,28,27,6,47,17,0
200348,1,1,0,0,0,0,0,0,0,0,0,0
200348,2,1,0,0,0,0,0,0,0,0,0,0
200349,1,1,13,13,13,13,13,13,13,13,13,13
200349,2,1,0,0,0,0,0,0,0,0,0,0
200351,1,1,0,0,0,0,0,0,0,0,0,0
200351,2,1,0,0,0,0,0,0,0,0,0,0
200352,1,1,0,0,0,0,0,0,0,0,0,0
200352,2,1,0,0,0,0,0,0,0,0,0,0
200353,1,1,0,0,5,2,25,0,37,0,16,21
200354,1,1,0,0,0,0,0,0,0,0,0,0
200355,1,1,25,25,25,25,25,25,25,25,25,25
200356,1,1,0,0,0,0,0,0,0,0,0,6
200356,2,1,0,0,0,0,0,0,0,0,0,0
200357,1,1,27,27,27,27,27,27,27,27,27,27
200358,1,1,0,0,0,0,0,0,0,0,0,0
200358,2,1,0,0,0,0,0,0,0,0,0,0
200358,3,1,0,0,0,0,0,0,0,0,0,0
200359,1,1,0,0,0,0,0,0,0,0,0,0
200359,2,1,11,11,11,11,11,11,11,11,11,11
200360,1,1,0,0,0,0,0,0,0,0,0,0
200361,1,1,0,0,0,0,0,0,0,0,0,0
200362,1,1,0,0,0,0,0,0,0,0,0,0
200362,2,1,0,0,0,0,0,0,0,0,0,0
200363,1,1,0,0,4,26,17,35,0,0,0,11
200364,1,1,0,0,23,0,0,0,0,0,0,0
200365,0,1,0,0,0,0,0,0,0,0,30,0
200365,1,1,0,0,0,0,0,0,0,0,0,0
200366,1,1,0,0,0,0,0,16,0,0,0,0
200368,1,1,23,23,23,23,23,23,23,23,23,23
200368,2,1,0,22,21,20,0,0,0,0,17,0
200369,1,1,0,0,0,0,0,0,0,0,0,0
200370,1,1,23,5,32,18,14,10,12,15,6,20
200371,1,1,7,7,7,7,7,7,7,7,7,7
200372,0,1,23,30,0,0,0,0,0,0,14,20
200372,1,1,11,0,0,0,0,0,0,0,9,16
200373,1,1,0,0,0,0,0,0,0,0,0,0
200373,2,1,0,0,0,0,0,0,0,0,0,0
200374,0,1,0,0,0,0,0,0,0,0,22,0
200374,1,1,0,0,0,0,0,0,0,0,0,20
200375,1,1,0,0,0,0,0,0,0,0,0,23
210001,0,1,0,24,0,0,0,0,17,0,27,22
210001,1,1,0,0,0,0,0,0,0,0,0,0
210002,1,1,0,0,0,0,0,0,0,0,0,0
210002,2,1,0,0,0,0,0,0,0,0,0,0
210003,1,1,0,0,0,0,0,0,0,0,0,0
210003,2,1,0,0,0,0,0,0,0,0,0,0
210004,0,1,17,17,17,17,17,17,17,17,17,17
210004,1,1,0,24,0,17,0,0,7,0,8,0
210005,1,1,0,0,0,0,0,0,0,0,0,0
210005,2,1,0,0,0,0,0,0,0,0,0,0
210006,1,1,0,0,0,0,0,0,0,0,0,0
210006,2,1,0,0,0,0,0,0,0,0,0,0
210007,1,1,0,0,0,0,0,0,0,0,0,0
210007,2,1,0,0,0,0,0,0,0,0,0,0
210008,1,1,30,30,30,30,30,30,30,30,30,30
210008,2,1,0,0,0,0,0,0,16,0,0,0
210009,1,1,0,0,0,0,0,0,0,0,0,0
210009,2,1,0,0,0,0,0,0,0,0,0,0
210010,1,1,0,0,0,0,0,0,0,0,0,0
210011,1,1,0,0,0,0,0,0,0,0,0,0
210011,2,1,0,0,0,0,0,0,0,0,0,0
210011,3,1,0,0,0,0,0,0,0,0,0,0
210012,1,1,0,0,0,0,0,35,0,0,0,53
210012,2,1,0,0,0,0,0,0,0,0,0,0
210013,1,1,0,0,0,0,0,0,0,0,0,0
210013,2,1,0,0,0,0,0,0,0,0,0,0
210014,1,1,0,0,0,0,0,0,0,0,0,0
210014,2,1,0,0,0,10,0,0,0,18,0,0
210015,1,1,0,0,0,0,0,0,0,0,0,0
210015,2,1,0,0,0,0,0,0,0,0,0,0
210015,3,1,0,0,0,0,0,0,0,0,0,0
210016,1,1,40,40,40,40,40,40,40,40,40,40
210016,2,1,0,0,0,0,0,0,0,0,0,0
210017,1,1,0,0,0,0,0,0,0,0,0,0
210017,2,1,0,0,0,0,0,0,15,0,0,0
210018,1,1,26,26,26,26,26,26,26,26,26,26
210019,1,1,0,0,0,0,0,0,0,0,0,0
210019,2,1,0,0,0,0,0,0,0,0,0,0
210020,0,1,0,0,0,0,0,0,0,0,0,0
210020,1,1,0,0,0,0,0,0,0,0,0,0
210021,1,1,0,0,0,0,0,0,0,0,0,0
210022,1,1,0,0,0,0,0,0,0,0,0,0
210022,2,1,0,0,0,0,0,0,0,0,0,0
210023,1,1,0,0,0,0,0,0,0,0,0,0
210023,2,1,0,0,0,0,0,0,0,0,0,0
210024,1,1,0,0,0,0,0,0,0,0,0,0
210025,1,1,0,0,0,0,0,0,0,0,0,0
210025,2,1,0,0,0,0,0,0,0,0,0,0
210026,0,1,0,0,0,0,4,0,0,0,0,0
210026,1,1,0,0,0,0,0,0,0,0,0,0
210027,1,1,0,0,0,0,0,0,0,0,0,0
210027,2,1,0,0,0,0,0,0,0,0,0,0
210027,3,1,0,0,0,0,0,0,0,0,0,0
210027,4,1,0,0,0,0,26,0,0,0,0,0
210027,5,1,0,0,0,0,0,0,0,0,0,0
210028,1,1,0,0,0,0,0,0,0,0,0,0
210028,2,1,0,0,0,0,0,0,0,0,0,0
210029,1,1,19,19,19,19,19,19,19,19,19,19
210029,2,1,0,0,0,0,0,0,0,0,0,0
210030,1,1,0,0,0,0,0,0,0,0,0,0
210030,2,1,0,0,0,0,0,0,0,0,0,0
210030,3,1,0,0,0,0,0,0,0,0,0,0
210031,1,1,0,0,0,0,0,0,0,0,0,0
210031,2,1,0,0,0,0,0,0,0,0,0,0
210032,1,1,0,0,0,0,0,0,0,0,0,0
210032,2,1,0,0,0,0,0,0,0,0,0,0
210032,3,1,0,0,0,0,0,0,0,0,0,0
210033,1,1,0,0,0,0,0,0,0,0,0,0
210033,2,1,0,0,0,0,0,0,0,0,0,0
210034,1,1,0,0,0,0,0,0,0,0,0,0
210034,2,1,0,0,0,0,0,0,0,0,0,0
210035,1,1,8,22,22,17,19,13,24,8,9,18
210036,1,1,22,22,22,22,22,22,22,22,22,22
210036,2,1,0,0,0,0,0,0,0,0,0,0
210037,1,1,0,0,0,0,0,0,0,0,0,0
210037,2,1,0,0,0,0,0,0,0,0,0,0
210038,1,1,0,0,0,0,0,0,0,0,0,0
210039,0,1,15,15,15,15,15,15,15,15,15,15
210039,1,1,0,0,0,4,0,0,0,0,0,0
210040,0,1,0,0,0,0,0,0,0,0,0,0
210040,1,1,0,0,0,0,0,0,0,0,0,0
210040,2,1,0,0,0,0,0,0,0,0,0,0
210041,1,1,0,0,0,0,0,0,0,0,0,0
210042,0,1,0,0,0,0,0,0,0,0,0,0
210042,1,1,0,0,0,0,0,0,0,0,0,20
210042,2,1,0,0,0,17,0,0,0,0,0,0
210042,3,1,0,0,0,0,0,0,0,0,0,0
210042,4,1,0,0,0,0,0,0,0,0,0,0
210043,1,1,8,8,8,8,8,8,8,8,8,8
210043,2,1,0,0,0,0,0,0,0,0,0,0
210044,1,1,0,0,0,0,0,0,0,0,0,0
210045,0,1,18,18,18,18,18,18,18,18,18,18
210045,1,1,0,0,0,0,0,0,0,0,0,0
210046,1,1,0,0,0,0,0,0,0,0,0,0
210047,1,1,0,0,21,0,0,0,26,0,0,0
210048,1,1,0,0,0,0,0,0,0,0,29,0
210049,1,1,0,0,0,0,0,0,0,0,0,0
210049,2,1,0,0,0,0,0,0,0,0,0,0
210050,1,1,0,0,0,0,0,0,0,0,0,0
210051,1,1,0,0,0,0,0,0,0,0,0,0
210051,2,1,0,0,0,0,0,0,0,0,0,0
210052,1,1,0,0,0,0,0,0,0,0,0,0
210053,0,1,0,0,0,0,19,0,0,0,0,0
210053,1,1,0,0,0,0,0,0,0,0,0,0
210054,1,1,0,0,0,0,0,0,0,0,0,0
210054,2,1,0,0,0,0,0,0,0,0,0,0
210055,0,1,0,0,0,0,0,0,0,0,0,0
210055,1,1,0,0,0,0,0,0,15,0,0,0
210056,1,1,0,0,0,0,0,0,0,0,0,0
210056,2,1,0,0,0,0,0,0,0,0,0,0
210057,0,1,0,0,0,0,0,0,0,0,0,0
210057,1,1,0,0,0,0,0,0,0,0,0,0
210058,1,1,13,13,13,13,13,13,13,13,13,13
210058,2,1,0,0,0,0,0,0,0,0,0,0
210059,1,1,13,14,28,23,13,7,10,18,10,20
210060,1,1,0,0,0,0,14,0,0,0,0,0
210061,1,1,0,0,0,0,0,0,0,0,0,0
210061,2,1,0,0,0,0,0,0,0,0,0,0
210062,1,1,9,9,9,9,9,9,9,9,9,9
210063,0,1,0,0,0,0,0,0,0,0,0,0
210063,1,1,0,0,0,0,0,0,0,0,0,0
210063,2,1,0,0,0,0,0,0,0,0,0,0
210064,1,1,0,0,0,0,0,0,0,0,0,0
210065,0,1,0,0,0,0,0,0,0,0,0,0
210065,1,1,0,0,0,0,0,0,0,0,0,12
210066,1,1,0,0,0,0,0,0,0,0,0,0
210066,2,1,0,0,0,0,0,0,0,0,0,0
210067,1,1,0,0,0,0,0,0,0,0,0,0
210068,1,1,6,36,16,9,0,12,16,10,29,19
210069,1,1,19,0,0,0,0,0,0,0,23,0
210070,0,1,26,26,26,26,26,26,26,26,26,26
210070,1,1,0,0,0,0,0,0,0,0,0,0
210071,1,1,0,0,0,0,0,0,0,0,0,0
210072,1,1,0,0,0,0,0,0,0,0,0,0
210073,1,1,27,27,27,27,27,27,27,27,27,27
210074,0,1,0,0,0,0,0,0,0,0,0,0
210074,1,1,0,0,0,0,0,0,0,24,0,0
210075,0,1,0,0,0,7,0,0,0,0,0,0
210075,1,1,0,0,0,0,0,0,0,0,0,0
210076,1,1,18,18,18,18,18,18,18,18,18,18
210077,0,1,20,20,20,20,20,20,20,20,20,20
210077,1,1,0,0,0,0,0,0,0,0,0,0
210078,1,1,0,0,0,0,0,0,0,0,0,11
210079,1,1,21,21,21,21,21,21,21,21,21,21
210079,2,1,0,0,0,0,0,0,0,0,0,0
210080,0,1,0,0,0,0,0,0,0,0,0,0
210080,1,1,0,0,0,0,0,0,0,0,0,0
210081,1,1,0,0,0,0,0,0,0,0,0,0
210081,2,1,0,0,0,0,0,0,0,0,0,0
210081,3,1,0,0,0,0,0,0,0,0,0,0
210082,1,1,0,0,0,0,0,0,0,0,15,0
210083,1,1,0,0,0,0,0,0,0,0,0,0
210083,2,1,0,0,0,0,0,0,0,0,0,0
210084,1,1,0,0,0,0,0,0,0,0,0,0
210084,2,1,0,0,0,0,0,0,0,0,0,0
210085,1,1,0,0,0,0,0,0,0,0,0,0
210085,2,1,0,0,0,0,0,0,0,0,0,0
210086,1,1,0,0,0,0,0,0,0,0,0,0
210086,2,1,0,0,0,0,0,0,0,0,0,0
210087,0,1,8,8,8,8,8,8,8,8,8,8
210087,1,1,6,7,6,0,10,6,0,6,13,7
210088,1,1,0,0,0,0,0,0,0,0,0,0
210088,2,1,0,0,0,0,0,0,0,0,0,0
210089,1,1,0,0,0,0,0,0,0,0,0,0
210089,2,1,0,0,0,0,0,0,0,0,0,0
210090,1,1,0,0,0,0,0,0,0,0,10,0
210090,2,1,0,0,0,20,0,0,0,0,0,0
210091,1,1,0,0,0,0,0,0,0,0,0,0
210092,0,1,0,0,0,0,0,0,0,0,0,0
210092,1,1,0,0,0,17,0,0,0,0,0,16
210092,2,1,0,0,0,0,0,0,0,0,0,0
210093,1,1,0,0,0,0,0,0,0,0,0,0
210094,1,1,0,0,0,0,0,0,0,0,0,0
210094,2,1,0,0,0,0,0,0,0,0,0,0
210095,1,1,20,20,20,20,20,20,20,20,20,20
210095,2,1,0,0,0,0,0,0,7,0,0,0
210095,3,1,0,0,0,0,0,0,0,0,0,0
210096,1,1,11,19,17,12,11,0,3,13,31,12
210096,2,1,0,0,0,0,0,0,0,0,0,0
210097,1,1,12,0,0,11,0,10,0,0,0,23
210098,1,1,0,0,0,0,0,0,0,0,0,0
210099,1,1,19,19,19,19,19,19,19,19,19,19
210100,1,1,0,0,0,0,0,0,0,0,0,0
210100,2,1,0,0,0,0,0,0,0,0,0,0
210101,1,1,0,0,0,0,0,0,0,0,0,0
210102,1,1,0,0,0,0,0,0,0,0,0,0
210102,2,1,0,0,0,0,0,0,0,0,15,4
210103,1,1,0,0,0,0,0,0,0,0,0,0
210103,2,1,0,0,0,0,0,0,0,0,0,0
210104,1,1,28,28,28,28,28,28,28,28,28,28
210104,2,1,0,0,0,0,0,0,0,0,0,0
210105,0,1,0,0,0,0,0,0,0,0,0,0
210105,1,1,0,0,0,0,0,0,0,0,0,0
210106,1,1,0,0,0,0,0,0,0,0,0,0
210106,2,1,0,0,0,0,0,0,0,0,0,0
210107,1,1,0,0,0,0,0,0,0,0,0,0
210108,1,1,16,16,16,16,16,16,16,16,16,16
210108,2,1,0,0,0,0,0,0,0,0,0,0
210109,1,1,0,0,0,0,0,0,0,0,0,0
210109,2,1,0,0,0,0,0,0,0,0,0,0
210110,2,1,0,0,0,0,0,0,0,0,0,0
210111,1,1,14,14,14,14,14,14,14,14,14,14
210112,1,1,0,0,0,0,0,0,0,0,0,0
210112,2,1,0,0,0,0,0,0,0,0,0,0
210113,1,1,0,0,0,0,0,0,0,0,0,0
210113,2,1,0,0,0,0,0,0,0,0,0,0
210114,1,1,0,0,0,0,0,0,0,0,0,0
210115,1,1,0,0,0,0,0,0,0,0,0,0
210116,1,1,0,0,0,0,0,0,0,0,0,0
210117,1,1,11,11,11,11,11,11,11,11,11,11
210118,1,1,14,14,14,14,14,14,14,14,14,14
210119,1,1,22,22,22,22,22,22,22,22,22,22
210120,1,1,0,0,0,0,0,0,0,0,0,0
210121,1,1,0,0,0,0,0,0,6,0,0,0
210122,1,1,0,0,0,0,33,0,0,0,0,0
210123,1,1,0,0,0,0,22,0,0,0,20,10
210124,1,1,0,0,0,0,0,0,0,0,0,0
210124,2,1,0,0,0,0,0,0,0,0,0,0
210125,0,1,27,27,27,27,27,27,27,27,27,27
210125,1,1,0,0,0,0,0,0,0,0,0,0
210126,1,1,0,0,0,0,0,0,0,0,0,0
210126,2,1,0,0,0,0,0,0,0,0,0,0
210127,1,1,0,0,0,0,0,0,0,0,0,0
210128,1,1,0,0,0,0,0,0,0,0,0,0
210128,2,1,0,0,0,0,0,0,0,0,0,0
210129,1,1,33,33,33,33,33,33,33,33,33,33
210130,1,1,0,0,0,0,0,0,0,0,0,14
210130,2,1,0,0,0,0,0,0,0,0,0,0
210131,1,1,0,0,0,0,0,0,0,13,0,0
210132,1,1,0,0,0,0,0,0,0,0,0,0
210132,2,1,0,0,0,0,0,0,0,0,0,0
210133,1,1,0,0,0,0,0,0,0,0,0,0
210133,2,1,0,0,0,0,0,0,0,0,0,0
210134,1,1,0,0,0,0,0,0,0,0,0,0
210134,2,1,0,0,0,0,0,0,0,0,0,0
210135,1,1,0,0,0,0,0,0,0,0,0,0
210135,2,1,0,0,0,0,0,0,0,0,0,0
210136,1,1,30,30,30,30,30,30,30,30,30,30
210136,2,1,0,0,0,0,0,0,0,0,0,0
210137,1,1,0,0,0,0,0,0,0,0,0,0
210138,1,1,0,0,0,0,0,0,0,0,0,0
210138,2,1,0,0,0,0,0,0,0,0,0,0
210139,1,1,0,0,0,0,0,0,0,0,0,0
210140,1,1,0,0,0,0,0,0,0,16,6,0
210141,1,1,8,0,0,14,0,0,0,0,18,0
210142,1,1,0,0,0,0,0,0,0,0,0,0
210143,1,1,0,0,0,0,0,0,0,0,0,0
210143,2,1,0,0,0,0,0,0,0,0,0,0
210144,1,1,4,4,4,4,4,4,4,4,4,4
210145,1,1,16,16,16,16,16,16,16,16,16,16
210146,1,1,0,0,0,0,0,0,0,0,0,0
210146,2,1,0,0,0,33,0,18,0,0,0,0
210147,0,1,0,0,0,0,0,0,0,0,0,0
210147,1,1,0,0,0,24,0,17,0,0,0,0
210148,1,1,0,0,0,0,0,0,0,0,0,0
210149,1,1,0,0,0,0,0,0,0,0,0,0
210150,1,1,0,0,0,0,0,0,0,0,0,0
210150,2,1,0,0,0,0,0,0,0,0,0,0
210151,0,1,0,0,0,0,0,0,0,0,0,0
210151,1,1,0,0,0,0,0,0,0,23,0,0
210152,1,1,0,0,0,0,0,0,0,0,0,0
210152,2,1,14,0,0,0,0,0,0,0,0,0
210153,1,1,23,23,23,23,23,23,23,23,23,23
210154,1,1,0,0,0,0,0,0,0,0,0,0
210155,1,1,17,0,14,0,0,0,0,0,0,0
210156,1,1,0,0,0,0,0,0,0,0,0,0
210156,2,1,0,0,0,0,0,0,0,0,0,0
210157,1,1,0,0,0,0,0,0,0,0,0,0
210157,2,1,0,0,0,0,0,0,0,0,0,0
210157,3,1,0,0,0,0,0,0,0,0,0,0
210158,1,1,0,0,0,0,0,0,0,0,0,0
210159,1,1,0,0,0,0,0,0,0,0,0,0
210159,2,1,0,0,0,0,0,0,0,0,0,0
210160,0,1,22,22,22,22,22,22,22,22,22,22
210160,1,1,0,21,0,0,0,0,0,0,0,0
210160,2,1,0,0,10,0,0,0,12,0,0,0
210161,1,1,0,0,0,0,0,0,0,0,0,0
210162,1,1,0,0,0,0,0,0,0,0,0,0
210162,2,1,0,0,0,0,0,0,0,0,0,11
210163,1,1,0,0,0,0,0,0,0,0,0,0
210163,2,1,0,0,0,0,0,0,0,0,0,0
210163,3,1,0,0,0,0,0,0,0,0,0,0
210163,4,1,0,0,0,0,0,30,0,0,0,0
210164,1,1,0,0,0,0,0,0,0,19,0,0
210165,1,1,0,0,0,0,0,0,0,0,0,0
210165,2,1,0,0,0,0,0,0,0,0,0,0
210166,1,1,31,0,0,0,0,0,0,0,0,0
210166,2,1,0,0,0,0,0,0,0,0,0,0
210167,1,1,0,0,0,0,0,0,0,0,0,0
210167,2,1,0,0,0,0,0,0,0,0,0,0
210167,3,1,0,0,0,0,0,0,0,0,0,0
210168,0,1,16,16,16,16,16,16,16,16,16,16
210168,1,1,0,0,0,0,0,0,0,0,0,0
210169,1,1,16,16,16,16,16,16,16,16,16,16
210170,1,1,0,0,0,0,0,0,0,0,24,0
210170,2,1,0,0,0,0,0,0,0,0,0,0
210171,1,1,0,0,0,0,0,0,0,0,0,0
210172,0,1,0,0,0,0,0,0,0,0,0,0
210172,1,1,11,0,0,0,0,0,0,0,0,0
210172,2,1,0,0,18,0,0,5,7,0,7,13
210173,0,1,0,0,0,0,0,0,0,0,0,0
210173,1,1,0,0,0,0,0,0,0,0,15,0
210173,2,1,0,11,0,0,0,0,0,0,0,0
210174,1,1,0,0,0,0,0,0,0,0,19,29
210175,1,1,0,0,0,0,0,0,0,0,0,0
210176,1,1,0,0,0,0,0,0,0,0,0,0
210176,2,1,0,0,0,0,10,0,0,0,0,0
210177,1,1,2,2,2,2,2,2,2,2,2,2
210177,2,1,0,0,0,0,0,0,0,0,0,0
210177,3,1,0,0,0,0,0,0,0,0,0,0
210178,1,1,0,0,0,0,0,0,0,0,0,0
210178,2,1,0,0,0,0,0,0,0,0,0,0
210179,1,1,0,0,0,0,0,0,0,0,0,0