ST_CASE,VEH_NO,PER_NO,P1,P2,P3,P4,P5,P6,P7,P8,P9,P10
210179,2,1,0,0,0,0,0,0,0,0,0,0
210180,0,1,14,14,14,14,14,14,14,14,14,14
210180,1,1,0,0,0,0,0,0,0,0,0,0
210181,1,1,0,0,0,0,0,0,0,0,0,0
210182,1,1,0,0,0,0,0,29,0,0,0,0
210182,2,1,0,0,0,0,0,0,0,0,0,0
210183,1,1,6,6,6,6,6,6,6,6,6,6
210184,1,1,0,0,0,0,0,0,0,0,0,0
210184,2,1,0,0,0,0,0,0,0,0,0,0
210185,1,1,17,17,17,17,17,17,17,17,17,17
210186,0,1,0,0,0,0,0,0,0,0,0,0
210186,0,2,0,0,0,29,19,0,0,0,0,0
210186,1,1,0,0,0,0,0,0,0,0,0,0
210187,1,1,3,3,3,3,3,3,3,3,3,3
210187,2,1,0,0,0,0,0,0,0,0,0,0
210188,1,1,0,0,0,0,0,0,0,0,0,0
210188,2,1,0,9,0,0,0,0,0,0,0,0
210189,1,1,0,0,0,0,0,0,0,0,0,0
210190,1,1,0,0,0,0,0,0,0,0,0,0
210191,1,1,11,11,11,11,11,11,11,11,11,11
210192,1,1,0,0,0,0,0,0,0,0,0,0
210193,1,1,0,0,0,0,0,0,0,0,0,0
210193,2,1,0,0,0,0,0,0,0,0,0,0
210193,3,1,0,0,0,0,0,0,0,0,0,0
210194,1,1,17,17,17,17,17,17,17,17,17,17
210195,1,1,0,0,0,0,0,0,0,0,0,0
210196,1,1,10,10,10,10,10,10,10,10,10,10
210197,1,1,0,0,0,0,0,0,0,23,0,0
210197,2,1,0,0,0,0,0,0,12,0,0,0
210198,1,1,0,0,0,0,0,0,0,0,0,0
210199,1,1,0,0,0,0,0,0,0,0,0,0
210200,1,1,0,0,0,0,0,0,0,0,0,0
210200,2,1,0,0,0,0,0,0,0,0,0,0
210201,0,1,17,17,17,17,17,17,17,17,17,17
210201,1,1,0,0,0,0,0,0,0,0,31,0
210202,1,1,0,0,0,0,0,0,0,0,0,0
210203,1,1,16,16,16,16,16,16,16,16,16,16
210204,1,1,15,15,15,15,15,15,15,15,15,15
210205,1,1,0,0,0,0,0,0,0,0,0,0
210206,1,1,0,0,0,0,0,0,0,0,0,0
210206,2,1,0,0,0,0,0,0,0,0,0,0
210207,1,1,0,0,0,0,0,0,0,0,0,0
210208,1,1,0,0,0,0,0,0,0,0,0,0
210208,2,1,0,0,0,0,0,0,0,0,0,0
210209,1,1,0,0,0,0,0,0,0,0,0,0
210210,1,1,0,0,0,0,0,0,0,0,0,0
210210,2,1,0,0,0,0,0,0,0,0,0,0
210211,1,1,0,0,0,0,0,0,0,0,0,0
210212,1,1,0,0,0,0,0,0,0,0,0,0
210213,1,1,0,0,0,0,0,0,0,0,0,0
210214,1,1,0,0,0,0,0,0,0,0,0,0
210214,2,1,0,0,0,0,0,0,0,0,0,0
210215,1,1,0,0,0,0,0,0,0,0,0,0
210215,2,1,0,0,0,0,0,16,0,0,11,0
210216,1,1,0,0,0,0,0,0,0,0,0,0
210217,1,1,0,0,0,0,0,0,0,0,0,0
210217,2,1,0,0,0,0,0,0,0,0,0,0
210218,1,1,0,0,0,0,0,0,0,0,0,0
210219,1,1,12,12,12,12,12,12,12,12,12,12
210219,2,1,0,0,0,0,0,0,0,0,0,0
210220,1,1,30,30,30,30,30,30,30,30,30,30
210220,2,1,0,0,0,0,0,0,0,0,0,0
210221,1,1,0,0,0,0,0,0,0,0,0,0
210222,1,1,0,0,0,0,0,0,0,0,0,0
210223,1,1,14,24,22,27,18,22,13,12,23,13
210224,1,1,0,0,0,0,0,0,0,0,0,0
210225,1,1,23,23,23,23,23,23,23,23,23,23
210226,1,1,0,0,0,0,0,0,0,0,0,0
210226,2,1,0,0,0,0,0,0,0,0,0,0
210226,3,1,16,0,0,0,0,0,0,0,0,0
210227,1,1,0,0,0,0,0,0,0,0,0,0
210228,1,1,19,40,0,16,0,0,29,0,0,0
210229,1,1,0,0,0,0,0,0,0,0,0,0
210229,2,1,0,0,0,0,0,0,0,0,0,0
210229,3,1,0,0,0,0,0,0,0,0,0,0
210230,1,1,0,0,0,0,0,0,0,0,0,0
210231,1,1,0,0,0,0,0,0,0,0,0,0
210231,2,1,0,0,0,0,0,0,0,0,0,0
210232,1,1,37,37,37,37,37,37,37,37,37,37
210232,2,1,0,0,0,0,0,0,0,0,0,0
210233,1,1,0,0,0,0,0,0,0,0,23,0
210234,1,1,0,0,0,0,0,0,0,0,0,0
210234,2,1,0,0,0,0,0,0,0,0,0,0
210234,3,1,0,0,0,0,0,0,0,0,0,0
210235,0,1,16,16,16,16,16,16,16,16,16,16
210235,1,1,0,0,0,0,0,0,0,0,0,0
210236,1,1,0,0,0,0,0,0,0,0,0,0
210236,2,1,0,0,0,0,0,0,0,0,0,0
210237,1,1,0,0,0,0,0,18,0,0,0,0
210238,1,1,0,0,0,0,0,0,0,0,0,0
210239,1,1,0,0,0,0,0,0,0,0,0,0
210239,2,1,0,0,0,0,0,0,0,0,23,0
210240,1,1,0,0,0,0,0,0,0,0,0,0
210241,1,1,21,21,21,21,21,21,21,21,21,21
210241,2,1,0,0,0,0,0,0,0,0,0,0
210242,1,1,0,0,0,0,0,0,0,0,0,0
210243,0,1,0,0,0,0,0,0,0,0,0,0
210243,1,1,19,0,0,0,0,0,0,0,0,0
210244,1,1,17,17,17,17,17,17,17,17,17,17
210245,1,1,0,0,0,0,0,0,0,0,0,0
210246,1,1,0,0,0,0,0,0,0,0,0,0
210246,2,1,0,0,0,0,0,0,0,0,0,0
210247,1,1,23,23,23,23,23,23,23,23,23,23
210248,1,1,0,0,0,0,0,0,0,0,0,0
210248,2,1,0,0,0,0,0,0,0,0,0,0
210249,1,1,0,0,0,0,0,0,0,0,0,0
210250,1,1,0,0,0,0,0,0,0,0,0,0
210250,2,1,0,33,0,0,0,0,0,0,0,0
210250,3,1,0,0,0,0,0,0,0,0,0,0
210251,1,1,0,0,0,0,0,0,0,0,0,0
210251,2,1,0,0,0,0,0,0,0,0,0,0
210252,1,1,0,0,0,0,0,0,0,0,0,0
210253,1,1,0,0,0,0,0,0,0,0,0,0
210253,2,1,0,0,0,0,0,0,0,0,8,0
210254,1,1,0,0,0,0,0,0,0,0,0,0
210254,2,1,0,0,0,0,0,0,0,0,0,0
210255,0,1,0,0,0,0,0,0,0,0,0,0
210255,1,1,0,0,0,0,0,0,0,0,0,11
210255,2,1,0,0,0,0,0,0,0,0,0,0
210256,1,1,0,0,0,0,0,0,0,0,0,0
210256,2,1,0,0,0,0,0,0,0,0,0,0
210257,1,1,0,0,0,0,0,0,0,0,0,0
210257,2,1,0,0,0,0,0,0,0,0,0,0
210258,1,1,0,0,0,0,0,0,0,0,0,0
210259,1,1,0,0,0,0,0,0,0,0,0,0
210260,1,1,0,8,21,13,17,0,15,0,31,31
210260,2,1,0,0,0,0,0,0,0,0,0,0
210261,1,1,0,0,0,0,0,0,0,0,0,0
210261,2,1,0,0,0,0,0,0,0,0,0,0
210261,3,1,0,0,0,0,0,0,0,0,0,0
210262,1,1,0,0,0,0,0,0,0,0,0,0
210263,1,1,0,0,0,0,0,0,0,0,0,0
210263,2,1,0,0,0,0,0,0,0,0,0,0
210264,1,1,2,2,2,2,2,2,2,2,2,2
210265,1,1,0,0,0,0,14,0,0,0,0,0
210266,1,1,0,0,0,0,0,0,0,0,0,0
210266,2,1,0,0,0,0,0,0,0,0,0,0
210267,1,1,4,4,4,4,4,4,4,4,4,4
210267,2,1,0,0,0,0,22,0,0,0,0,0
210268,1,1,0,0,0,0,0,0,0,0,0,0
210268,2,1,0,0,0,0,0,0,0,0,0,30
210269,1,1,15,15,15,15,15,15,15,15,15,15
210270,1,1,0,0,0,0,0,0,0,0,0,0
210271,1,1,0,0,0,0,0,0,0,0,0,0
210271,2,1,0,0,0,0,0,0,0,0,0,0
210272,0,1,0,0,0,0,0,0,0,0,0,0
210272,1,1,0,0,0,0,0,0,0,0,0,0
210273,1,1,0,0,0,0,0,0,0,0,0,0
210273,2,1,0,0,0,0,0,0,0,0,0,0
210274,1,1,0,0,0,0,0,0,0,0,0,0
210275,1,1,19,19,19,19,19,19,19,19,19,19
210276,1,1,0,0,0,0,0,0,0,0,0,0
210276,2,1,0,0,0,0,0,0,0,0,0,0
210277,1,1,0,0,0,0,0,0,0,0,0,0
210277,2,1,0,0,0,0,0,0,0,0,0,0
210278,1,1,0,0,0,0,0,0,0,0,0,0
210279,0,1,0,0,0,0,0,0,29,0,0,0
210279,1,1,0,26,0,0,0,0,23,0,0,12
210280,1,1,0,0,24,4,0,0,0,19,0,0
210281,1,1,0,0,0,0,0,0,0,0,0,0
210281,2,1,0,0,0,0,0,0,0,0,0,0
210282,1,1,0,0,0,0,0,0,0,0,0,0
210283,1,1,0,0,0,0,0,0,0,0,0,0
210283,2,1,0,0,0,0,0,0,0,0,0,0
210284,1,1,0,0,0,0,0,0,0,0,0,0
210284,2,1,0,0,0,0,0,0,9,0,0,0
210284,3,1,0,0,0,0,0,0,0,0,0,0
210285,1,1,0,0,0,0,0,0,0,0,0,0
210286,1,1,0,29,0,26,29,0,13,0,22,0
210287,1,1,0,0,0,0,0,0,7,0,0,0
210287,2,1,0,0,0,17,0,0,0,0,0,0
210288,1,1,20,25,8,8,26,23,9,22,41,19
210289,1,1,21,21,21,21,21,21,21,21,21,21
210290,1,1,0,0,0,0,0,0,0,0,0,0
210290,2,1,0,0,0,0,0,0,0,0,0,0
210291,1,1,18,18,18,18,18,18,18,18,18,18
210291,2,1,0,0,0,0,0,0,0,0,0,0
210292,1,1,0,0,0,0,0,0,0,0,0,0
210292,2,1,0,0,0,0,0,0,0,0,0,0
210292,3,1,0,0,0,0,0,0,0,0,0,0
210293,1,1,0,0,0,0,0,0,0,0,0,0
210293,2,1,0,0,0,0,0,0,0,0,0,0
210294,1,1,0,0,0,19,0,0,0,0,0,0
210295,1,1,0,0,0,0,0,0,0,0,0,0
210295,2,1,0,0,0,0,0,0,0,0,0,0
210295,3,1,0,0,14,0,0,12,0,0,0,0
210296,1,1,9,9,9,9,9,9,9,9,9,9
210297,1,1,0,0,0,0,0,0,0,0,0,0
210297,2,1,0,0,0,0,0,0,0,0,0,0
210298,1,1,0,0,0,0,0,0,0,0,0,0
210299,1,1,0,0,0,0,0,0,0,0,0,0
210300,1,1,0,0,0,0,0,0,0,0,0,0
210301,0,1,0,0,0,0,0,0,0,0,0,18
210301,1,1,0,0,0,0,0,0,0,0,0,0
210302,1,1,0,0,0,0,0,0,0,0,0,0
210303,1,1,0,0,0,0,0,0,0,0,0,0
210303,2,1,0,0,0,0,0,0,0,0,0,0
210303,3,1,0,0,0,0,0,0,0,0,0,0
210303,4,1,0,0,0,0,0,0,0,0,0,0
210303,5,1,0,0,18,0,0,0,0,0,0,0
210303,6,1,0,0,0,0,0,0,0,0,0,0
210303,7,1,0,0,0,0,0,0,0,0,0,0
210303,8,1,0,0,11,0,0,0,0,0,0,0
210303,9,1,0,0,0,0,0,0,0,0,0,0
210303,10,1,0,0,0,0,0,0,0,0,0,0
210303,11,1,0,0,0,0,0,0,0,0,0,0
210303,12,1,11,0,10,0,0,0,6,0,0,0
210304,1,1,6,6,6,6,6,6,6,6,6,6
210304,2,1,0,0,0,0,0,0,0,0,0,0
210305,1,1,0,0,0,0,0,0,0,0,0,0
210305,2,1,0,0,0,0,0,0,0,0,0,0
210306,1,1,0,0,0,0,0,0,0,0,0,0
210306,2,1,0,0,0,0,0,0,0,0,0,0
210307,1,1,0,0,0,0,0,0,0,0,0,0
210307,2,1,0,0,0,0,0,0,0,0,0,0
210308,1,1,0,0,0,0,0,0,0,0,0,0
210308,2,1,0,0,0,0,0,0,0,0,0,0
210309,1,1,0,0,0,0,0,0,0,0,0,0
210310,1,1,0,0,0,0,0,0,0,0,0,0
210311,1,1,0,0,0,0,0,0,0,0,0,0
210311,2,1,0,0,0,0,0,0,0,0,0,0
210312,1,1,0,0,0,0,0,0,0,0,0,0
210312,2,1,0,0,0,0,0,0,0,0,0,0
210313,1,1,18,18,18,18,18,18,18,18,18,18
210313,2,1,0,0,0,0,0,0,0,0,0,0
210314,1,1,0,0,0,0,0,0,0,12,0,0
210314,2,1,0,0,0,0,0,0,0,0,0,0
210315,1,1,21,21,21,21,21,21,21,21,21,21
210315,2,1,2,2,2,2,2,2,2,2,2,2
210316,1,1,17,17,17,17,17,17,17,17,17,17
210317,1,1,6,6,6,6,6,6,6,6,6,6
210317,2,1,0,0,0,0,0,0,0,0,0,0
210318,1,1,0,0,0,0,0,0,0,0,0,0
210319,1,1,0,0,0,0,0,0,0,0,0,0
210320,1,1,0,0,0,0,0,0,0,0,0,0
210320,2,1,9,0,0,0,0,0,0,0,0,0
210320,3,1,0,0,0,0,0,0,0,0,0,0
210321,1,1,0,0,0,0,0,0,0,0,0,0
210321,2,1,0,0,0,0,0,0,0,0,0,0
210322,1,1,8,8,8,8,8,8,8,8,8,8
210323,1,1,0,0,0,0,0,40,0,0,0,0
210324,1,1,0,0,0,0,0,0,0,0,0,0
210325,1,1,0,0,0,0,0,0,0,0,0,29
210326,1,1,0,0,0,0,0,0,0,0,0,0
210326,2,1,0,0,0,0,0,0,0,0,0,0
210327,0,1,0,0,0,23,0,25,0,10,16,20
210327,1,1,0,0,0,0,0,0,0,0,0,0
210328,0,1,0,0,0,0,0,0,0,0,0,0
210328,1,1,0,0,0,0,0,0,0,0,0,0
210329,1,1,23,23,23,23,23,23,23,23,23,23
210330,1,1,7,7,7,7,7,7,7,7,7,7
210331,1,1,0,0,0,0,0,0,0,0,0,0
210331,2,1,0,0,0,0,0,0,0,0,0,0
210332,1,1,0,0,0,0,0,0,0,0,0,0
210332,2,1,0,0,0,0,20,0,0,0,23,0
210332,3,1,0,0,0,0,0,0,0,0,0,0
210334,1,1,26,26,26,26,26,26,26,26,26,26
210334,2,1,0,0,0,0,0,0,0,0,0,0
210335,1,1,8,8,8,8,8,8,8,8,8,8
210336,1,1,0,0,0,0,0,0,0,0,0,0
210337,1,1,0,0,0,0,0,0,0,0,0,0
210338,1,1,0,0,0,0,11,0,0,16,0,0
210339,1,1,0,0,0,0,0,0,0,0,0,0
210340,1,1,18,18,18,18,18,18,18,18,18,18
210341,1,1,0,0,0,0,0,0,0,0,0,0
210341,2,1,0,0,0,0,0,0,0,0,0,0
210342,1,1,0,0,0,0,0,0,0,0,0,0
210343,1,1,0,0,0,0,0,0,14,0,0,0
210344,0,1,0,0,0,0,0,0,0,0,0,0
210344,0,2,0,0,0,0,30,0,0,0,0,0
210344,1,1,0,0,0,0,0,0,0,0,0,0
210344,2,1,0,0,0,0,0,0,0,26,0,0
210345,0,1,0,3,19,11,0,0,15,0,0,10
210345,1,1,0,0,0,0,0,0,0,0,0,0
210346,1,1,0,0,0,0,0,0,0,0,0,0
210347,1,1,0,0,0,0,0,0,0,0,0,0
210347,2,1,0,0,0,0,0,0,0,0,0,0
210347,3,1,6,0,0,12,9,0,13,0,0,0
210348,1,1,0,0,0,0,0,0,0,0,0,0
210348,2,1,0,0,0,0,0,0,0,0,0,0
210349,1,1,18,18,18,18,18,18,18,18,18,18
210350,1,1,0,0,0,0,0,0,0,0,0,0
210351,1,1,0,0,0,0,0,0,0,0,0,0
210352,1,1,0,0,0,0,0,0,0,0,0,0
210352,2,1,0,0,0,0,0,0,0,0,0,0
210353,0,1,0,0,0,0,0,0,0,0,0,0
210353,1,1,0,0,0,0,0,0,0,0,0,0
210353,2,1,0,0,0,0,0,0,0,0,0,18
210354,1,1,0,0,0,0,0,0,0,0,0,0
210354,2,1,0,0,0,0,0,0,0,0,0,0
210355,1,1,0,0,0,0,0,0,0,0,0,0
210356,0,1,0,0,0,0,0,0,0,0,0,0
210356,1,1,0,0,0,0,0,0,0,0,0,0
210356,2,1,0,0,0,0,0,0,0,0,0,0
210357,1,1,0,0,0,0,0,0,0,0,0,17
210357,2,1,0,0,0,0,0,0,0,0,0,0
210357,3,1,0,0,0,0,0,0,0,0,0,0
210358,1,1,0,0,0,0,0,0,0,0,0,0
210358,2,1,0,0,0,0,0,0,0,0,0,0
210359,1,1,0,19,0,0,0,0,0,0,0,0
210359,2,1,0,0,0,0,0,0,34,0,0,0
210360,1,1,18,18,18,18,18,18,18,18,18,18
210360,2,1,0,0,0,0,0,0,0,0,0,0
210361,1,1,0,0,0,0,0,0,0,0,0,0
210362,0,1,0,0,13,0,22,20,0,26,9,0
210362,1,1,0,0,0,0,0,0,0,0,0,0
210363,1,1,0,0,0,0,0,0,0,0,0,0
210364,1,1,0,0,0,0,0,0,0,0,0,0
210365,1,1,0,0,0,0,0,0,0,0,0,0
210366,1,1,20,20,20,20,20,20,20,20,20,20
210367,1,1,0,0,0,0,0,0,0,0,0,0
210367,2,1,0,0,0,0,0,0,0,0,0,0
210368,1,1,12,0,0,0,0,0,0,0,0,0
210368,2,1,0,0,0,35,0,9,0,0,0,16
210368,3,1,0,0,0,0,0,0,0,0,0,0
210369,1,1,0,0,0,0,0,0,0,0,0,0
210370,1,1,0,0,0,0,0,0,0,0,0,0
210370,2,1,0,0,0,0,0,10,0,0,0,0
210371,1,1,8,8,8,8,8,8,8,8,8,8
210372,1,1,13,3,10,0,7,0,0,9,18,0
210372,2,1,12,18,12,14,13,0,0,17,0,29
210373,0,1,0,0,0,0,0,0,0,0,0,0
210373,1,1,0,0,29,0,0,0,0,0,0,0
210373,2,1,0,0,0,0,0,0,0,0,0,0
210374,1,1,8,0,0,0,0,0,0,0,0,9
210375,1,1,0,0,0,0,0,0,0,0,0,0
210376,1,1,4,4,4,4,4,4,4,4,4,4
210377,1,1,0,0,0,0,0,0,0,0,0,0
210377,2,1,0,0,0,0,0,0,0,0,0,0
210377,3,1,0,0,0,0,0,0,0,0,0,0
210378,1,1,0,0,0,0,0,0,0,0,0,0
210379,1,1,0,0,0,0,0,0,0,0,0,0
210379,2,1,0,0,0,0,0,0,0,0,0,0
210380,1,1,0,0,0,0,0,0,0,0,0,0
210380,2,1,0,0,0,0,0,0,0,0,0,0
210381,1,1,0,27,0,6,8,0,0,0,18,0
210382,1,1,0,0,0,0,0,0,0,0,0,0
210382,2,1,0,0,0,0,0,0,0,0,0,0
210383,1,1,0,0,0,0,0,0,0,0,0,0
210383,2,1,1,1,1,1,1,1,1,1,1,1
210384,1,1,0,0,0,0,0,0,0,0,0,0
210384,2,1,0,0,0,0,0,0,0,0,0,0
210384,3,1,0,0,0,0,0,0,0,0,0,0
210385,1,1,0,0,0,0,0,0,0,0,0,0
210385,2,1,0,0,0,0,0,0,0,0,0,0
210386,1,1,0,0,0,0,0,0,0,0,0,0
210386,2,1,0,0,0,0,0,0,0,0,0,0
210387,1,1,0,0,0,0,0,0,0,0,0,0
210387,2,1,8,0,0,0,0,12,0,0,0,0
210387,3,1,0,0,0,0,0,0,0,0,0,0
210388,1,1,0,0,0,0,0,0,0,0,0,0
210389,1,1,16,16,16,16,16,16,16,16,16,16
210389,2,1,0,0,0,0,0,0,0,0,0,0
210390,1,1,0,0,0,0,0,0,0,0,0,0
210390,2,1,0,0,0,0,0,0,0,0,0,0
210390,3,1,0,0,0,0,0,0,0,0,0,0
210392,0,1,0,0,0,0,0,0,0,0,0,0
210392,1,1,0,0,0,0,0,0,0,0,0,0
210393,1,1,0,0,0,0,0,0,0,0,0,0
210393,2,1,0,0,0,0,0,0,0,0,0,0
210394,1,1,0,0,0,0,0,0,0,0,0,0
210394,2,1,24,22,0,16,18,16,28,16,3,20
210395,1,1,0,38,0,0,0,0,8,0,0,0
210395,2,1,0,0,24,0,0,0,0,0,0,0
210396,1,1,9,9,9,9,9,9,9,9,9,9
210397,1,1,0,0,0,0,0,0,0,0,0,0
210398,1,1,0,0,0,0,0,0,0,0,0,0
210398,2,1,11,0,14,20,0,0,0,0,0,0
210399,1,1,0,0,0,0,0,0,0,0,0,0
210399,2,1,0,0,0,0,0,0,0,0,0,0
210400,1,1,0,0,0,0,0,0,0,0,0,0
210400,2,1,0,0,0,0,0,0,0,0,0,0
210400,3,1,0,0,0,0,0,10,0,0,0,0
210401,1,1,0,3,0,8,0,0,0,0,9,0
210401,2,1,17,0,0,0,8,0,0,0,28,0
210402,1,1,0,0,0,0,12,0,0,0,0,11
210402,2,1,0,0,0,0,0,0,0,0,0,0
210403,1,1,0,0,0,0,0,0,0,0,0,0
210403,2,1,0,0,0,0,0,0,0,0,0,0
210403,3,1,0,0,0,0,0,0,0,0,0,0
210403,4,1,0,0,0,0,0,0,0,0,0,0
210404,1,1,16,16,16,16,16,16,16,16,16,16
210404,2,1,0,0,0,0,0,0,0,0,0,0
210405,1,1,0,0,0,0,0,0,0,0,0,0
210405,2,1,0,0,0,0,0,0,0,0,0,0
210405,3,1,0,0,0,0,0,0,0,0,0,0
210406,1,1,0,0,15,0,0,10,0,0,13,0
210406,2,1,0,0,0,0,0,0,0,0,0,0
210407,1,1,0,8,0,0,20,0,0,0,0,0
210408,1,1,0,0,0,0,0,0,0,0,0,0
210409,1,1,0,0,0,0,0,0,0,0,0,0
210409,2,1,0,0,0,0,0,0,0,0,0,0
210410,1,1,0,0,0,0,0,0,0,0,0,0
210410,2,1,0,0,0,0,0,0,0,0,0,0
210411,1,1,0,0,0,0,0,0,0,0,0,0
210412,1,1,2,54,14,3,11,3,27,0,18,24
210412,2,1,0,0,0,0,0,0,0,0,0,0
210413,0,1,3,3,3,3,3,3,3,3,3,3
210413,1,1,0,0,0,0,0,0,0,0,9,0
210414,1,1,0,0,0,0,0,0,0,0,0,0
210414,2,1,0,0,0,0,0,0,0,0,0,0
210415,1,1,12,12,12,12,12,12,12,12,12,12
210416,1,1,0,0,0,0,0,0,0,0,0,0
210417,1,1,0,0,0,0,0,0,0,0,0,0
210418,0,1,26,26,26,26,26,26,26,26,26,26
210418,1,1,0,0,0,0,0,0,0,0,0,0
210419,0,1,18,18,18,18,18,18,18,18,18,18
210419,1,1,0,0,0,0,0,0,0,0,0,0
210419,2,1,0,0,0,0,0,0,0,0,0,0
210420,0,1,13,10,0,11,0,27,9,23,13,6
210420,1,1,5,5,5,5,5,5,5,5,5,5
210420,2,1,0,0,0,0,0,0,0,0,26,0
210421,1,1,7,7,7,7,7,7,7,7,7,7
210421,2,1,0,0,0,0,0,0,0,0,0,0
210422,1,1,0,0,0,0,0,0,0,0,0,0
210422,2,1,0,0,0,0,0,0,0,0,0,0
210423,1,1,0,0,0,0,0,0,0,0,0,0
210423,2,1,13,0,0,0,0,15,0,0,0,0
210424,0,1,0,0,0,0,0,0,0,0,0,0
210424,1,1,0,0,0,0,0,0,0,0,0,0
210425,0,1,0,0,0,31,0,11,0,0,0,0
210425,1,1,0,0,0,0,0,0,0,0,0,0
210426,1,1,24,24,24,24,24,24,24,24,24,24
210427,1,1,20,20,20,20,20,20,20,20,20,20
210429,1,1,0,0,0,0,0,0,0,0,0,0
210430,1,1,0,0,0,0,0,0,10,0,0,0
210431,1,1,0,0,0,0,0,0,0,0,20,0
210431,2,1,0,0,0,0,0,0,0,0,0,0
210431,3,1,0,0,0,0,0,0,0,20,24,0
210432,1,1,30,30,30,30,30,30,30,30,30,30
210433,1,1,0,0,0,0,0,0,0,0,0,0
210434,1,1,0,0,0,0,0,0,0,0,0,0
210435,1,1,0,11,14,0,0,0,0,0,0,0
210436,1,1,17,17,17,17,17,17,17,17,17,17
210436,2,1,0,0,0,0,16,0,17,0,0,0
210437,1,1,0,0,0,0,0,0,0,0,0,0
210438,1,1,12,12,12,12,12,12,12,12,12,12
210438,2,1,9,9,9,9,9,9,9,9,9,9
210439,1,1,31,31,31,31,31,31,31,31,31,31
210440,1,1,24,24,24,24,24,24,24,24,24,24
210441,1,1,0,0,0,0,0,0,0,0,0,0
210441,2,1,0,0,0,0,0,0,0,0,0,0
210442,1,1,0,0,0,0,0,0,0,0,0,0
210442,2,1,0,13,0,0,0,0,0,0,0,0
210443,1,1,0,0,0,0,0,0,0,0,0,0
210444,1,1,0,0,0,0,0,0,0,0,0,0
210444,2,1,0,0,0,0,0,0,0,0,0,0
210445,1,1,18,18,18,18,18,18,18,18,18,18
210446,1,1,0,0,0,0,0,0,0,0,0,0
210447,1,1,0,0,0,0,0,0,0,0,0,0
210447,2,1,0,0,0,0,0,0,0,0,0,0
210448,1,1,0,0,0,0,0,0,0,0,34,0
210449,1,1,0,0,0,0,0,0,4,0,0,0
210450,1,1,18,18,18,18,18,18,18,18,18,18
210451,1,1,0,0,0,17,0,0,0,0,0,0
210451,2,1,0,0,0,0,0,0,0,0,0,0
210452,1,1,22,22,22,22,22,22,22,22,22,22
210453,1,1,0,0,0,0,0,0,0,0,0,0
210454,1,1,0,0,0,8,23,0,0,0,0,0
210455,1,1,12,12,12,12,12,12,12,12,12,12
210455,2,1,0,0,0,0,0,0,0,0,0,0
210456,1,1,0,0,0,0,0,0,0,0,0,0
210456,2,1,0,0,0,0,0,0,0,0,0,0
210456,3,1,0,0,0,0,0,0,0,0,3,0
210457,1,1,0,0,0,0,0,0,0,0,0,0
210458,1,1,0,0,0,0,0,0,0,0,0,0
210458,2,1,0,0,0,0,0,0,0,0,0,0
210459,1,1,0,0,0,0,0,0,0,0,0,0
210459,2,1,0,0,0,0,0,0,0,0,0,0
210460,0,1,0,0,0,0,0,0,0,0,0,0
210460,1,1,0,0,0,0,0,0,0,18,0,0
210461,1,1,22,22,22,22,22,22,22,22,22,22
210462,1,1,0,0,0,0,0,0,0,0,0,0
210463,1,1,0,0,0,0,0,0,0,0,0,0
210464,1,1,0,0,0,0,0,0,0,0,0,0
210465,1,1,0,0,0,0,0,0,0,0,0,0
210466,1,1,0,0,0,0,0,0,0,0,0,0
210466,2,1,0,0,0,0,0,0,0,0,0,0
210467,1,1,0,0,0,0,0,16,0,0,0,0
210467,2,1,0,0,0,0,0,0,0,15,0,0
210468,1,1,0,0,0,0,0,0,0,0,0,0
210469,1,1,0,0,0,0,0,0,0,0,0,0
210469,2,1,0,0,0,0,0,0,0,0,0,0
210470,1,1,13,13,13,13,13,13,13,13,13,13
210471,1,1,13,13,13,13,13,13,13,13,13,13
210471,2,1,0,0,0,0,0,0,0,0,0,0
210471,3,1,14,0,0,17,0,11,0,0,0,0
210472,1,1,0,0,0,0,0,0,0,0,0,0
210472,2,1,0,0,0,0,0,0,0,0,0,0
210473,1,1,17,17,17,17,17,17,17,17,17,17
210474,1,1,0,11,0,0,0,0,0,0,0,0
210475,1,1,21,21,21,21,21,21,21,21,21,21
210476,1,1,0,0,0,0,0,0,0,0,0,0
210477,0,1,53,53,53,53,53,53,53,53,53,53
210477,1,1,0,0,0,0,0,0,0,0,0,0
210477,2,1,0,0,0,0,0,0,0,0,0,0
210477,3,1,0,0,0,0,0,0,0,0,0,0
210477,4,1,0,0,10,0,0,0,0,0,0,0
210477,5,1,0,0,0,0,0,0,0,0,0,0
210477,6,1,0,0,0,0,0,0,0,0,0,0
210478,1,1,28,28,28,28,28,28,28,28,28,28
210479,1,1,11,11,11,11,11,11,11,11,11,11
210480,1,1,0,0,0,0,0,0,0,0,0,0
210480,2,1,0,0,0,0,0,0,0,0,0,0
210481,1,1,0,0,0,0,0,0,0,0,0,0
210482,1,1,0,0,0,0,0,0,0,0,0,0
210483,1,1,43,11,15,15,21,49,18,34,14,21
210484,1,1,0,0,0,0,0,0,0,0,0,0
210485,1,1,0,0,0,0,0,0,0,0,0,0
210485,2,1,0,0,0,0,0,0,0,0,0,0
210486,1,1,0,0,0,0,0,0,0,0,0,0
210487,1,1,0,0,0,0,21,0,0,0,0,0
210488,0,1,0,0,0,0,0,0,0,0,0,0
210488,1,1,0,0,0,0,0,0,0,0,0,0
210489,1,1,16,16,16,16,16,16,16,16,16,16
210490,1,1,0,15,7,0,0,20,16,0,0,0
210491,1,1,0,0,0,0,0,0,0,0,0,0