ST_CASE,VEH_NO,PER_NO,P1,P2,P3,P4,P5,P6,P7,P8,P9,P10
220421,1,1,0,0,0,0,0,0,0,0,0,0
220422,1,1,11,11,11,11,11,11,11,11,11,11
220424,0,1,0,14,21,11,0,26,0,16,20,0
220424,1,1,26,0,0,0,0,18,9,9,7,0
220425,0,1,0,0,0,0,0,0,0,0,0,0
220425,1,1,0,0,0,0,0,0,0,0,0,0
220425,2,1,0,0,0,0,0,0,0,0,0,0
220426,1,1,0,0,0,0,0,0,0,0,0,0
220426,2,1,0,0,0,0,0,0,0,0,0,0
220427,1,1,0,0,0,0,0,0,0,0,0,0
220427,2,1,0,0,0,0,0,0,0,0,0,0
220428,0,1,31,31,31,31,31,31,31,31,31,31
220428,1,1,11,11,11,11,11,11,11,11,11,11
220429,1,1,0,0,0,0,0,0,0,0,0,0
220430,1,1,15,15,15,15,15,15,15,15,15,15
220430,2,1,0,0,0,0,0,0,0,0,0,0
220431,1,1,0,0,0,0,0,0,0,0,0,0
220432,1,1,0,0,0,0,0,0,0,0,0,0
220433,1,1,21,21,21,21,21,21,21,21,21,21
220434,1,1,8,8,8,8,8,8,8,8,8,8
220434,2,1,0,0,10,0,0,0,0,0,0,0
220435,1,1,32,32,32,32,32,32,32,32,32,32
220436,1,1,37,37,37,37,37,37,37,37,37,37
220437,1,1,0,0,0,0,0,0,0,0,0,0
220438,0,1,0,0,0,0,0,0,0,0,0,0
220438,1,1,0,0,0,0,0,0,0,0,0,0
220439,1,1,0,0,0,28,0,31,0,23,16,0
220440,1,1,32,0,0,0,0,0,0,0,0,0
220441,1,1,16,16,16,16,16,16,16,16,16,16
220442,1,1,0,0,0,0,0,0,0,0,0,0
220442,2,1,0,0,0,0,0,0,0,0,0,0
220443,1,1,0,0,0,0,0,0,0,0,0,0
220443,2,1,0,0,0,0,0,0,0,0,0,0
220444,1,1,0,0,0,0,0,0,0,0,0,0
220444,2,1,0,0,0,0,0,0,0,0,0,0
220444,3,1,0,0,0,0,0,0,0,0,0,0
220445,0,1,4,0,0,22,0,0,0,0,27,14
220445,0,2,0,0,0,0,0,0,0,0,0,0
220445,1,1,0,0,0,0,0,0,0,0,0,0
220446,1,1,0,0,0,0,0,0,0,0,0,0
220446,2,1,0,0,0,0,0,0,0,0,0,0
220446,3,1,0,0,0,0,0,0,0,0,0,0
220447,1,1,19,19,19,19,19,19,19,19,19,19
220447,2,1,0,0,0,0,0,10,0,0,0,9
220448,0,1,0,0,0,0,0,0,0,0,0,0
220448,1,1,0,0,0,0,0,0,0,0,0,0
220449,1,1,24,24,24,24,24,24,24,24,24,24
220449,2,1,0,0,0,0,0,0,0,0,0,0
220449,3,1,0,0,0,0,0,0,0,0,0,0
220449,4,1,0,0,0,0,0,0,0,0,0,0
220450,0,1,6,6,6,6,6,6,6,6,6,6
220450,1,1,30,30,30,30,30,30,30,30,30,30
220451,1,1,0,0,0,0,0,0,0,0,0,0
220451,2,1,9,0,0,0,0,14,0,0,0,0
220452,1,1,0,0,0,0,0,0,0,0,0,0
220452,2,1,0,0,0,0,0,0,0,0,0,0
220453,1,1,14,14,14,14,14,14,14,14,14,14
220453,2,1,0,0,0,0,0,0,0,0,0,0
220453,3,1,0,0,0,0,0,0,0,0,0,0
220453,4,1,0,0,0,0,0,0,0,0,0,0
220453,5,1,0,0,0,0,0,0,0,0,0,0
220453,6,1,0,0,0,0,0,0,0,0,0,0
220454,1,1,0,0,0,0,0,0,0,0,0,0
220454,2,1,0,0,0,0,0,0,0,0,0,0
220455,1,1,0,0,0,0,0,0,0,0,0,0
220455,2,1,0,0,0,0,0,0,0,0,0,0
220455,3,1,0,0,0,0,0,0,0,0,0,0
220455,4,1,0,0,0,0,0,0,0,0,0,0
220455,5,1,0,0,0,0,0,0,0,0,0,0
220455,6,1,0,0,0,0,0,0,0,0,0,0
220455,7,1,0,0,0,0,0,0,0,0,0,0
220455,8,1,0,0,0,20,16,0,0,0,0,0
220455,9,1,0,0,0,0,0,0,0,0,0,0
220455,10,1,0,0,0,0,0,0,0,0,0,0
220456,1,1,16,16,16,16,16,16,16,16,16,16
220456,2,1,0,0,0,0,0,0,0,0,0,0
220457,1,1,27,27,27,27,27,27,27,27,27,27
220458,1,1,0,0,17,0,0,0,0,26,6,0
220459,1,1,0,0,0,0,0,0,0,0,0,0
220459,2,1,0,0,0,0,0,0,0,0,0,0
220460,1,1,10,10,10,10,10,10,10,10,10,10
220460,2,1,0,0,0,0,0,0,0,0,0,0
220461,1,1,0,0,0,0,0,0,0,0,0,0
220461,2,1,0,0,0,0,0,0,0,0,0,0
220462,1,1,18,18,18,18,18,18,18,18,18,18
220462,2,1,4,4,4,4,4,4,4,4,4,4
220463,1,1,0,0,0,0,0,0,0,0,0,0
220463,2,1,0,0,0,0,0,0,0,0,0,0
220464,1,1,2,2,2,2,2,2,2,2,2,2
220464,2,1,0,0,0,0,0,0,0,0,0,0
220465,1,1,0,0,0,0,0,0,0,0,0,0
220465,2,1,0,0,0,0,0,0,0,0,0,0
220466,1,1,0,0,0,0,0,0,0,0,0,0
220467,1,1,0,0,0,0,0,0,0,0,0,0
220468,1,1,0,0,0,0,0,0,0,0,0,0
220469,1,1,30,30,30,30,30,30,30,30,30,30
220470,1,1,17,17,17,17,17,17,17,17,17,17
220470,2,1,17,17,17,17,17,17,17,17,17,17
220471,0,1,0,0,0,0,0,0,0,0,0,0
220471,1,1,0,0,0,0,0,0,0,0,0,0
220472,1,1,0,0,0,0,0,0,0,0,0,0
220472,2,1,0,0,0,0,0,0,0,0,0,0
220473,0,1,0,0,0,0,0,0,0,0,0,0
220473,1,1,14,14,14,14,14,14,14,14,14,14
220474,1,1,0,0,0,0,0,0,0,0,0,0
220474,2,1,0,0,0,0,0,0,0,0,0,0
220475,0,1,0,0,0,0,0,0,0,0,0,0
220475,1,1,0,0,0,0,0,0,0,0,0,0
220476,0,1,0,0,0,0,0,0,0,0,0,14
220476,1,1,0,0,0,0,0,0,0,0,0,0
220477,1,1,30,30,30,30,30,30,30,30,30,30
220478,1,1,21,21,21,21,21,21,21,21,21,21
220478,2,1,0,0,0,0,0,0,0,0,0,0
220479,1,1,0,0,0,0,0,0,0,0,0,0
220480,1,1,15,15,15,15,15,15,15,15,15,15
220481,1,1,0,0,0,0,0,0,0,0,0,0
220481,2,1,0,0,0,0,0,0,0,0,0,0
220482,0,1,0,25,22,0,0,0,0,0,0,0
220482,1,1,10,0,0,0,0,0,42,0,0,0
220483,1,1,0,0,0,0,0,0,32,0,0,0
220484,0,1,0,0,0,0,0,0,0,0,0,0
220484,1,1,0,0,0,0,0,0,0,0,0,0
220485,1,1,8,8,8,8,8,8,8,8,8,8
220485,2,1,0,0,0,0,6,5,0,10,0,16
220486,1,1,0,6,0,26,13,10,0,13,0,32
220487,1,1,0,0,0,0,24,0,0,0,0,10
220487,2,1,0,0,0,0,0,0,0,0,0,0
220488,0,1,0,21,0,31,11,0,19,0,21,0
220488,1,1,0,12,0,0,0,5,0,0,0,7
220489,1,1,0,0,0,15,0,0,0,0,0,0
220489,2,1,0,5,0,2,0,0,7,0,5,0
220490,1,1,6,20,25,0,0,5,0,0,0,11
220491,1,1,7,13,8,23,0,6,14,8,0,31
220491,2,1,0,0,0,0,0,0,0,0,0,0
220492,1,1,0,0,0,0,0,0,0,0,0,0
220493,1,1,0,0,0,0,0,0,0,0,0,0
220493,2,1,0,0,0,0,0,0,0,0,0,0
220493,3,1,0,0,0,0,0,0,0,0,0,0
220494,0,1,4,4,4,4,4,4,4,4,4,4
220494,1,1,0,0,0,0,0,0,0,0,0,0
220495,1,1,15,0,0,0,0,0,0,0,0,0
220495,2,1,0,0,0,0,0,0,0,0,0,0
220496,1,1,0,0,0,0,0,0,0,0,0,0
220496,2,1,0,0,0,0,0,0,0,0,0,0
220497,1,1,35,35,35,35,35,35,35,35,35,35
220497,2,1,0,0,0,0,0,0,0,0,0,0
220498,1,1,7,7,7,7,7,7,7,7,7,7
220499,0,1,0,0,0,0,0,0,0,0,0,0
220499,1,1,0,0,0,0,0,0,0,0,0,0
220500,1,1,0,0,0,0,0,0,0,0,0,0
220500,2,1,0,0,0,0,0,0,0,0,0,0
220500,3,1,0,0,0,0,0,0,0,0,0,0
220501,1,1,0,0,0,0,0,0,0,0,0,0
220501,2,1,0,0,0,0,0,0,0,0,0,0
220502,1,1,0,0,0,0,0,0,0,0,0,0
220503,1,1,0,0,0,0,0,0,0,0,0,0
220503,2,1,0,0,0,0,0,0,0,0,0,0
220504,1,1,0,0,0,0,0,0,0,0,0,0
220504,2,1,0,0,0,0,0,0,0,0,0,0
220505,1,1,0,0,0,0,0,0,0,0,0,0
220506,1,1,26,26,26,26,26,26,26,26,26,26
220507,1,1,0,0,18,0,0,0,0,0,0,0
220508,0,1,0,0,0,11,0,12,0,0,0,0
220508,1,1,0,0,0,0,0,0,0,0,0,0
220509,1,1,14,14,14,14,14,14,14,14,14,14
220510,0,1,0,0,0,0,0,0,0,0,0,0
220510,1,1,4,4,4,4,4,4,4,4,4,4
220511,1,1,0,0,0,0,0,0,0,0,0,0
220511,2,1,0,0,0,0,0,0,0,0,0,0
220511,3,1,0,0,0,0,0,0,0,0,0,0
220512,0,1,36,36,36,36,36,36,36,36,36,36
220512,1,1,0,0,0,0,0,0,0,0,0,0
220513,0,1,21,21,21,21,21,21,21,21,21,21
220513,1,1,0,0,0,0,0,24,0,15,11,0
220514,1,1,0,0,0,0,0,0,0,0,0,0
220514,2,1,0,0,0,0,0,0,0,0,0,0
220515,0,1,0,0,0,0,22,0,0,17,0,0
220516,0,1,34,34,34,34,34,34,34,34,34,34
220516,1,1,0,0,0,0,0,0,0,0,0,0
220517,1,1,0,0,0,0,0,0,0,0,0,0
220518,1,1,0,0,0,0,0,0,0,0,0,0
220519,1,1,0,0,0,0,0,0,0,0,0,0
220520,1,1,0,0,0,0,0,0,0,0,0,0
220521,1,1,0,0,0,0,0,0,0,0,0,0
220522,1,1,0,0,0,0,0,0,0,0,0,0
220523,1,1,0,0,0,0,0,0,0,0,0,0
220524,1,1,0,0,0,0,0,0,0,0,0,0
220524,2,1,0,0,0,0,0,0,0,0,0,0
220524,3,1,0,0,0,0,0,0,0,0,0,0
220524,4,1,0,0,0,0,0,0,0,0,0,0
220525,1,1,0,0,0,15,0,0,0,0,7,0
220526,1,1,0,0,0,0,0,0,0,0,0,0
220527,1,1,3,3,3,3,3,3,3,3,3,3
220527,2,1,0,0,0,0,0,0,7,0,0,0
220528,1,1,0,0,0,0,0,0,0,0,0,0
220529,1,1,11,11,11,11,11,11,11,11,11,11
220529,2,1,0,13,0,0,0,7,18,24,10,0
220529,3,1,0,17,0,0,0,0,0,0,0,0
220530,1,1,17,17,17,17,17,17,17,17,17,17
220530,2,1,0,0,0,0,0,0,0,0,0,0
220531,0,1,0,0,0,0,0,0,0,0,0,0
220531,1,1,0,0,0,0,0,0,0,0,0,0
220532,0,1,0,0,0,0,0,0,0,0,0,0
220532,1,1,0,0,0,0,0,0,0,0,0,0
220533,0,1,0,34,0,0,0,0,0,0,0,0
220533,1,1,0,0,0,0,0,0,0,0,0,0
220534,1,1,0,0,0,0,0,0,0,0,0,0
220534,2,1,0,0,0,0,0,0,0,0,0,0
220535,1,1,20,20,20,20,20,20,20,20,20,20
220536,1,1,11,11,11,11,11,11,11,11,11,11
220536,2,1,0,0,0,0,0,0,0,0,0,0
220537,1,1,0,0,0,0,0,0,0,0,0,0
220537,2,1,0,0,0,0,0,0,0,0,0,0
220537,3,1,0,0,0,0,0,0,0,0,0,0
220538,1,1,0,0,0,0,0,0,0,0,0,0
220538,2,1,0,0,5,0,0,0,0,0,0,0
220538,3,1,0,0,0,0,0,0,0,0,0,0
220539,1,1,0,0,16,0,0,32,0,15,0,0
220539,2,1,0,0,0,0,0,0,0,10,0,0
220540,0,1,35,35,35,35,35,35,35,35,35,35
220540,1,1,0,0,0,0,0,0,0,0,0,0
220541,1,1,10,0,0,0,0,0,0,0,0,17
220541,2,1,0,0,0,0,0,0,0,0,0,0
220542,1,1,29,29,29,29,29,29,29,29,29,29
220542,2,1,0,0,0,0,0,0,0,0,0,0
220543,1,1,0,0,0,0,0,0,0,0,0,0
220543,2,1,0,0,0,0,0,0,0,0,0,0
220544,0,1,0,0,0,0,0,0,0,0,0,0
220544,1,1,0,0,0,0,0,0,0,0,0,0
220545,1,1,0,0,0,0,0,0,0,0,0,0
220546,0,1,0,0,0,0,0,0,0,25,0,12
220546,1,1,0,0,0,0,0,0,24,21,0,0
220547,1,1,12,12,12,12,12,12,12,12,12,12
220548,1,1,0,0,0,0,0,0,0,0,0,0
220549,1,1,8,8,8,8,8,8,8,8,8,8
220550,1,1,28,28,28,28,28,28,28,28,28,28
220551,1,1,0,0,0,0,0,0,0,0,0,0
220551,2,1,0,0,0,0,0,0,0,0,0,0
220552,1,1,0,0,0,0,0,0,0,0,0,0
220552,2,1,0,0,0,0,0,0,0,0,0,0
220553,1,1,23,23,23,23,23,23,23,23,23,23
220554,0,1,29,29,29,29,29,29,29,29,29,29
220554,1,1,0,0,28,0,0,0,0,0,14,0
220555,1,1,0,0,0,0,0,0,0,0,0,0
220557,1,1,0,0,0,0,0,0,0,0,0,0
220557,2,1,0,0,0,0,0,0,0,0,0,0
220557,3,1,0,0,0,0,0,0,0,0,0,0
220558,1,1,0,0,0,0,0,0,0,0,0,0
220559,1,1,0,0,0,0,0,0,0,0,0,0
220559,2,1,0,0,0,0,0,0,0,0,0,0
220560,1,1,18,18,18,18,18,18,18,18,18,18
220560,2,1,5,5,5,5,5,5,5,5,5,5
220560,3,1,0,0,0,0,0,0,22,0,0,0
220561,1,1,0,0,0,0,0,0,0,0,0,0
220561,2,1,0,0,0,0,0,0,0,0,0,0
220562,1,1,22,22,22,22,22,22,22,22,22,22
220562,2,1,0,0,0,0,0,0,0,0,0,0
220563,0,1,0,0,0,0,0,0,0,0,0,0
220563,1,1,0,0,0,0,0,0,0,0,0,0
220564,1,1,0,0,0,0,0,0,0,0,0,0
220564,2,1,0,0,23,0,18,0,0,0,0,0
220565,1,1,19,19,19,19,19,19,19,19,19,19
220566,1,1,19,19,19,19,19,19,19,19,19,19
220567,1,1,9,9,9,9,9,9,9,9,9,9
220567,2,1,0,0,0,0,0,0,0,0,0,0
220568,0,1,0,0,25,0,0,0,0,0,0,0
220568,1,1,0,0,0,0,0,0,0,0,0,0
220569,1,1,0,0,0,0,0,0,0,0,0,0
220570,1,1,20,20,20,20,20,20,20,20,20,20
220571,1,1,16,16,16,16,16,16,16,16,16,16
220572,1,1,0,0,0,0,16,0,0,0,0,0
220572,2,1,0,0,0,0,0,0,0,0,0,0
220573,1,1,0,0,0,0,0,0,0,27,0,0
220574,1,1,0,0,0,0,0,0,0,0,0,0
220574,2,1,11,11,11,11,11,11,11,11,11,11
220575,1,1,0,12,0,0,0,0,7,11,0,0
220575,2,1,0,0,0,0,0,0,0,0,0,0
220576,1,1,0,0,0,6,0,0,0,0,0,0
220576,2,1,0,0,0,0,0,0,0,0,0,0
220577,1,1,26,26,26,26,26,26,26,26,26,26
220578,1,1,20,20,20,20,20,20,20,20,20,20
220579,1,1,0,0,0,0,0,0,0,0,0,0
220580,0,1,0,0,0,0,0,0,0,0,0,0
220580,1,1,0,0,0,0,0,0,0,0,0,0
220581,1,1,0,0,0,0,0,0,0,0,0,0
220581,2,1,0,0,0,0,0,0,0,0,0,0
220582,0,1,37,37,37,37,37,37,37,37,37,37
220582,1,1,5,5,5,5,5,5,5,5,5,5
220583,1,1,5,5,5,5,5,5,5,5,5,5
220583,2,1,0,13,18,18,0,12,33,7,5,14
220584,0,1,16,16,0,0,0,0,0,0,0,0
220584,2,1,0,0,0,0,0,0,0,0,0,0
220585,1,1,0,0,21,0,0,0,0,0,0,0
220585,2,1,0,0,0,0,0,0,0,17,0,0
220586,1,1,0,0,0,0,0,0,0,0,0,0
220587,1,1,0,0,0,0,0,0,0,0,0,0
220588,1,1,0,14,0,13,10,8,4,19,0,0
220589,1,1,0,0,0,0,0,0,0,0,0,0
220590,0,1,14,14,14,14,14,14,14,14,14,14
220590,1,1,0,0,0,0,0,0,0,0,0,0
220591,1,1,0,0,0,0,0,0,0,0,0,0
220591,2,1,0,0,0,0,0,0,0,0,0,0
220592,0,1,29,22,38,9,8,21,31,0,23,0
220592,1,1,18,0,25,0,0,0,26,0,22,0
220593,1,1,0,0,0,0,0,0,0,0,0,0
220593,2,1,0,0,0,0,0,0,0,0,0,0
220594,1,1,0,0,0,0,0,0,0,0,0,0
220594,2,1,0,0,0,0,0,0,0,0,0,0
220595,0,1,0,0,0,0,0,0,0,0,0,0
220595,1,1,0,0,0,0,0,0,0,0,0,0
220596,1,1,0,0,0,0,0,0,0,0,0,0
220597,0,1,0,0,0,0,0,0,0,0,0,0
220597,1,1,0,0,0,0,0,0,0,0,0,40
220598,1,1,0,0,0,0,0,0,0,0,0,0
220599,1,1,0,0,0,0,0,0,0,0,0,0
220600,1,1,0,0,0,0,0,0,0,0,0,0
220601,1,1,4,4,4,4,4,4,4,4,4,4
220602,1,1,21,21,21,21,21,21,21,21,21,21
220602,2,1,0,0,0,0,0,0,0,0,0,0
220603,1,1,0,0,0,0,0,0,0,0,0,26
220604,0,1,21,21,21,21,21,21,21,21,21,21
220604,1,1,0,0,0,0,0,0,0,0,0,0
220605,1,1,0,0,0,0,0,0,0,0,0,0
220606,1,1,0,0,0,0,0,0,0,0,0,0
220606,2,1,0,0,0,0,0,0,0,0,0,0
220607,1,1,0,0,0,0,0,0,0,0,0,0
220608,0,1,0,0,0,0,0,0,0,0,0,0
220608,1,1,0,0,0,0,0,0,0,0,0,0
220608,3,1,0,0,0,0,0,0,0,0,0,0
220609,1,1,0,0,0,0,0,0,0,0,0,0
220609,2,1,0,0,0,0,0,0,0,0,0,0
220610,1,1,0,0,0,0,0,0,0,0,0,0
220611,1,1,0,0,29,0,0,0,0,0,0,0
220612,1,1,0,0,0,0,0,0,0,0,0,0
220613,1,1,0,0,0,0,0,0,0,0,0,0
220614,1,1,0,0,0,0,0,0,0,0,0,0
220614,2,1,0,0,0,9,0,0,0,0,0,0
220615,0,1,4,4,4,4,4,4,4,4,4,4
220615,1,1,0,0,0,0,0,0,0,0,0,0
220616,0,1,0,0,0,0,0,0,0,0,0,0
220616,1,1,0,0,0,0,0,0,12,0,0,0
220617,1,1,0,0,0,0,0,0,0,0,0,0
220617,2,1,0,0,0,0,0,0,0,0,0,0
220618,1,1,9,9,9,9,9,9,9,9,9,9
220618,2,1,0,0,0,0,0,0,0,0,0,0
220619,0,1,0,0,0,0,0,0,0,0,0,0
220619,1,1,0,0,0,0,0,0,0,0,0,0
220620,1,1,4,4,4,4,4,4,4,4,4,4
220620,2,1,0,0,0,0,0,0,0,0,0,0
220621,1,1,10,10,10,10,10,10,10,10,10,10
220621,2,1,0,0,0,0,0,0,0,0,0,0
220622,0,1,0,0,0,0,39,0,0,0,0,32
220622,1,1,0,0,0,0,0,0,0,0,0,0
220623,0,1,0,0,0,0,0,0,0,0,0,0
220623,1,1,0,0,16,0,9,27,5,0,0,12
220624,1,1,0,0,0,0,0,0,0,0,0,0
220625,1,1,11,2,0,8,0,0,0,0,19,0
220626,1,1,19,19,19,19,19,19,19,19,19,19
220626,2,1,0,0,0,0,0,0,0,0,0,0
220627,1,1,0,0,0,0,0,0,0,0,0,0
220627,2,1,0,0,0,0,0,0,0,0,0,0
220628,1,1,0,13,0,0,0,0,0,14,0,0
220628,2,1,0,0,0,0,0,0,0,0,0,0
220628,3,1,0,0,0,0,0,0,0,25,0,0
220628,4,1,0,0,0,0,0,0,0,0,0,0
220629,1,1,0,0,0,0,0,0,0,0,0,0
220630,1,1,13,13,13,13,13,13,13,13,13,13
220631,0,1,0,0,0,0,0,0,0,0,0,0
220631,1,1,0,0,0,0,0,10,0,0,0,0
220632,0,1,0,0,0,0,0,0,0,0,0,0
220632,1,1,0,0,0,0,0,0,0,0,0,0
220633,0,1,28,28,28,28,28,28,28,28,28,28
220633,1,1,0,0,0,0,0,0,0,0,0,0
220634,1,1,0,0,0,0,21,0,0,0,0,26
220635,1,1,33,33,33,33,33,33,33,33,33,33
220635,2,1,0,0,0,0,0,0,0,0,0,0
220636,1,1,0,0,0,0,0,0,0,0,0,0
220636,2,1,0,0,0,0,0,0,0,0,0,0
220637,1,1,0,0,0,0,0,0,0,0,0,0
220637,2,1,0,0,0,0,0,0,0,0,0,0
220638,1,1,0,0,0,0,0,0,0,0,0,0
220638,2,1,0,0,0,0,0,0,0,0,0,0
220638,3,1,0,0,0,0,0,0,0,0,0,0
220639,1,1,26,26,26,26,26,26,26,26,26,26
220639,2,1,22,22,22,22,22,22,22,22,22,22
220640,0,1,29,29,29,29,29,29,29,29,29,29
220640,1,1,14,4,0,0,21,0,0,0,0,0
220641,0,1,0,0,0,0,10,0,22,0,0,0
220641,1,1,0,0,32,0,0,0,15,0,0,0
220642,1,1,15,15,15,15,15,15,15,15,15,15
220643,0,1,0,0,0,14,42,17,9,0,0,14
220643,1,1,0,0,0,0,0,0,0,0,0,0
220644,1,1,0,0,0,0,0,0,0,0,0,0
220645,0,1,1,1,1,1,1,1,1,1,1,1
220645,1,1,0,0,0,7,0,0,0,0,0,0
220646,0,1,13,13,13,13,13,13,13,13,13,13
220646,1,1,0,0,0,0,0,0,0,0,0,0
220647,1,1,13,13,13,13,13,13,13,13,13,13
220647,2,1,0,0,0,0,0,0,0,0,0,0
220648,1,1,0,0,0,0,0,0,0,0,0,0
220648,2,1,0,0,0,0,0,0,0,0,0,0
220649,1,1,0,0,0,0,0,0,0,0,0,0
220649,2,1,8,8,8,8,8,8,8,8,8,8
220650,1,1,18,18,18,18,18,18,18,18,18,18
220651,1,1,0,0,0,0,0,0,13,0,0,0
220652,1,1,24,24,24,24,24,24,24,24,24,24
220653,1,1,24,36,22,35,0,10,4,31,0,0
220654,1,1,0,0,0,0,9,18,38,13,32,0
220655,1,1,5,5,5,5,5,5,5,5,5,5
220656,1,1,0,0,0,0,16,0,15,0,0,0
220657,1,1,12,12,12,12,12,12,12,12,12,12
220658,1,1,24,0,24,3,18,0,14,0,20,0
220659,1,1,8,8,8,8,8,8,8,8,8,8
220660,1,1,0,0,0,0,0,0,0,0,0,0
220660,2,1,0,0,0,0,0,0,0,0,0,0
220661,1,1,0,0,0,0,0,0,0,0,0,0
220661,2,1,0,0,0,0,0,0,0,0,0,0
220662,1,1,17,17,17,17,17,17,17,17,17,17
220663,1,1,0,0,0,0,0,0,16,0,0,0
220663,2,1,0,0,0,0,0,0,0,0,0,0
220664,1,1,0,0,0,0,0,0,0,6,0,0
220665,0,1,11,11,11,11,11,11,11,11,11,11
220665,1,1,0,0,0,0,0,15,16,0,0,0
220666,1,1,0,0,0,0,0,0,0,0,0,0
220667,0,1,0,0,0,0,0,0,0,0,0,0
220667,1,1,0,0,0,0,0,0,0,0,0,0
220668,0,1,11,11,11,11,11,11,11,11,11,11
220668,1,1,0,0,0,25,22,0,0,0,0,0
220669,1,1,5,5,5,5,5,5,5,5,5,5
220669,2,1,0,0,0,0,0,0,0,0,0,0
220670,1,1,0,0,0,0,0,0,0,0,0,0
220670,2,1,0,0,0,0,0,0,0,0,0,0
220671,1,1,0,0,0,0,0,0,0,0,0,0
220672,0,1,0,0,0,0,0,0,0,0,0,0
220672,1,1,0,0,0,0,0,0,0,0,0,0
220673,1,1,14,7,0,13,0,37,0,11,27,0
220674,1,1,0,0,0,0,0,0,0,0,0,0
220675,0,1,0,0,33,29,0,20,15,0,0,0
220675,1,1,0,0,0,0,0,0,0,0,0,0
220676,1,1,0,0,0,0,0,0,0,0,0,0
220676,2,1,0,0,0,0,0,0,0,0,12,0
220676,3,1,0,0,0,0,0,0,0,0,0,0
220677,1,1,0,0,0,0,0,0,0,0,0,0
220678,1,1,0,0,0,0,0,0,0,0,0,0
220678,2,1,0,0,0,0,0,0,0,0,0,0
220679,1,1,0,0,0,0,0,0,0,0,0,0
220680,1,1,0,0,0,0,24,0,0,0,0,0
220681,0,1,18,18,18,18,18,18,18,18,18,18
220681,0,2,21,21,21,21,21,21,21,21,21,21
220681,0,3,11,16,20,7,17,6,4,31,24,6
220681,1,1,0,0,4,0,0,0,0,14,0,8
220682,1,1,28,9,38,20,24,10,19,23,36,8
220683,1,1,14,0,0,0,0,0,0,0,0,0
220684,0,1,0,0,0,0,0,0,0,0,0,0
220684,1,1,0,0,0,0,5,36,0,0,0,0
220685,1,1,0,23,20,0,0,23,0,23,34,14
220686,1,1,0,0,13,12,30,24,15,30,4,0
220687,0,1,34,24,0,6,0,13,0,0,0,18
220687,1,1,58,58,58,58,58,58,58,58,58,58
220688,1,1,0,12,0,14,0,0,0,0,0,0
230001,1,1,0,0,0,0,0,0,0,0,0,0
230001,2,1,0,0,0,0,0,0,0,0,0,0
230002,1,1,10,10,10,10,10,10,10,10,10,10
230003,0,1,0,0,0,0,0,0,0,0,0,0
230003,1,1,0,0,0,0,0,0,0,0,0,0
230004,1,1,0,0,0,0,0,0,4,0,0,0
230004,2,1,0,0,18,0,8,0,0,0,0,0
230005,1,1,0,0,0,0,0,0,0,0,0,0
230005,2,1,0,0,0,0,0,0,0,0,0,0
230006,1,1,0,0,0,0,0,0,0,0,0,0
230006,2,1,0,0,0,0,0,0,0,0,0,0
230007,1,1,20,20,20,20,20,20,20,20,20,20
230008,1,1,0,0,0,6,0,0,0,0,0,0
230008,2,1,22,0,0,0,0,17,0,23,0,9
230008,3,1,0,7,0,0,0,0,0,0,0,5
230009,1,1,0,0,0,0,0,0,0,0,0,0
230010,0,1,0,0,0,0,0,0,0,0,0,0
230010,1,1,0,0,0,0,0,0,0,0,0,0
230011,1,1,0,0,0,0,0,0,0,0,0,0
230012,1,1,23,23,23,23,23,23,23,23,23,23
230013,0,1,24,24,24,24,24,24,24,24,24,24
230013,1,1,0,0,0,0,0,0,0,0,0,0
230014,1,1,0,0,0,0,0,0,0,0,0,0
230015,0,1,0,0,0,0,0,0,0,0,0,0
230015,1,1,0,0,0,0,0,0,0,0,0,0
230016,1,1,0,0,0,0,0,0,0,0,0,0
230016,2,1,0,5,0,0,0,0,0,0,4,0
230017,1,1,11,11,11,11,11,11,11,11,11,11
230017,2,1,34,34,34,34,34,34,34,34,34,34
230018,1,1,0,0,0,0,0,0,0,0,0,0
230019,1,1,0,0,3,16,0,0,0,0,0,0
230020,1,1,19,19,19,19,19,19,19,19,19,19
230020,2,1,0,0,15,0,0,0,0,0,0,0
230020,3,1,0,0,0,0,0,0,0,0,0,0
230021,1,1,0,0,0,0,0,0,0,0,0,0
230021,2,1,0,0,0,0,0,0,0,0,0,0
230022,1,1,26,26,26,26,26,26,26,26,26,26
230023,1,1,0,0,37,0,0,0,0,0,0,0
230023,2,1,0,0,0,0,0,0,0,0,0,0
230024,0,1,0,0,0,0,0,0,0,0,0,0
230024,1,1,4,4,4,4,4,4,4,4,4,4
230025,1,1,13,13,13,13,13,13,13,13,13,13
230026,1,1,0,0,0,0,0,17,0,0,0,0
230026,2,1,0,0,0,0,0,0,0,0,0,0
230027,1,1,0,0,0,0,0,0,0,0,0,0
230028,1,1,0,0,0,0,0,2,11,0,0,0
230028,2,1,0,0,0,0,0,0,0,0,0,0