ST_CASE,VEH_NO,PER_NO,P1,P2,P3,P4,P5,P6,P7,P8,P9,P10
250274,2,1,0,13,17,0,13,0,0,11,0,15
250275,1,1,0,0,0,0,0,0,0,0,0,0
250276,1,1,44,44,44,44,44,44,44,44,44,44
250277,1,1,0,0,0,0,0,0,0,0,0,0
250278,1,1,0,0,0,0,0,0,0,0,0,0
250279,1,1,24,24,24,24,24,24,24,24,24,24
250280,1,1,0,0,0,0,0,0,0,0,0,0
250280,2,1,0,0,0,0,0,0,0,0,0,0
250281,1,1,0,0,0,0,0,0,0,0,0,0
250281,2,1,0,0,28,0,0,0,0,0,0,0
250282,0,1,4,4,4,4,4,4,4,4,4,4
250282,1,1,0,0,24,0,0,9,0,0,7,25
250283,1,1,0,0,0,0,0,0,0,0,0,0
250283,2,1,0,0,0,0,0,0,0,0,0,0
250284,0,1,0,0,0,0,0,0,0,0,0,0
250284,1,1,0,0,0,0,0,0,0,0,0,0
250285,1,1,22,22,22,22,22,22,22,22,22,22
250286,0,1,5,5,5,5,5,5,5,5,5,5
250286,0,2,0,0,0,0,0,0,0,0,0,15
250286,1,1,0,0,0,0,0,15,0,0,16,0
250287,0,1,0,0,0,0,0,0,0,0,0,0
250287,1,1,0,0,0,0,0,0,0,0,0,0
250288,1,1,20,20,20,20,20,20,20,20,20,20
250289,0,1,0,0,0,0,0,0,0,0,0,0
250289,1,1,0,0,0,0,0,0,0,0,0,0
250291,1,1,37,37,37,37,37,37,37,37,37,37
250291,2,1,0,0,0,0,0,0,0,0,0,0
250292,0,1,0,0,0,0,0,0,0,0,0,0
250292,1,1,8,8,8,8,8,8,8,8,8,8
250293,1,1,0,0,0,0,0,0,0,0,0,0
250294,1,1,15,15,15,15,15,15,15,15,15,15
250295,1,1,17,17,17,17,17,17,17,17,17,17
250296,1,1,20,20,20,20,20,20,20,20,20,20
250297,1,1,0,0,0,0,0,0,0,0,0,0
250297,2,1,0,0,0,0,0,0,0,0,0,0
250298,1,1,0,0,0,0,0,8,0,0,0,0
250298,2,1,0,0,0,0,0,0,0,0,0,0
250299,0,1,4,4,4,4,4,4,4,4,4,4
250299,1,1,0,8,0,0,0,0,0,0,0,0
250300,1,1,10,10,10,10,10,10,10,10,10,10
250301,1,1,0,0,0,0,0,0,0,0,0,0
250302,1,1,0,0,0,0,0,0,0,0,0,0
250303,1,1,22,22,22,22,22,22,22,22,22,22
250304,1,1,0,0,0,0,0,0,0,0,0,0
250304,2,1,0,0,0,0,0,0,0,0,0,6
250305,0,1,0,0,0,0,0,0,0,0,0,0
250305,1,1,22,0,0,0,0,0,0,0,0,20
250306,1,1,0,0,0,0,0,0,0,0,0,0
250307,1,1,0,0,0,0,0,0,0,0,0,0
250307,2,1,9,10,4,21,10,0,0,7,18,0
250308,0,1,0,0,0,0,0,0,0,0,0,0
250308,1,1,0,0,0,45,0,0,0,24,0,0
250309,1,1,0,0,0,0,0,0,0,0,0,0
250309,2,1,0,0,0,0,0,0,0,0,0,0
250310,1,1,1,1,1,1,1,1,1,1,1,1
250310,2,1,0,0,0,0,0,0,0,0,0,0
250310,3,1,19,0,0,0,0,0,0,0,6,0
250311,1,1,0,0,0,0,0,0,0,0,0,0
250311,2,1,0,0,0,18,0,0,0,0,0,0
250311,3,1,0,0,0,0,0,0,0,0,0,0
250312,1,1,0,0,0,0,0,0,0,0,0,0
250312,2,1,0,0,0,0,0,0,0,0,10,0
250313,0,1,15,15,15,15,15,15,15,15,15,15
250313,1,1,0,0,0,0,0,0,0,0,18,0
250314,1,1,0,0,0,0,0,0,0,0,0,0
250315,1,1,0,0,0,0,0,0,0,0,0,0
250315,2,1,0,0,0,0,0,0,0,0,0,0
250316,1,1,0,0,0,0,0,0,0,0,0,0
250317,1,1,8,8,8,8,8,8,8,8,8,8
250318,0,1,13,13,13,13,13,13,13,13,13,13
250318,1,1,0,0,0,0,0,0,0,4,0,0
250319,1,1,0,0,0,0,0,0,0,0,0,0
250320,1,1,0,0,0,0,0,0,0,0,0,0
250320,2,1,0,0,0,0,0,0,0,0,0,0
250321,0,1,19,0,17,7,0,25,0,0,15,41
250321,0,2,17,17,17,17,17,17,17,17,17,17
250321,1,1,0,0,35,0,0,0,0,0,0,0
250322,0,1,0,0,0,0,0,0,0,0,0,0
250322,1,1,0,0,0,0,0,0,0,0,0,0
250323,1,1,0,0,0,0,0,0,0,0,0,0
250323,2,1,0,0,0,0,0,0,0,0,0,0
250325,1,1,5,5,5,5,5,5,5,5,5,5
250326,1,1,0,0,0,0,0,0,0,0,0,0
250327,1,1,0,0,0,0,0,0,0,0,0,0
250327,2,1,0,0,0,0,0,0,0,0,0,0
250327,3,1,0,0,0,0,6,0,0,0,17,0
250328,0,1,0,0,0,0,0,0,0,0,0,0
250328,1,1,0,0,0,0,0,0,0,0,0,0
250329,1,1,8,0,0,0,26,22,0,12,26,17
250330,0,1,0,0,0,0,0,0,0,0,0,0
250330,1,1,0,0,0,0,0,0,0,0,0,0
250331,1,1,0,0,0,0,0,0,0,0,0,0
250331,2,1,0,0,0,0,0,0,0,0,0,0
250332,0,1,0,0,0,0,0,0,0,0,0,0
250332,1,1,0,0,0,0,9,10,0,0,0,0
250332,2,1,14,0,2,13,0,0,0,23,0,0
250333,1,1,0,0,0,0,0,0,0,0,0,0
250333,2,1,20,0,0,0,0,0,0,0,0,0
250334,1,1,0,0,0,0,0,0,0,0,0,0
250334,2,1,0,0,0,0,0,0,0,0,0,0
250334,3,1,0,0,0,0,0,0,0,0,0,0
250335,0,1,0,24,0,0,0,0,0,0,0,6
250335,1,1,0,0,0,0,0,9,0,0,0,0
250336,1,1,0,0,0,0,0,13,0,0,0,17
250336,2,1,0,0,0,0,0,0,0,0,0,0
250337,1,1,0,0,0,0,0,0,0,0,0,0
260001,1,1,0,0,0,0,0,0,0,0,0,0
260002,1,1,12,19,22,22,17,17,25,20,30,22
260003,1,1,0,0,0,0,0,0,0,0,0,0
260003,2,1,0,0,0,0,0,0,0,0,0,0
260004,1,1,19,19,19,19,19,19,19,19,19,19
260005,1,1,0,6,40,20,0,0,18,15,23,9
260006,0,1,8,31,25,16,12,21,0,20,37,9
260006,0,2,7,5,38,17,12,0,13,4,13,23
260006,1,1,0,0,0,0,0,0,0,0,0,0
260007,1,1,0,0,0,0,0,0,0,0,0,0
260007,2,1,0,0,0,0,0,0,0,0,0,0
260008,1,1,0,0,0,0,0,0,0,0,0,0
260008,2,1,0,0,0,0,0,0,0,0,0,0
260009,1,1,0,0,0,0,0,0,0,0,0,0
260010,1,1,12,12,12,12,12,12,12,12,12,12
260010,2,1,0,0,0,0,0,0,0,0,0,0
260011,1,1,0,0,28,25,0,0,0,0,0,0
260012,0,1,0,0,0,0,9,0,23,0,0,0
260012,1,1,0,0,0,0,0,0,0,0,0,0
260013,1,1,15,15,15,15,15,15,15,15,15,15
260013,2,1,0,0,0,0,0,0,0,0,0,0
260014,1,1,0,0,0,0,0,0,0,0,0,0
260015,0,1,33,33,33,33,33,33,33,33,33,33
260015,1,1,0,0,0,0,0,31,0,0,0,0
260016,0,1,4,12,0,22,32,24,17,16,13,17
260016,1,1,0,0,0,0,0,0,0,0,0,0
260017,1,1,0,0,0,0,0,0,0,0,0,0
260018,1,1,0,0,0,0,0,0,0,0,0,0
260018,2,1,0,0,0,0,0,0,0,0,0,0
260019,1,1,0,0,0,0,0,0,0,0,0,0
260019,2,1,0,0,0,0,0,0,0,0,0,0
260020,0,1,0,0,0,0,0,0,32,0,0,18
260020,1,1,0,0,0,0,0,0,0,0,0,0
260021,0,1,17,17,17,17,17,17,17,17,17,17
260021,0,2,34,21,25,8,20,15,26,24,11,25
260021,1,1,0,0,0,0,0,0,0,0,0,0
260022,1,1,21,33,18,15,15,8,10,17,11,18
260023,1,1,0,0,0,0,0,0,0,0,0,0
260023,2,1,0,0,0,0,0,0,0,0,0,0
260024,1,1,22,22,22,22,22,22,22,22,22,22
260025,1,1,0,0,0,0,0,0,0,0,0,0
260025,2,1,0,0,0,0,0,0,0,0,0,0
260026,1,1,0,0,0,0,0,0,0,0,0,0
260027,1,1,0,0,0,0,0,0,0,0,0,0
260028,1,1,0,0,0,0,0,0,0,0,0,0
260028,2,1,0,0,0,0,0,0,0,0,0,0
260029,1,1,0,0,0,0,0,0,0,0,0,0
260029,2,1,0,0,0,0,0,0,0,0,0,0
260029,3,1,0,0,0,0,0,0,0,0,0,0
260029,4,1,0,0,0,0,0,0,0,0,0,0
260030,1,1,16,16,16,16,16,16,16,16,16,16
260031,1,1,17,0,0,0,0,23,0,0,23,0
260032,1,1,0,0,0,0,0,0,0,0,0,0
260032,2,1,0,0,0,0,0,0,0,0,0,0
260032,3,1,0,0,0,0,0,0,0,0,0,0
260033,1,1,0,0,0,0,0,0,0,0,0,0
260034,1,1,0,0,0,0,0,0,0,12,0,0
260034,2,1,0,0,0,0,0,0,0,0,0,0
260034,3,1,0,0,0,0,0,0,0,0,0,0
260035,1,1,0,0,0,0,0,0,0,0,0,0
260035,2,1,0,0,0,0,0,0,0,0,0,0
260036,1,1,0,0,0,0,0,0,0,0,0,0
260036,2,1,0,0,0,0,0,0,0,0,0,0
260037,1,1,23,23,23,23,23,23,23,23,23,23
260037,2,1,0,0,0,0,0,0,0,0,0,0
260038,1,1,0,0,0,0,0,0,0,23,0,0
260038,2,1,0,0,0,0,0,0,0,0,0,0
260038,3,1,0,0,0,0,0,0,0,0,0,0
260039,2,1,0,0,0,0,0,0,0,0,0,0
260040,1,1,0,0,0,0,0,0,0,0,0,0
260040,2,1,0,0,0,0,0,0,0,0,0,0
260041,1,1,0,0,0,0,0,0,0,0,0,0
260041,2,1,0,0,0,0,0,0,0,0,0,0
260042,1,1,21,21,21,21,21,21,21,21,21,21
260043,0,1,25,0,0,40,0,0,0,0,0,0
260043,1,1,0,13,0,0,0,0,0,17,0,0
260044,1,1,0,0,0,0,0,0,0,0,0,0
260044,2,1,0,0,0,0,0,0,0,0,0,0
260045,0,1,0,0,30,0,0,0,0,0,0,0
260045,1,1,0,0,0,0,0,15,0,0,0,0
260046,1,1,16,11,14,7,7,3,5,13,17,18
260046,2,1,0,0,0,0,0,0,0,0,0,0
260046,3,1,0,0,0,0,0,0,0,0,0,0
260047,1,1,21,21,21,21,21,21,21,21,21,21
260047,2,1,0,0,0,0,0,0,0,0,0,0
260047,3,1,0,0,21,0,0,0,0,0,0,0
260048,1,1,0,0,0,0,0,0,0,0,0,0
260048,2,1,0,0,0,0,0,0,0,0,0,0
260049,1,1,0,0,0,0,0,0,0,0,0,0
260049,2,1,0,0,0,0,0,0,0,0,0,0
260050,1,1,14,14,14,14,14,14,14,14,14,14
260051,0,1,17,25,25,0,6,6,15,13,22,22
260051,1,1,0,0,0,0,0,0,0,0,0,0
260052,1,1,0,28,0,0,0,0,0,0,0,0
260052,2,1,0,0,0,0,0,0,0,0,0,0
260053,1,1,0,0,7,0,0,0,0,0,0,0
260054,1,1,0,0,0,0,0,0,0,0,0,0
260054,2,1,0,18,0,0,0,0,0,0,0,0
260055,0,1,0,0,0,0,0,0,0,0,0,0
260055,1,1,0,0,0,0,0,0,0,0,0,0
260056,1,1,21,21,21,21,21,21,21,21,21,21
260057,1,1,0,0,0,0,0,0,0,0,0,0
260057,2,1,0,0,0,0,0,0,0,0,0,0
260058,1,1,0,0,0,0,0,0,0,0,0,0
260058,2,1,0,0,0,0,0,0,0,0,19,0
260059,1,1,18,18,18,18,18,18,18,18,18,18
260060,1,1,0,0,0,0,0,0,0,0,0,0
260060,2,1,0,0,0,0,0,0,0,0,0,0
260061,1,1,28,28,28,28,28,28,28,28,28,28
260062,1,1,0,11,0,0,0,0,22,0,0,0
260063,0,1,0,0,0,0,0,0,0,0,0,0
260063,1,1,0,0,0,0,0,0,0,0,0,0
260064,1,1,0,0,0,0,0,0,0,0,0,0
260064,2,1,0,0,0,0,0,0,0,0,0,0
260065,1,1,0,0,0,0,0,0,0,0,0,0
260065,2,1,0,0,0,0,0,0,0,0,0,0
260066,0,1,32,32,32,32,32,32,32,32,32,32
260066,1,1,0,0,0,0,0,0,0,0,0,0
260066,2,1,0,0,0,0,0,0,0,0,0,0
260067,1,1,0,0,0,0,0,0,0,0,0,0
260068,1,1,0,0,0,0,0,0,0,0,0,0
260068,2,1,0,0,0,0,0,0,0,0,0,0
260069,1,1,0,0,0,0,0,0,0,0,0,0
260069,2,1,0,0,0,0,0,0,0,0,0,0
260070,1,1,4,4,4,4,4,4,4,4,4,4
260071,1,1,0,0,0,0,0,0,0,0,0,0
260071,2,1,0,0,0,0,0,0,0,0,0,22
260072,1,1,0,0,0,0,0,17,0,3,0,0
260073,1,1,2,2,2,2,2,2,2,2,2,2
260073,2,1,0,0,0,0,0,0,0,0,0,0
260073,3,1,0,0,0,0,0,0,19,0,0,8
260074,0,1,0,0,22,0,0,0,0,0,0,0
260074,1,1,0,0,0,0,0,0,0,0,0,0
260074,2,1,0,0,0,0,0,0,0,28,0,0
260075,1,1,0,27,0,0,0,0,0,0,0,4
260075,2,1,0,0,0,0,0,0,0,0,0,0
260076,1,1,0,0,0,0,0,0,0,0,0,0
260076,2,1,0,0,0,0,0,0,0,0,0,0
260077,1,1,0,0,0,0,0,0,0,0,0,11
260077,2,1,0,0,0,0,0,0,0,0,0,0
260078,1,1,19,19,19,19,19,19,19,19,19,19
260079,1,1,0,0,0,0,0,0,0,0,0,0
260079,2,1,0,0,0,0,0,0,0,0,0,0
260080,1,1,24,24,24,24,24,24,24,24,24,24
260081,1,1,0,0,0,0,0,0,0,0,0,0
260081,2,1,0,0,0,0,0,0,0,0,0,0
260082,1,1,10,10,10,10,10,10,10,10,10,10
260082,2,1,0,0,0,0,0,0,0,0,0,0
260083,1,1,9,9,9,9,9,9,9,9,9,9
260083,2,1,28,28,28,28,28,28,28,28,28,28
260084,0,1,27,27,27,27,27,27,27,27,27,27
260084,1,1,6,0,0,0,0,0,0,0,0,17
260085,1,1,12,12,12,12,12,12,12,12,12,12
260086,0,1,32,32,32,32,32,32,32,32,32,32
260086,1,1,0,0,0,0,0,0,0,0,24,0
260087,1,1,0,0,0,0,0,0,0,0,0,0
260087,2,1,0,0,0,0,0,0,0,0,0,0
260088,0,1,0,0,0,0,0,0,0,13,35,0
260088,1,1,0,0,0,0,0,0,0,19,0,0
260089,1,1,11,11,11,11,11,11,11,11,11,11
260091,1,1,0,0,0,0,0,0,0,0,0,0
260091,2,1,0,0,0,0,0,22,0,0,0,0
260091,3,1,0,0,0,0,0,0,0,0,0,0
260092,1,1,16,0,0,0,0,0,0,0,0,0
260092,2,1,0,0,0,0,0,0,0,0,0,0
260093,0,1,0,0,0,0,0,0,0,0,0,0
260093,1,1,0,0,0,0,0,0,0,20,0,0
260094,1,1,0,29,41,20,0,0,0,0,29,0
260095,0,1,0,35,0,21,3,0,21,15,0,0
260095,1,1,0,0,0,0,0,0,0,0,0,0
260096,1,1,18,16,15,17,12,11,12,28,34,7
260097,1,1,0,0,0,0,0,0,0,0,0,0
260098,1,1,0,0,0,0,0,0,0,0,0,0
260098,2,1,0,0,0,0,0,19,0,0,0,0
260099,1,1,30,30,30,30,30,30,30,30,30,30
260100,1,1,7,7,7,7,7,7,7,7,7,7
260101,1,1,17,17,17,17,17,17,17,17,17,17
260102,1,1,25,17,13,24,15,19,7,12,21,25
260103,1,1,11,11,11,11,11,11,11,11,11,11
260103,2,1,0,0,0,0,0,0,0,0,0,0
260104,1,1,0,0,0,0,0,0,0,0,0,0
260105,1,1,0,0,0,10,0,0,0,0,0,0
260105,2,1,0,0,0,0,0,0,0,0,0,0
260106,1,1,0,0,0,0,0,0,0,25,0,0
260107,1,1,0,0,16,0,0,0,0,0,0,0
260108,1,1,0,0,0,0,0,0,0,0,0,0
260108,2,1,0,0,0,0,0,0,0,0,0,0
260108,3,1,0,0,0,0,0,0,0,0,0,0
260108,4,1,0,0,0,0,0,0,0,0,0,0
260109,0,1,0,0,0,0,0,0,0,0,0,0
260109,1,1,1,1,1,1,1,1,1,1,1,1
260110,1,1,0,0,0,0,0,0,0,0,0,0
260110,2,1,0,0,0,29,23,0,0,0,0,0
260111,1,1,0,0,0,0,0,0,0,0,0,0
260111,2,1,0,0,0,0,0,0,17,0,0,0
260112,1,1,0,0,0,0,0,0,0,0,0,0
260113,1,1,0,0,0,0,0,0,0,0,0,0
260113,2,1,0,0,25,0,0,0,0,0,0,0
260114,1,1,0,0,0,0,0,0,0,0,0,0
260115,1,1,0,0,0,0,0,0,0,0,0,0
260115,2,1,0,0,0,0,0,0,0,18,0,0
260116,1,1,15,22,25,23,29,12,29,20,17,18
260117,0,1,0,0,0,0,0,0,0,0,0,0
260118,1,1,0,0,0,0,0,0,0,0,0,0
260118,2,1,0,0,0,0,0,0,0,0,0,0
260118,3,1,0,0,0,0,0,0,0,0,0,0
260119,1,1,0,23,0,0,0,0,0,0,0,0
260120,1,1,0,9,0,0,0,0,0,0,0,0
260120,2,1,0,0,0,0,0,0,0,0,0,0
260121,1,1,13,13,13,13,13,13,13,13,13,13
260122,1,1,0,0,0,0,0,0,0,0,0,0
260122,2,1,0,0,0,0,0,0,0,0,0,0
260122,3,1,0,0,0,0,0,0,0,0,0,0
260123,1,1,1,1,1,1,1,1,1,1,1,1
260123,2,1,0,0,0,0,0,0,0,0,0,0
260124,1,1,25,25,25,25,25,25,25,25,25,25
260125,1,1,0,0,0,0,0,0,0,0,0,0
260125,2,1,0,0,0,0,0,0,0,0,0,0
260125,3,1,0,0,0,0,0,0,0,0,0,0
260125,4,1,0,0,0,0,0,0,0,0,0,0
260125,5,1,0,0,0,0,0,0,0,0,0,0
260126,1,1,13,13,13,13,13,13,13,13,13,13
260126,2,1,0,0,0,0,0,0,0,0,2,0
260127,0,1,0,0,0,0,0,0,0,0,0,0
260127,1,1,0,0,0,0,0,0,0,0,0,0
260127,2,1,0,15,0,25,9,0,0,0,0,27
260128,0,1,14,6,21,11,9,29,28,23,31,27
260128,1,1,12,12,12,12,12,12,12,12,12,12
260129,0,1,0,0,0,0,0,0,0,0,0,0
260129,1,1,0,16,0,0,0,0,0,0,0,0
260130,0,1,2,2,2,2,2,2,2,2,2,2
260130,1,1,0,0,0,0,0,0,0,0,0,0
260131,1,1,14,0,0,0,0,0,0,0,0,0
260131,2,1,0,0,0,0,0,0,0,0,0,0
260132,1,1,0,0,0,0,0,0,0,0,0,0
260132,2,1,0,0,0,0,0,0,0,0,0,0
260133,1,1,13,13,13,13,13,13,13,13,13,13
260134,1,1,0,0,0,0,0,0,0,0,0,0
260134,2,1,0,0,0,0,31,0,0,0,0,0
260135,1,1,0,0,0,0,0,0,0,0,0,0
260136,0,1,2,2,2,2,2,2,2,2,2,2
260136,1,1,0,0,13,29,8,13,0,0,30,17
260137,1,1,0,0,0,0,0,0,0,0,0,0
260137,2,1,0,0,0,0,0,0,0,0,0,0
260138,1,1,0,0,0,0,0,0,0,0,0,0
260138,2,1,0,0,0,0,0,0,0,0,0,0
260139,1,1,20,20,20,20,20,20,20,20,20,20
260139,2,1,19,0,0,0,0,0,0,27,0,0
260140,1,1,0,11,0,0,32,0,0,0,0,0
260140,2,1,0,0,0,0,0,0,0,0,0,0
260141,1,1,0,0,0,0,0,0,0,0,0,0
260141,2,1,0,0,0,0,0,0,0,0,16,15
260142,1,1,0,0,10,0,0,0,0,0,0,0
260143,1,1,0,0,0,0,0,0,0,0,0,0
260144,1,1,0,0,0,0,0,0,0,0,0,0
260144,2,1,22,9,16,10,2,15,12,16,10,25
260145,1,1,0,0,0,0,0,0,0,0,0,0
260145,2,1,24,0,0,0,0,0,0,0,0,0
260145,3,1,0,0,0,0,0,0,0,0,0,0
260145,4,1,0,0,0,0,0,0,0,0,0,0
260146,1,1,9,25,43,5,15,17,9,11,10,20
260147,0,1,0,0,0,0,0,0,0,0,0,0
260147,1,1,0,0,0,0,0,0,0,0,0,0
260147,2,1,0,0,0,0,0,0,0,0,0,0
260148,1,1,0,13,0,0,0,0,16,0,0,0
260149,0,1,0,11,0,0,0,0,0,0,0,0
260149,0,2,0,5,0,0,0,0,0,25,0,0
260149,1,1,0,0,15,0,4,8,0,10,0,0
260150,1,1,9,7,16,16,33,11,21,7,12,9
260150,2,1,0,0,0,0,0,0,0,0,0,0
260151,1,1,0,0,0,0,0,0,0,0,0,0
260152,1,1,23,23,23,23,23,23,23,23,23,23
260153,0,1,27,27,27,27,27,27,27,27,27,27
260153,1,1,0,0,0,0,0,0,0,0,0,0
260154,0,1,12,12,12,12,12,12,12,12,12,12
260154,1,1,12,12,12,12,12,12,12,12,12,12
260155,1,1,25,25,25,25,25,25,25,25,25,25
260156,1,1,0,0,0,0,0,0,0,0,0,0
260157,1,1,0,0,0,0,0,0,0,0,0,0
260158,1,1,0,0,16,2,0,18,12,25,9,0
260158,2,1,0,0,0,31,0,10,0,31,0,0
260160,1,1,15,15,15,15,15,15,15,15,15,15
260161,0,1,6,0,0,0,0,0,0,0,0,0
260161,1,1,0,0,0,0,0,0,9,0,0,0
260162,1,1,20,16,33,15,15,25,24,16,10,14
260163,1,1,0,0,0,17,0,0,0,0,0,0
260163,2,1,0,0,0,0,0,0,0,0,0,0
260164,1,1,0,0,0,0,0,0,0,0,0,0
260164,2,1,0,0,0,17,0,0,0,0,0,0
260165,0,1,19,0,33,0,0,0,0,0,0,30
260165,1,1,0,0,0,0,0,0,0,0,0,0
260166,1,1,0,0,0,0,0,0,0,0,0,0
260166,2,1,0,0,0,0,0,0,0,0,0,0
260166,3,1,32,0,0,0,0,0,0,0,0,0
260167,1,1,23,9,30,39,25,27,24,8,15,15
260168,1,1,0,0,0,0,0,0,0,0,0,0
260168,2,1,17,0,0,0,11,0,0,0,0,0
260169,1,1,0,0,0,0,0,0,0,0,0,0
260169,2,1,0,0,0,0,0,0,0,0,0,0
260170,1,1,0,0,0,0,0,0,0,0,0,0
260171,0,1,0,0,0,0,0,0,0,0,0,0
260171,1,1,0,0,0,0,0,0,0,0,0,0
260172,0,1,0,0,0,0,0,0,0,0,0,0
260172,1,1,0,19,0,0,0,0,0,0,0,0
260172,2,1,31,0,0,9,30,0,0,17,23,9
260172,3,1,14,9,14,0,0,0,0,0,0,15
260173,1,1,16,16,16,16,16,16,16,16,16,16
260174,1,1,0,0,0,0,0,0,0,0,0,0
260175,1,1,0,0,16,0,0,0,0,18,0,0
260176,1,1,19,19,19,19,19,19,19,19,19,19
260177,1,1,17,17,17,17,17,17,17,17,17,17
260178,1,1,0,22,0,0,0,0,0,0,0,19
260178,2,1,16,16,16,16,16,16,16,16,16,16
260179,1,1,0,0,0,0,0,0,0,0,23,0
260179,2,1,0,0,0,0,0,0,0,0,0,0
260180,1,1,25,25,25,25,25,25,25,25,25,25
260181,1,1,0,0,0,0,0,0,0,0,0,0
260181,2,1,0,0,0,0,0,0,0,0,0,0
260182,1,1,0,0,0,0,0,0,0,0,0,20
260183,0,1,0,0,0,0,0,0,0,0,26,0
260183,1,1,0,15,0,5,26,0,0,0,11,0
260184,1,1,0,0,0,22,0,0,0,0,0,0
260184,2,1,17,17,17,17,17,17,17,17,17,17
260185,1,1,0,0,0,0,0,0,0,0,0,0
260185,2,1,0,0,0,0,0,0,11,0,0,0
260186,1,1,0,0,0,10,0,0,0,0,0,0
260186,2,1,0,0,0,0,0,0,0,0,0,0
260187,1,1,0,14,0,0,0,0,0,0,18,20
260188,0,1,0,0,0,0,0,0,0,0,0,0
260188,1,1,0,0,0,0,0,0,0,0,0,0
260189,1,1,0,0,0,0,0,0,0,7,0,0
260190,1,1,0,0,0,0,0,0,0,0,0,0
260190,2,1,0,0,0,0,0,0,0,0,0,0
260191,0,1,0,0,0,0,0,0,0,0,0,13
260191,1,1,0,0,0,0,0,0,0,0,0,0
260192,1,1,0,0,0,0,0,0,0,0,0,0
260192,2,1,0,0,0,0,0,0,0,0,0,0
260192,3,1,0,0,0,0,0,0,0,0,0,0
260193,1,1,0,0,0,0,0,0,0,0,0,0
260194,1,1,0,0,0,0,0,0,0,0,0,0
260195,1,1,16,16,16,16,16,16,16,16,16,16
260195,2,1,0,16,0,0,0,0,0,0,0,0
260195,3,1,0,0,0,6,0,0,0,0,0,0
260196,1,1,15,20,11,19,23,28,9,25,20,25
260196,2,1,0,18,0,0,18,0,0,0,0,0
260196,3,1,0,0,0,0,16,0,0,0,0,0
260197,1,1,0,0,0,0,0,0,0,0,0,0
260197,2,1,0,0,0,0,0,0,0,0,0,0
260198,1,1,13,13,13,13,13,13,13,13,13,13
260199,1,1,0,0,0,0,0,0,0,0,23,0
260200,1,1,0,0,0,0,0,0,0,0,0,0
260200,2,1,0,0,0,0,0,0,0,0,0,0
260201,0,1,0,0,0,0,0,0,0,0,29,0
260201,1,1,0,0,0,0,0,0,0,0,0,0
260202,1,1,0,0,0,0,0,0,0,0,0,0
260202,2,1,0,0,0,0,0,0,0,0,0,0
260203,1,1,24,24,24,24,24,24,24,24,24,24
260204,1,1,0,0,0,0,0,0,0,0,0,0
260204,2,1,0,0,0,0,0,0,0,0,0,0
260205,1,1,7,0,0,0,30,0,16,0,0,0
260205,2,1,0,0,0,0,0,0,0,0,0,0
260206,0,1,0,0,0,0,0,0,0,0,0,0
260206,1,1,0,0,0,0,0,0,0,0,0,19
260207,1,1,0,0,0,0,11,17,0,0,12,0
260208,1,1,19,19,19,19,19,19,19,19,19,19
260208,2,1,0,0,0,0,0,0,0,0,0,0
260208,3,1,0,0,0,0,0,0,0,0,0,0
260209,1,1,0,0,0,0,0,18,0,0,0,8
260210,1,1,19,19,19,19,19,19,19,19,19,19
260211,1,1,11,11,11,11,11,11,11,11,11,11
260211,4,1,27,0,14,0,33,0,0,0,38,0
260212,1,1,0,0,0,0,0,31,0,0,0,24
260213,1,1,0,0,0,0,0,0,0,0,0,0
260213,2,1,0,0,0,0,0,0,0,0,0,0
260214,1,1,0,0,0,13,0,0,0,0,0,0
260215,1,1,0,0,0,0,0,0,0,0,0,0
260215,2,1,0,0,0,0,0,0,0,32,0,0
260216,1,1,0,0,0,0,0,0,0,0,0,0
260216,2,1,0,0,0,0,0,0,0,0,0,0
260216,3,1,0,0,0,0,0,0,0,0,0,0
260217,1,1,16,16,16,16,16,16,16,16,16,16
260217,2,1,0,0,0,0,0,0,0,0,0,0
260218,1,1,14,14,14,14,14,14,14,14,14,14
260219,1,1,0,0,0,0,0,0,0,0,0,0
260220,1,1,5,5,5,5,5,5,5,5,5,5
260220,2,1,0,0,0,0,0,0,0,0,0,0
260221,1,1,2,2,2,2,2,2,2,2,2,2
260221,2,1,0,0,0,0,0,0,0,0,0,0
260222,1,1,10,10,10,10,10,10,10,10,10,10
260223,1,1,22,22,22,22,22,22,22,22,22,22
260224,1,1,8,0,0,0,0,0,0,0,0,0
260224,2,1,0,0,0,0,0,0,0,0,0,0
260225,0,1,0,0,0,0,0,0,0,0,0,0
260225,1,1,0,0,0,0,0,0,0,20,0,0
260226,1,1,0,0,0,0,0,0,0,0,0,0
260226,2,1,0,0,0,0,0,0,0,0,0,0
260227,1,1,0,0,0,0,0,0,0,0,0,0
260227,2,1,0,0,0,0,0,0,0,0,0,0
260228,1,1,0,0,0,0,0,0,0,0,0,0
260228,2,1,0,0,0,0,0,0,0,0,15,0
260229,0,1,0,0,0,0,0,0,0,0,0,0
260229,1,1,0,0,0,0,0,0,0,0,0,0