ST_CASE,VEH_NO,PER_NO,P1,P2,P3,P4,P5,P6,P7,P8,P9,P10
260230,0,1,11,0,0,0,0,0,14,0,0,0
260230,1,1,0,0,0,25,0,0,0,0,0,0
260231,1,1,0,0,33,0,0,0,0,0,0,0
260231,2,1,15,9,13,22,19,7,33,19,19,0
260232,0,1,6,0,0,0,0,0,0,0,0,0
260232,1,1,0,0,0,0,0,0,0,0,0,0
260233,1,1,0,0,0,0,0,0,0,0,0,0
260233,2,1,0,0,0,0,0,0,0,0,0,0
260234,1,1,0,0,0,0,0,0,0,0,0,0
260235,1,1,0,0,0,0,0,0,0,0,0,0
260236,1,1,0,0,0,0,0,0,9,0,27,0
260237,1,1,0,0,0,0,0,0,0,0,0,0
260237,2,1,0,0,0,0,0,0,0,0,0,0
260238,1,1,0,0,0,0,0,0,0,0,0,0
260239,1,1,27,27,27,27,27,27,27,27,27,27
260240,1,1,0,0,0,0,0,0,0,0,0,0
260240,2,1,0,0,8,0,0,17,0,14,0,3
260240,3,1,0,0,0,0,0,0,0,0,0,0
260241,1,1,0,0,0,0,0,0,0,0,0,0
260241,2,1,0,0,0,0,0,0,0,0,0,0
260241,3,1,0,0,0,0,0,0,0,0,0,0
260242,1,1,0,0,0,0,0,0,0,0,0,0
260243,1,1,21,21,21,21,21,21,21,21,21,21
260244,1,1,0,0,0,0,0,0,0,0,0,0
260244,2,1,0,0,0,0,0,0,0,0,0,0
260245,1,1,0,0,0,0,0,0,0,0,0,0
260245,2,1,0,0,0,0,0,0,0,0,0,0
260246,1,1,0,0,0,0,0,0,0,0,0,0
260246,2,1,0,0,0,0,0,0,0,0,0,0
260246,3,1,0,0,0,0,0,0,0,0,0,0
260247,1,1,0,4,12,0,0,0,0,0,0,5
260247,2,1,0,10,13,0,0,0,0,0,14,11
260248,1,1,0,0,0,0,0,0,0,0,0,0
260248,2,1,0,0,0,0,0,0,0,0,0,0
260248,3,1,7,0,0,0,0,0,0,0,0,0
260248,4,1,0,0,0,0,0,0,0,0,0,0
260248,5,1,0,0,17,0,0,0,0,0,0,0
260249,1,1,0,0,0,0,0,0,0,0,0,0
260250,1,1,13,13,13,13,13,13,13,13,13,13
260251,1,1,2,14,6,10,24,27,20,14,10,9
260252,1,1,0,0,0,0,0,0,0,0,0,0
260253,1,1,0,0,0,0,0,0,0,0,0,0
260253,2,1,0,0,0,0,0,0,0,0,0,0
260254,1,1,0,12,12,0,0,0,0,0,0,0
260255,1,1,17,17,17,17,17,17,17,17,17,17
260256,1,1,0,0,0,0,32,0,0,39,0,0
260257,1,1,8,0,0,0,0,0,0,0,0,5
260257,2,1,0,0,0,0,0,0,0,0,0,0
260258,1,1,0,0,0,0,0,0,0,0,0,0
260258,2,1,0,0,0,0,0,0,0,0,0,0
260259,1,1,16,16,16,16,16,16,16,16,16,16
260260,1,1,0,29,0,0,0,0,0,0,0,0
260261,1,1,0,0,0,0,0,0,0,0,0,0
260261,2,1,0,0,0,0,0,0,9,0,0,0
260262,1,1,21,21,21,21,21,21,21,21,21,21
260263,1,1,3,3,3,3,3,3,3,3,3,3
260264,0,1,0,0,0,0,0,0,36,0,6,0
260264,1,1,0,0,17,0,0,0,9,0,0,0
260265,0,1,0,4,0,0,0,0,29,0,0,0
260265,1,1,0,0,0,0,0,0,0,0,0,0
260266,1,1,0,0,0,0,0,0,0,0,0,0
260266,2,1,0,0,0,0,0,0,0,0,0,0
260267,1,1,10,10,10,10,10,10,10,10,10,10
260268,1,1,0,0,0,0,0,0,0,0,0,0
260269,0,1,0,0,0,0,0,0,0,0,0,0
260269,1,1,0,2,0,3,0,0,0,0,13,24
260270,1,1,5,0,0,0,9,0,0,0,0,26
260271,1,1,0,0,0,0,0,0,0,0,0,0
260271,2,1,12,12,12,12,12,12,12,12,12,12
260272,1,1,0,0,0,0,0,0,0,0,0,0
260272,2,1,0,0,0,0,0,0,0,0,0,0
260273,1,1,0,0,0,0,0,0,0,0,0,0
260273,2,1,0,0,0,0,0,0,0,0,0,0
260274,0,1,0,23,0,0,0,7,0,20,0,21
260274,1,1,0,19,0,0,0,10,0,12,0,0
260275,1,1,20,20,20,20,20,20,20,20,20,20
260275,2,1,6,0,0,0,0,12,0,0,0,0
260275,3,1,0,0,0,0,0,0,0,0,0,0
260276,1,1,0,0,0,0,18,0,0,0,0,0
260276,2,1,0,0,20,0,0,0,0,0,0,0
260276,3,1,0,0,10,0,0,0,0,0,0,0
260277,1,1,20,20,20,20,20,20,20,20,20,20
260277,2,1,0,0,0,0,0,0,0,0,0,0
260278,1,1,0,0,0,0,0,0,0,0,0,0
260278,2,1,1,1,1,1,1,1,1,1,1,1
260279,1,1,32,32,32,32,32,32,32,32,32,32
260280,1,1,0,0,0,0,0,0,0,0,0,0
260281,1,1,0,0,0,0,0,0,0,0,0,0
260281,2,1,0,0,0,0,0,0,0,0,0,0
260282,1,1,6,6,6,6,6,6,6,6,6,6
260282,2,1,18,0,0,0,0,0,0,0,0,0
260283,1,1,7,7,7,7,7,7,7,7,7,7
260284,1,1,6,23,0,11,11,19,24,19,10,22
260285,1,1,21,21,21,21,21,21,21,21,21,21
260286,0,1,1,1,1,1,1,1,1,1,1,1
260286,1,1,0,0,0,0,0,0,0,0,0,0
260287,0,1,0,0,0,0,0,0,0,29,0,0
260287,1,1,0,0,0,0,0,0,0,0,0,0
260288,1,1,12,11,0,12,0,0,0,0,0,0
260289,1,1,0,0,0,0,0,0,0,10,0,0
260290,0,1,13,13,13,13,13,13,13,13,13,13
260290,1,1,0,0,0,0,0,0,0,24,0,0
260291,1,1,0,0,0,0,0,0,0,0,0,0
260291,2,1,22,0,0,0,0,0,0,0,0,0
260292,0,1,0,0,0,0,0,0,0,0,0,0
260292,1,1,0,0,9,0,0,14,8,0,0,13
260293,1,1,0,0,0,0,0,0,0,0,0,0
260293,2,1,21,0,0,0,0,0,0,5,0,0
260294,1,1,0,0,0,0,0,0,0,0,0,0
260295,1,1,14,14,14,14,14,14,14,14,14,14
260296,1,1,30,30,30,30,30,30,30,30,30,30
260296,2,1,0,0,0,0,0,0,0,0,0,0
260297,0,1,15,0,0,0,0,0,0,0,0,0
260297,1,1,0,0,0,0,21,0,0,12,13,30
260298,1,1,0,0,0,0,0,18,0,0,0,0
260299,1,1,0,0,0,0,27,0,28,0,0,0
260300,1,1,0,0,0,0,0,0,0,0,0,0
260300,2,1,0,0,0,0,0,0,0,0,0,0
260301,1,1,0,0,0,0,0,0,0,0,0,0
260301,2,1,0,0,0,0,0,0,0,0,0,0
260302,1,1,0,0,0,0,6,0,0,0,0,0
260302,2,1,0,0,0,0,0,0,0,0,0,0
260302,3,1,4,4,4,4,4,4,4,4,4,4
260303,1,1,19,0,0,0,0,0,0,0,0,0
260304,1,1,0,0,0,0,0,0,0,0,0,0
260304,2,1,0,0,0,0,0,0,0,0,0,0
260304,3,1,0,0,0,0,0,0,0,0,0,0
260305,1,1,0,0,0,1,0,0,0,0,0,19
260305,2,1,0,0,0,0,0,0,0,0,0,0
260306,1,1,9,0,9,21,13,10,6,15,0,20
260307,1,1,0,0,0,0,0,0,0,0,0,0
260307,2,1,0,0,0,0,0,0,0,0,0,0
260308,0,1,19,19,19,19,19,19,19,19,19,19
260308,1,1,18,13,0,0,0,0,0,0,0,0
260309,1,1,0,0,0,0,0,0,0,0,0,0
260309,2,1,0,0,0,0,0,0,0,0,0,27
260310,1,1,0,0,14,0,0,0,0,11,0,0
260311,1,1,1,1,1,1,1,1,1,1,1,1
260311,2,1,4,4,4,4,4,4,4,4,4,4
260312,1,1,6,6,6,6,6,6,6,6,6,6
260313,1,1,0,0,0,0,0,0,0,0,0,0
260313,2,1,0,0,0,0,0,0,0,0,0,0
260314,0,1,0,0,11,0,0,0,0,0,0,0
260314,0,2,14,0,0,0,0,0,0,0,0,6
260314,1,1,0,0,0,0,0,0,0,0,0,0
260315,1,1,0,0,0,0,0,0,0,0,0,0
260315,2,1,0,0,0,0,0,0,0,0,0,0
260316,1,1,0,0,0,0,0,0,0,0,0,0
260316,2,1,0,0,0,0,0,0,0,0,0,0
260317,1,1,9,9,9,9,9,9,9,9,9,9
260317,2,1,0,0,0,0,0,0,0,0,0,0
260318,1,1,10,10,10,10,10,10,10,10,10,10
260319,1,1,1,1,1,1,1,1,1,1,1,1
260320,1,1,0,0,0,0,0,0,0,0,0,0
260320,2,1,0,0,0,0,0,0,0,0,0,0
260321,0,1,0,0,0,0,0,0,0,0,0,0
260321,1,1,0,0,0,0,0,0,0,0,0,0
260322,1,1,0,0,0,0,0,0,0,0,0,0
260322,2,1,0,0,0,0,0,0,0,0,0,0
260323,1,1,16,16,16,16,16,16,16,16,16,16
260324,1,1,0,0,0,0,0,0,0,0,0,0
260325,1,1,0,0,0,0,0,0,0,0,0,0
260325,2,1,0,0,0,0,0,0,0,0,0,0
260326,1,1,9,20,28,10,24,20,3,10,11,7
260327,1,1,4,15,28,12,18,0,32,20,13,29
260328,1,1,12,12,12,12,12,12,12,12,12,12
260328,2,1,9,9,9,9,9,9,9,9,9,9
260329,1,1,0,0,0,0,0,0,0,0,0,0
260329,2,1,0,0,0,0,0,0,0,0,0,0
260330,0,1,0,0,0,0,0,0,0,0,0,0
260330,1,1,0,0,0,0,0,0,0,0,0,0
260331,1,1,0,0,0,0,0,0,13,0,0,11
260331,2,1,0,0,0,0,0,0,0,0,0,0
260332,1,1,0,0,13,0,0,0,0,0,0,0
260332,2,1,0,0,0,0,0,0,0,0,0,0
260333,1,1,0,0,0,0,0,0,0,0,0,0
260333,2,1,0,0,0,0,0,0,0,21,0,0
260334,1,1,17,17,17,17,17,17,17,17,17,17
260335,1,1,0,23,0,0,0,0,0,0,4,0
260335,2,1,0,0,0,0,0,0,0,0,0,0
260336,1,1,0,0,0,0,0,0,0,0,0,0
260336,2,1,0,0,0,0,0,0,0,0,0,0
260337,0,1,15,15,15,15,15,15,15,15,15,15
260337,1,1,0,0,0,0,0,0,0,0,0,0
260338,0,1,0,0,0,0,0,0,0,22,0,0
260338,1,1,0,0,0,0,0,0,0,0,0,0
260339,1,1,0,0,0,0,0,0,0,0,0,0
260339,2,1,0,0,0,0,0,0,0,0,0,0
260340,1,1,0,0,0,0,0,0,0,0,0,0
260341,1,1,25,25,25,25,25,25,25,25,25,25
260342,1,1,12,12,12,12,12,12,12,12,12,12
260343,0,1,0,0,0,0,0,0,0,0,0,0
260343,1,1,0,0,0,0,0,0,0,0,0,0
260344,1,1,7,0,0,14,0,0,0,0,0,0
260345,1,1,11,25,0,0,17,27,0,0,14,21
260346,1,1,0,0,0,0,0,0,0,0,0,0
260346,2,1,0,0,0,0,0,0,0,0,0,0
260347,1,1,0,0,0,0,0,0,0,0,0,0
260348,1,1,20,20,20,20,20,20,20,20,20,20
260349,1,1,0,0,0,0,0,0,0,0,0,0
260349,2,1,0,0,0,0,0,0,0,0,0,0
260349,3,1,11,0,0,0,0,0,0,0,0,0
260350,1,1,0,0,0,0,0,0,0,20,0,0
260350,2,1,3,0,0,0,0,0,0,0,0,0
260351,1,1,0,0,0,0,0,0,0,0,0,0
260352,1,1,0,0,0,0,0,0,0,0,0,0
260353,1,1,2,0,0,0,0,0,0,0,0,0
260353,2,1,0,0,0,0,0,0,0,0,0,0
260354,0,1,28,15,14,14,16,28,9,4,7,19
260354,1,1,0,0,0,0,0,0,0,0,0,0
260355,0,1,17,10,21,11,31,25,13,44,12,13
260355,1,1,23,0,12,0,0,0,26,11,0,0
260356,1,1,0,23,15,18,0,17,13,0,0,13
260356,2,1,0,6,0,0,0,0,0,0,0,0
260357,1,1,0,0,0,0,0,0,0,0,0,0
260357,2,1,0,0,0,0,0,0,0,0,0,0
260358,1,1,12,0,0,0,0,0,0,0,0,0
260358,2,1,0,0,0,0,14,0,0,0,20,0
260359,1,1,0,0,0,0,0,0,0,0,0,0
260360,1,1,0,0,0,0,0,0,0,0,20,0
260360,2,1,0,0,0,0,0,0,0,0,0,0
260361,1,1,0,0,0,0,0,0,0,0,0,0
260361,2,1,0,0,0,0,0,0,0,0,0,0
260362,1,1,14,8,25,20,5,34,15,31,20,5
260363,1,1,0,0,30,0,0,0,0,0,0,0
260363,2,1,0,0,0,0,0,0,0,0,0,0
260364,1,1,0,0,0,0,0,0,0,0,0,0
260365,1,1,0,0,0,0,0,0,0,0,0,0
260365,2,1,0,0,19,0,0,0,0,0,0,0
260365,3,1,0,0,0,0,0,0,0,0,0,0
260366,1,1,0,0,0,0,0,0,0,0,0,0
260367,1,1,12,0,0,0,0,0,0,0,0,0
260367,2,1,0,0,0,0,0,0,0,0,0,0
260368,1,1,0,0,0,0,0,0,0,0,0,0
260368,2,1,0,0,7,0,15,0,0,0,0,0
260369,1,1,25,25,25,25,25,25,25,25,25,25
260369,2,1,0,0,0,0,0,0,0,0,0,0
260370,1,1,0,0,0,0,0,0,0,0,0,0
260370,2,1,0,0,0,0,0,0,0,0,0,0
260371,1,1,0,0,0,0,0,0,0,0,0,0
260372,0,1,0,0,0,0,0,0,0,0,0,0
260372,1,1,0,0,0,0,0,0,0,0,0,0
260373,1,1,0,0,0,0,0,0,0,0,9,0
260374,1,1,0,0,0,0,0,0,0,0,0,0
260375,1,1,0,0,0,9,8,0,0,32,0,0
260376,0,1,0,0,0,0,0,0,0,0,0,0
260376,1,1,0,0,0,0,0,0,0,0,0,0
260377,1,1,0,0,0,0,0,0,0,0,0,0
260377,2,1,0,7,0,0,10,0,0,0,0,0
260378,1,1,6,6,6,6,6,6,6,6,6,6
260379,1,1,0,0,0,0,0,0,0,0,0,5
260379,2,1,0,0,0,0,0,0,0,0,0,0
260380,1,1,0,0,0,0,0,0,0,0,0,0
260381,1,1,0,0,0,0,0,0,0,0,0,0
260381,2,1,0,0,9,0,0,0,18,0,0,0
260381,3,1,0,0,0,0,0,0,0,0,0,0
260382,1,1,0,0,0,0,0,0,0,0,0,0
260382,2,1,28,28,28,28,28,28,28,28,28,28
260383,1,1,0,0,0,0,0,0,0,0,0,0
260383,2,1,0,0,0,0,0,0,0,0,0,0
260384,0,1,19,19,19,19,19,19,19,19,19,19
260384,1,1,0,0,0,0,0,0,0,0,0,19
260385,1,1,0,0,0,0,0,0,0,0,0,0
260385,2,1,0,0,0,0,0,0,0,0,0,0
260386,1,1,0,0,21,9,32,14,23,14,27,17
260387,1,1,0,0,12,17,0,18,0,0,0,0
260387,2,1,0,0,0,0,0,0,0,0,0,0
260388,1,1,0,0,0,0,0,0,0,0,0,0
260388,2,1,0,0,0,0,0,0,0,0,0,0
260389,1,1,16,16,16,16,16,16,16,16,16,16
260389,2,1,12,12,12,12,12,12,12,12,12,12
260390,1,1,0,0,0,0,0,0,0,0,0,0
260390,2,1,0,0,0,0,0,0,0,0,0,0
260391,1,1,0,0,0,0,0,0,0,0,0,0
260392,1,1,13,13,13,13,13,13,13,13,13,13
260393,1,1,0,0,0,0,0,0,0,0,0,0
260394,1,1,0,0,0,0,0,0,0,0,0,0
260395,1,1,0,0,0,0,0,0,0,0,0,0
260395,2,1,0,0,0,0,0,0,0,0,0,0
260395,3,1,0,0,0,0,0,0,0,0,0,0
260396,1,1,0,0,0,0,18,0,0,0,0,0
260396,2,1,0,0,0,0,0,0,0,0,0,0
260397,1,1,0,0,0,0,0,0,0,0,0,0
260397,2,1,0,0,0,0,0,0,23,14,0,0
260398,1,1,15,15,15,15,15,15,15,15,15,15
260398,2,1,0,0,0,0,0,0,0,0,0,0
260399,1,1,0,0,0,0,0,0,0,0,0,0
260399,2,1,0,0,0,0,0,0,0,0,0,0
260400,1,1,0,0,0,0,0,0,0,0,0,0
260400,2,1,0,0,0,0,0,0,0,0,0,0
260400,3,1,0,0,0,0,0,0,0,0,0,0
260401,1,1,0,0,0,0,0,0,0,0,0,0
260402,1,1,0,0,0,0,0,0,0,0,0,0
260402,2,1,0,5,0,0,0,0,0,0,0,0
260403,1,1,0,0,0,0,0,0,0,0,0,0
260403,2,1,0,0,0,0,0,0,0,0,9,0
260404,1,1,8,14,17,3,9,11,30,20,23,2
260404,2,1,0,0,0,0,0,0,0,0,0,0
260405,1,1,0,0,16,0,0,0,24,0,0,0
260406,1,1,0,0,0,0,0,0,0,0,0,0
260407,1,1,26,26,26,26,26,26,26,26,26,26
260408,0,1,25,25,25,25,25,25,25,25,25,25
260408,1,1,0,0,12,0,0,0,0,0,0,0
260409,0,1,0,0,0,0,0,0,0,0,0,0
260409,1,1,0,0,0,0,4,0,0,0,0,0
260409,2,1,0,0,18,0,0,0,20,0,0,0
260409,3,1,0,0,0,16,0,0,0,0,0,0
260410,1,1,0,0,0,0,0,0,0,0,0,0
260410,2,1,0,0,0,0,0,0,0,0,0,21
260411,1,1,18,18,18,18,18,18,18,18,18,18
260411,2,1,38,0,0,0,0,0,0,0,0,0
260412,1,1,21,21,21,21,21,21,21,21,21,21
260413,1,1,0,0,0,0,0,0,0,0,0,0
260413,2,1,0,0,0,0,0,0,0,0,0,0
260414,1,1,0,24,0,0,0,0,0,0,5,0
260415,1,1,0,0,0,0,0,0,0,0,0,0
260415,2,1,0,0,0,0,0,0,0,0,0,0
260416,1,1,17,17,17,17,17,17,17,17,17,17
260417,1,1,0,0,0,0,0,0,0,0,0,0
260418,1,1,30,30,30,30,30,30,30,30,30,30
260418,2,1,0,0,0,0,0,0,0,0,0,0
260419,1,1,0,0,0,0,0,0,0,0,0,0
260419,2,1,0,0,0,0,0,0,0,0,0,0
260420,1,1,0,0,0,0,0,0,0,0,0,0
260420,2,1,0,0,0,0,0,0,0,0,0,0
260421,1,1,0,4,0,0,0,0,0,0,0,27
260421,2,1,0,0,0,0,0,0,0,0,0,0
260422,0,1,0,0,0,0,0,0,0,0,0,0
260422,1,1,18,23,21,14,3,9,9,9,0,33
260423,1,1,0,0,0,0,0,0,0,0,0,0
260424,1,1,0,0,0,0,0,0,0,0,0,0
260424,2,1,0,0,0,0,0,0,0,0,0,0
260425,1,1,20,15,10,9,7,13,26,13,19,0
260425,2,1,0,0,0,0,0,0,0,0,0,0
260426,1,1,0,0,0,0,0,0,0,0,0,0
260426,2,1,0,0,0,0,0,0,0,0,0,0
260427,1,1,0,0,0,0,0,0,0,0,0,0
260428,1,1,0,0,0,0,0,0,0,0,0,0
260428,2,1,0,0,0,0,0,0,0,0,0,0
260429,0,1,33,33,33,33,33,33,33,33,33,33
260429,1,1,0,0,0,0,0,0,0,0,0,0
260430,0,1,0,0,28,23,37,39,30,26,24,0
260430,1,1,14,14,14,14,14,14,14,14,14,14
260431,1,1,18,0,0,0,0,0,0,0,0,0
260431,2,1,0,0,0,0,0,0,0,0,0,0
260432,1,1,0,0,0,0,0,0,35,0,0,0
260432,2,1,0,0,0,0,0,16,34,0,5,0
260433,0,1,0,0,0,0,0,0,16,0,0,0
260433,1,1,0,0,0,0,0,0,0,0,0,0
260434,1,1,11,11,11,11,11,11,11,11,11,11
260435,1,1,0,0,0,0,0,0,0,0,0,0
260436,1,1,25,0,26,16,27,22,15,9,0,13
260436,2,1,0,0,0,0,0,0,0,0,0,0
260436,3,1,0,0,0,0,13,0,0,0,0,0
260437,1,1,17,15,19,28,19,19,15,22,13,11
260438,1,1,9,9,9,9,9,9,9,9,9,9
260438,2,1,4,4,4,4,4,4,4,4,4,4
260439,1,1,22,22,22,22,22,22,22,22,22,22
260440,1,1,0,0,0,0,0,0,0,0,0,0
260440,2,1,0,0,0,0,0,0,0,0,0,0
260441,1,1,0,0,0,0,0,0,0,0,0,0
260441,2,1,0,0,0,0,0,0,0,0,0,0
260442,1,1,0,0,0,0,0,0,0,0,0,0
260442,2,1,0,0,0,0,0,0,0,0,0,0
260443,1,1,22,22,22,22,22,22,22,22,22,22
260443,2,1,11,11,11,11,11,11,11,11,11,11
260444,1,1,0,0,0,0,0,0,0,0,0,0
260444,2,1,0,0,0,0,0,0,0,0,0,0
260445,1,1,0,0,0,0,0,0,0,0,0,0
260446,1,1,16,16,10,14,13,9,10,10,22,18
260447,1,1,0,31,0,0,0,0,0,20,0,0
260447,2,1,0,0,0,0,0,0,0,0,0,0
260447,3,1,0,0,0,0,0,0,0,12,0,9
260448,0,1,0,0,0,0,0,37,6,32,29,16
260448,1,1,47,0,0,0,0,0,0,0,0,0
260449,1,1,0,0,0,0,0,0,0,0,0,0
260449,2,1,0,0,0,0,0,0,0,0,0,0
260450,1,1,0,0,0,4,0,0,0,0,0,0
260450,2,1,0,0,0,0,0,0,0,0,0,0
260450,3,1,0,0,0,0,0,0,0,0,0,0
260451,1,1,0,0,0,0,0,0,24,0,0,0
260451,2,1,0,0,0,0,0,0,0,0,0,0
260451,3,1,0,0,0,0,0,0,0,0,0,0
260452,1,1,0,0,0,0,0,0,0,0,0,0
260452,2,1,0,14,26,0,0,0,0,0,0,0
260453,1,1,15,15,15,15,15,15,15,15,15,15
260454,1,1,26,26,26,26,26,26,26,26,26,26
260455,0,1,0,0,0,0,0,0,0,0,0,0
260455,1,1,0,0,0,0,0,0,0,0,0,0
260456,1,1,0,0,0,25,0,0,0,0,0,0
260456,2,1,0,0,0,0,0,0,20,0,0,0
260456,3,1,0,0,0,0,0,0,0,19,0,0
260457,0,1,0,0,0,0,0,0,0,0,0,0
260457,1,1,0,23,0,0,0,20,0,11,0,0
260458,1,1,0,0,0,0,0,0,0,0,4,0
260458,2,1,0,0,0,0,0,0,0,0,0,0
260459,1,1,4,4,4,4,4,4,4,4,4,4
260459,2,1,0,0,0,0,0,0,0,0,30,0
260460,0,1,13,26,9,15,2,48,15,9,18,33
260460,1,1,0,0,0,0,0,0,0,0,0,0
260461,1,1,0,0,0,0,0,0,0,0,0,0
260462,0,1,0,0,0,0,0,0,0,0,0,0
260462,0,2,0,0,0,0,0,0,0,0,0,0
260462,1,1,0,0,0,16,0,0,0,0,0,0
260463,1,1,0,0,0,0,0,0,0,0,0,0
260464,1,1,8,8,8,8,8,8,8,8,8,8
260465,1,1,32,32,32,32,32,32,32,32,32,32
260465,2,1,0,0,0,0,0,0,0,0,0,9
260466,1,1,0,0,0,0,0,0,0,0,0,0
260466,2,1,15,0,0,0,0,0,0,0,0,0
260467,1,1,0,0,0,0,0,0,0,0,0,0
260467,2,1,0,0,0,0,0,0,0,0,0,0
260468,1,1,0,0,0,0,0,0,0,0,0,0
260468,2,1,0,0,0,0,0,0,0,0,0,0
260468,3,1,0,0,6,0,5,0,0,0,0,0
260469,0,1,8,28,39,30,37,16,12,15,52,24
260469,1,1,0,0,0,0,0,0,0,0,0,0
260470,1,1,21,21,21,21,21,21,21,21,21,21
260471,1,1,0,0,0,0,0,0,0,0,0,0
260471,2,1,0,0,0,0,0,0,0,0,0,0
260471,3,1,0,0,0,0,0,0,0,19,0,0
260472,1,1,8,11,0,0,23,0,0,12,0,16
260472,2,1,0,0,0,0,0,0,0,0,0,0
260473,1,1,0,0,0,0,0,0,0,0,0,0
260473,2,1,0,0,0,0,0,0,0,0,0,0
260474,1,1,0,0,0,0,0,0,0,0,0,0
260475,1,1,0,0,0,0,0,0,0,0,0,0
260476,1,1,10,10,10,10,10,10,10,10,10,10
260477,0,1,0,0,0,0,0,0,0,0,0,0
260477,1,1,0,0,0,0,0,0,0,0,0,0
260478,1,1,0,20,0,0,0,21,4,25,0,19
260479,0,1,0,0,0,0,0,0,8,0,0,0
260479,0,2,0,0,0,0,42,0,0,0,0,0
260479,1,1,0,0,0,0,0,0,0,0,0,0
260480,1,1,24,24,24,24,24,24,24,24,24,24
260481,1,1,0,0,0,0,0,0,0,0,0,0
260481,2,1,0,0,0,0,0,0,0,0,0,0
260482,1,1,0,0,0,0,0,0,0,0,0,0
260482,2,1,11,11,11,11,11,11,11,11,11,11
260483,0,1,0,0,0,0,0,0,0,0,0,0
260483,1,1,0,0,0,0,0,0,0,0,0,0
260484,1,1,28,28,28,28,28,28,28,28,28,28
260485,1,1,7,7,7,7,7,7,7,7,7,7
260485,2,1,0,0,0,0,0,0,0,0,0,0
260486,1,1,0,0,0,0,0,14,0,0,0,23
260487,1,1,1,1,1,1,1,1,1,1,1,1
260487,2,1,0,21,0,0,0,0,0,0,0,0
260488,1,1,0,23,0,0,0,0,0,0,0,0
260489,1,1,0,0,0,0,0,0,0,0,0,0
260489,2,1,0,0,0,0,0,0,0,0,0,0
260490,1,1,0,0,0,0,0,0,0,0,0,0
260490,2,1,0,0,0,0,0,0,0,0,0,0
260491,0,1,0,17,16,26,12,23,9,22,37,7
260491,1,1,12,12,12,12,12,12,12,12,12,12
260492,1,1,0,0,0,0,0,0,0,0,0,0
260492,2,1,0,0,0,0,0,0,0,0,0,0
260493,1,1,0,0,0,0,0,0,0,0,0,0
260494,0,1,0,0,0,0,0,0,0,9,0,0
260494,1,1,0,0,0,0,0,0,0,0,0,0
260495,1,1,0,0,0,0,0,0,0,0,0,0
260495,2,1,0,0,0,0,0,0,0,0,0,0
260496,0,1,0,0,9,0,0,0,0,0,0,0
260496,1,1,0,0,0,0,0,0,0,0,0,0
260497,1,1,24,24,24,24,24,24,24,24,24,24
260498,1,1,0,0,15,0,0,0,0,0,0,0
260498,2,1,0,0,0,0,0,0,0,0,0,7
260499,1,1,0,0,0,0,0,0,0,0,0,0
260499,2,1,0,0,0,0,0,0,0,0,0,0
260499,3,1,0,0,0,0,0,0,0,0,0,0
260500,1,1,0,12,28,18,21,0,0,0,0,0
260501,1,1,0,0,0,0,0,0,0,0,0,0
260502,1,1,0,0,0,0,0,0,0,0,0,0
260502,2,1,0,0,0,0,0,0,0,0,0,0
260503,1,1,0,0,0,0,0,0,0,0,0,0
260503,2,1,0,0,0,0,0,0,0,0,0,0
260504,1,1,0,11,0,0,0,0,0,4,0,0
260504,2,1,0,0,0,0,0,0,0,0,0,0
260505,1,1,17,13,20,15,0,0,0,0,0,0
260506,1,1,0,0,0,0,0,0,0,0,0,0
260506,2,1,0,0,0,0,0,0,0,0,0,0
260507,1,1,12,12,12,12,12,12,12,12,12,12
260507,2,1,0,0,0,0,0,0,0,0,0,0
260508,1,1,13,16,10,0,7,12,4,29,15,30
260509,1,1,0,0,0,0,0,0,0,0,0,0
260509,2,1,0,0,0,0,0,0,0,0,0,0
260509,3,1,0,0,0,0,0,0,0,0,0,0
260510,1,1,0,0,0,0,0,0,0,0,0,0
260510,2,1,20,0,0,0,0,0,8,0,21,0
260511,1,1,0,0,17,0,0,0,0,0,0,0
260512,1,1,14,14,14,14,14,14,14,14,14,14
260513,1,1,0,0,0,0,0,0,0,0,0,0
260513,2,1,0,0,0,0,0,0,0,0,21,0
260513,3,1,0,0,0,0,0,0,0,0,0,0
260513,4,1,0,0,0,0,0,0,0,0,0,0
260513,5,1,0,0,0,0,0,15,0,0,0,0
260513,6,1,0,0,0,0,0,0,0,0,0,0
260514,1,1,0,0,0,0,0,0,0,0,0,0
260514,2,1,0,0,0,0,0,0,0,0,0,0
260515,1,1,0,0,0,0,0,0,0,0,0,0
260515,2,1,0,0,0,0,0,0,0,0,0,0
260516,1,1,29,29,29,29,29,29,29,29,29,29
260517,0,1,0,0,0,0,0,0,0,0,0,0
260517,1,1,0,0,0,0,0,0,0,0,0,0
260518,1,1,0,0,0,0,0,25,0,0,0,0
260519,1,1,0,0,0,0,0,0,0,0,0,0
260520,1,1,0,0,0,0,0,0,0,0,0,0
260521,1,1,13,13,13,13,13,13,13,13,13,13
260522,1,1,0,0,0,0,0,0,0,0,0,0
260523,1,1,10,10,10,10,10,10,10,10,10,10
260524,1,1,0,0,0,6,0,0,0,0,0,0
260524,2,1,0,0,0,0,0,0,19,0,0,9