ST_CASE,VEH_NO,PER_NO,P1,P2,P3,P4,P5,P6,P7,P8,P9,P10
260525,1,1,0,0,0,0,0,0,0,0,0,0
260525,2,1,0,0,0,0,0,0,0,0,0,0
260526,1,1,0,15,8,0,15,0,49,36,0,0
260527,1,1,9,9,9,9,9,9,9,9,9,9
260528,1,1,15,0,0,0,0,0,0,0,0,0
260529,1,1,0,0,0,0,0,0,0,0,0,0
260529,2,1,0,0,0,0,18,0,0,0,0,0
260530,1,1,0,0,0,0,0,0,0,0,0,0
260530,2,1,0,0,0,0,0,0,0,0,0,0
260531,1,1,0,0,0,0,0,0,0,0,0,0
260532,1,1,0,0,0,0,0,0,0,0,0,23
260532,2,1,0,0,0,0,0,0,0,0,0,0
260533,0,1,0,0,0,0,0,0,0,0,8,0
260533,1,1,0,0,0,0,0,0,0,0,0,0
260534,0,1,13,13,13,13,13,13,13,13,13,13
260534,1,1,0,0,0,0,0,0,0,0,0,0
260535,1,1,20,20,20,20,20,20,20,20,20,20
260536,1,1,9,9,9,9,9,9,9,9,9,9
260538,1,1,0,0,0,0,0,0,0,17,0,0
260539,0,1,0,0,29,15,0,19,0,0,0,0
260539,1,1,0,0,0,0,0,0,0,0,0,0
260540,0,1,24,29,24,34,13,39,42,12,20,22
260540,1,1,0,0,0,0,0,0,0,0,0,0
260541,1,1,0,0,0,0,0,0,0,0,0,0
260541,2,1,0,0,0,0,0,0,0,0,0,0
260542,1,1,0,0,0,0,0,0,0,0,0,0
260542,2,1,0,0,0,0,0,0,0,0,0,0
260543,0,1,0,0,0,0,0,0,0,0,0,0
260543,1,1,0,0,0,0,0,0,0,0,0,0
260544,1,1,0,0,0,0,0,0,4,0,0,13
260545,1,1,0,0,0,0,0,0,0,0,0,0
260545,2,1,0,0,0,0,0,0,0,0,0,0
260546,1,1,40,40,40,40,40,40,40,40,40,40
260547,1,1,0,0,25,0,0,0,0,0,23,0
260548,0,1,0,0,0,0,0,0,0,0,0,0
260548,1,1,0,0,0,0,0,0,26,16,0,0
260549,1,1,20,20,20,20,20,20,20,20,20,20
260550,1,1,0,0,0,0,0,0,0,0,0,0
260551,1,1,14,14,14,14,14,14,14,14,14,14
260552,1,1,0,0,0,0,0,0,0,0,0,0
260552,2,1,0,0,0,0,0,0,0,0,0,0
260553,1,1,21,21,21,21,21,21,21,21,21,21
260553,2,1,0,0,0,0,0,0,0,0,0,0
260554,1,1,0,0,0,0,0,0,0,0,0,0
260555,1,1,20,20,20,20,20,20,20,20,20,20
260556,1,1,0,0,0,0,0,0,0,0,0,0
260556,2,1,0,0,0,0,0,0,0,0,0,0
260557,1,1,12,12,12,12,12,12,12,12,12,12
260557,2,1,0,0,0,0,0,0,0,0,0,0
260558,1,1,0,0,0,0,0,0,0,0,0,0
260558,2,1,0,0,0,0,0,0,0,0,0,0
260559,1,1,0,0,0,0,0,0,0,0,0,0
260559,2,1,0,0,0,0,0,0,0,0,0,0
260560,1,1,17,0,0,0,0,0,0,0,0,0
260561,1,1,0,0,0,0,0,0,0,0,0,0
260561,2,1,0,0,0,0,0,0,0,0,0,0
260562,1,1,0,0,0,0,0,0,0,0,0,0
260562,2,1,15,0,0,0,0,0,0,0,0,0
260563,0,1,0,0,0,0,0,0,0,0,0,0
260563,1,1,0,0,0,0,0,0,0,0,18,0
260564,1,1,4,17,0,0,32,0,11,0,29,0
260565,1,1,0,0,0,0,0,0,0,0,0,0
260565,2,1,0,0,0,0,0,0,0,0,0,0
260566,1,1,13,5,3,18,26,11,11,23,16,25
260567,1,1,0,0,0,0,0,0,0,0,0,0
260567,2,1,0,0,0,0,0,0,0,0,0,0
260568,1,1,0,0,6,0,8,8,0,0,0,0
260569,1,1,0,0,0,0,0,0,0,0,0,0
260569,2,1,0,0,0,0,0,0,0,0,0,0
260570,0,1,13,23,37,49,18,22,27,0,34,24
260570,1,1,0,0,0,0,0,0,0,0,0,0
260570,2,1,0,0,0,0,0,0,0,0,0,0
260571,1,1,0,0,0,0,0,0,0,0,0,0
260572,1,1,0,0,0,0,0,0,0,0,0,0
260573,1,1,22,22,22,22,22,22,22,22,22,22
260574,1,1,0,0,0,0,0,0,0,0,0,0
260574,2,1,0,0,0,0,0,0,0,0,0,0
260575,0,1,37,37,37,37,37,37,37,37,37,37
260575,1,1,0,0,0,0,0,0,0,0,0,0
260576,0,1,8,8,8,8,8,8,8,8,8,8
260576,1,1,24,14,12,16,10,17,8,10,17,15
260577,1,1,18,10,32,19,15,11,26,19,14,20
260577,2,1,0,0,0,0,0,0,0,9,0,0
260577,3,1,0,0,0,0,0,32,0,0,0,25
260577,4,1,8,0,30,0,17,0,0,0,0,0
260578,1,1,21,21,21,21,21,21,21,21,21,21
260578,2,1,0,5,6,15,0,25,0,0,0,15
260579,1,1,24,0,0,0,17,0,0,0,0,0
260579,2,1,0,0,0,0,0,6,0,0,0,0
260580,1,1,0,0,0,0,0,0,0,0,0,0
260580,2,1,0,0,0,0,0,0,0,0,0,0
260581,1,1,0,0,0,0,0,0,0,0,0,0
260582,0,1,0,0,43,0,0,0,0,0,0,0
260582,1,1,0,0,0,0,0,0,0,0,0,0
260583,1,1,0,0,0,0,0,0,0,0,0,0
260583,2,1,0,0,0,0,0,0,0,0,0,0
260584,0,1,0,0,0,0,0,0,0,0,0,0
260584,1,1,0,0,0,0,0,0,0,0,0,0
260585,1,1,0,0,0,0,0,0,0,0,0,0
260585,2,1,0,0,0,13,0,0,0,0,0,0
260586,1,1,2,2,2,2,2,2,2,2,2,2
260586,2,1,0,0,0,0,0,0,0,0,0,0
260587,1,1,0,0,0,0,0,0,0,0,0,0
260588,1,1,0,0,0,0,20,0,0,0,21,0
260589,1,1,0,0,0,0,0,0,0,0,0,0
260590,1,1,0,0,0,0,0,0,0,0,0,0
260590,2,1,0,0,0,0,0,0,0,0,7,0
260591,1,1,9,9,9,9,9,9,9,9,9,9
260592,1,1,0,0,0,0,0,0,0,0,0,0
260593,1,1,25,25,25,25,25,25,25,25,25,25
260594,1,1,0,0,0,0,0,0,0,0,0,0
260594,2,1,0,0,0,0,0,0,0,0,0,0
260595,1,1,0,0,0,0,0,0,0,0,0,0
260595,2,1,0,0,0,0,0,0,0,0,0,0
260596,1,1,14,14,14,14,14,14,14,14,14,14
260597,1,1,0,0,0,0,0,0,0,0,0,0
260597,2,1,0,0,0,0,0,0,0,0,0,0
260597,3,1,0,0,0,0,0,0,0,0,0,0
260598,1,1,23,23,23,23,23,23,23,23,23,23
260599,1,1,0,0,0,0,0,0,0,0,0,0
260599,2,1,0,0,0,0,0,0,0,0,0,23
260600,1,1,19,19,19,19,19,19,19,19,19,19
260601,1,1,8,8,8,8,8,8,8,8,8,8
260602,1,1,0,0,0,0,0,0,0,0,0,0
260602,2,1,0,0,0,0,0,0,0,12,0,0
260603,1,1,0,0,0,0,0,0,0,0,0,0
260603,2,1,0,0,0,0,0,0,0,0,0,0
260604,1,1,0,0,0,0,0,0,0,0,0,0
260604,2,1,0,0,0,0,0,0,0,0,0,0
260605,1,1,0,0,0,0,0,0,0,0,0,0
260605,2,1,0,0,0,0,0,0,0,0,0,0
260605,3,1,0,0,0,0,0,0,0,0,0,0
260606,1,1,9,9,9,9,9,9,9,9,9,9
260607,1,1,0,0,0,0,0,0,0,0,0,0
260607,2,1,0,0,0,0,0,0,0,0,0,0
260608,1,1,0,0,0,0,0,0,0,0,0,0
260609,1,1,0,0,0,0,0,0,0,0,0,0
260610,1,1,0,0,0,0,0,0,0,0,0,0
260611,1,1,0,0,0,0,0,0,0,0,0,0
260612,1,1,0,0,0,0,0,0,16,0,18,0
260613,1,1,0,0,0,0,0,0,0,0,0,0
260614,1,1,0,0,0,0,0,0,0,0,0,0
260614,2,1,0,0,0,0,0,0,0,0,0,0
260615,1,1,0,0,0,0,0,0,0,0,0,0
260615,2,1,0,0,0,0,0,0,0,0,0,0
260615,3,1,0,0,0,0,0,0,0,0,0,0
260616,1,1,1,1,1,1,1,1,1,1,1,1
260616,2,1,0,0,0,0,0,0,0,0,0,0
260617,1,1,0,0,0,0,0,0,0,0,0,0
260618,0,1,0,0,0,0,0,0,0,0,0,0
260618,1,1,0,0,0,0,0,0,0,0,0,0
260619,1,1,0,0,0,0,0,0,0,0,0,0
260619,2,1,0,0,0,0,0,0,0,0,0,0
260620,1,1,2,2,2,2,2,2,2,2,2,2
260620,2,1,0,0,0,0,0,0,0,0,0,0
260621,0,1,16,0,0,0,9,0,0,0,0,0
260621,1,1,0,0,0,0,0,0,0,0,0,0
260622,1,1,0,0,0,0,0,0,0,0,0,0
260623,0,1,33,28,16,27,12,0,34,30,28,9
260623,1,1,0,0,0,0,0,0,0,0,0,0
260624,1,1,0,0,0,0,0,0,0,0,0,0
260624,2,1,0,0,0,0,0,0,0,0,0,0
260624,3,1,0,0,0,0,0,0,0,0,0,0
260625,0,1,25,0,0,0,0,0,0,17,0,0
260625,1,1,20,20,20,20,20,20,20,20,20,20
260626,1,1,0,0,0,0,0,0,0,0,0,0
260626,2,1,0,0,0,0,0,0,0,0,0,0
260627,1,1,0,0,0,0,0,0,0,0,0,0
260627,2,1,0,6,0,9,0,25,0,0,9,11
260628,1,1,0,0,0,0,0,0,0,0,0,0
260629,1,1,0,15,0,0,0,0,0,21,0,0
260629,2,1,0,0,0,0,0,0,0,0,0,0
260630,0,1,21,21,16,0,0,34,0,8,25,0
260630,1,1,0,0,0,0,0,0,0,0,0,0
260630,2,1,0,0,0,0,0,0,0,0,0,0
260631,0,1,0,0,0,0,0,0,0,0,0,0
260631,1,1,0,0,0,0,0,0,0,0,0,0
260632,1,1,20,20,20,20,20,20,20,20,20,20
260632,2,1,0,0,0,0,0,0,14,0,0,0
260633,1,1,0,0,0,0,0,0,0,0,0,0
260634,1,1,0,0,0,20,0,0,0,0,0,0
260634,2,1,0,0,0,0,17,0,13,0,0,0
260635,1,1,0,0,0,0,0,0,0,0,0,0
260635,2,1,0,0,0,0,0,0,19,0,21,0
260636,1,1,0,9,20,0,0,0,13,0,0,9
260637,1,1,11,11,11,11,11,11,11,11,11,11
260637,2,1,0,16,0,0,0,0,7,0,0,0
260637,3,1,0,0,0,0,0,0,0,0,0,0
260637,4,1,0,0,0,0,0,0,0,0,0,0
260637,5,1,0,0,0,0,0,0,0,0,0,0
260637,6,1,0,0,0,0,0,9,0,0,0,0
260638,1,1,0,39,0,0,0,13,0,0,0,0
260639,1,1,27,27,27,27,27,27,27,27,27,27
260640,0,1,0,0,0,0,0,0,0,0,0,0
260640,1,1,0,0,0,0,0,0,0,0,0,0
260641,1,1,13,13,13,13,13,13,13,13,13,13
260642,0,1,0,0,0,0,0,31,0,0,0,0
260642,1,1,0,0,0,0,0,0,0,0,0,0
260643,1,1,0,0,0,0,0,0,0,0,0,0
260644,1,1,0,0,0,0,0,0,0,0,0,0
260644,2,1,32,0,0,0,0,0,20,9,0,16
260645,0,1,0,31,0,7,3,0,0,24,0,0
260645,1,1,0,0,0,0,0,0,0,0,0,0
260646,1,1,0,0,21,0,0,0,0,0,0,0
260647,0,1,0,0,0,0,0,0,0,0,0,0
260647,1,1,0,0,0,0,0,0,0,0,0,0
260648,1,1,0,0,0,0,0,0,0,0,0,0
260648,2,1,0,0,0,0,0,0,0,0,0,0
260649,1,1,0,0,0,0,0,0,0,0,0,0
260649,2,1,0,0,0,0,0,0,0,0,0,0
260650,1,1,7,7,7,7,7,7,7,7,7,7
260651,0,1,0,0,0,0,0,0,0,0,0,0
260651,1,1,0,0,0,0,0,0,0,0,0,0
260652,1,1,0,0,0,0,0,0,0,0,0,0
260652,2,1,0,0,0,0,0,0,0,0,0,0
260653,1,1,21,21,21,21,21,21,21,21,21,21
260654,0,1,38,38,38,38,38,38,38,38,38,38
260654,1,1,0,0,0,0,0,0,0,0,29,0
260655,1,1,0,7,0,0,0,0,0,0,0,0
260655,2,1,0,0,0,0,0,0,0,0,0,0
260656,1,1,0,15,0,0,0,0,9,0,0,0
260657,1,1,0,0,0,0,0,0,0,0,0,0
260658,1,1,0,0,0,0,0,0,0,0,0,0
260658,2,1,0,0,0,0,0,0,0,0,0,0
260659,1,1,0,0,0,0,0,0,0,0,0,0
260659,2,1,0,0,0,0,0,0,0,0,0,0
260659,3,1,0,0,0,0,0,0,0,0,0,0
260660,1,1,0,0,0,0,0,0,0,0,0,0
260661,1,1,0,0,0,0,0,0,0,0,0,0
260661,2,1,0,0,0,0,0,0,0,0,0,0
260662,0,1,0,0,0,0,0,0,0,0,0,0
260662,1,1,0,0,0,0,0,0,24,0,0,0
260663,1,1,18,13,10,24,14,26,24,15,8,0
260664,1,1,0,0,0,0,0,0,0,0,0,0
260664,2,1,0,0,0,0,0,0,0,0,0,0
260665,1,1,16,6,0,0,0,0,0,12,0,0
260666,1,1,33,15,0,0,0,0,11,9,0,0
260667,1,1,25,25,25,25,25,25,25,25,25,25
260668,0,1,0,0,0,0,0,0,9,0,0,0
260668,1,1,0,0,0,0,0,0,0,0,0,0
260669,1,1,0,0,0,0,0,0,0,0,0,0
260670,1,1,0,0,0,0,0,0,0,0,0,0
260670,2,1,0,0,0,8,0,0,0,0,0,0
260671,1,1,0,0,0,0,0,0,0,0,0,0
260672,1,1,0,0,19,0,0,0,0,0,0,0
260672,2,1,0,0,0,0,0,0,0,0,0,0
260673,0,1,0,0,0,0,0,0,0,0,0,0
260673,1,1,1,1,1,1,1,1,1,1,1,1
260674,1,1,0,0,0,0,0,0,0,0,0,0
260675,1,1,0,0,0,0,0,0,0,0,0,0
260675,2,1,0,0,0,0,0,0,0,0,0,0
260676,1,1,0,0,0,0,0,0,0,0,0,0
260676,2,1,0,0,0,0,0,0,0,0,0,0
260677,1,1,0,15,0,0,0,0,0,0,0,0
260677,2,1,0,0,0,0,0,0,0,0,0,0
260678,1,1,0,0,0,0,0,0,0,0,0,0
260678,2,1,0,0,0,0,0,0,0,0,0,0
260678,3,1,32,0,0,0,0,0,0,0,0,0
260679,0,1,0,11,0,0,0,0,19,8,0,5
260679,1,1,0,0,0,0,0,0,0,0,0,0
260680,1,1,28,28,28,28,28,28,28,28,28,28
260681,1,1,0,0,0,0,0,0,0,0,0,0
260682,0,1,0,0,25,0,0,0,0,0,0,0
260682,1,1,0,0,0,0,0,0,0,6,0,0
260683,1,1,0,0,0,0,0,0,0,0,0,0
260683,2,1,0,0,0,0,0,0,0,0,0,6
260683,3,1,0,0,0,0,0,0,0,0,0,0
260684,0,1,0,19,0,0,0,0,0,0,15,0
260684,1,1,0,0,0,0,0,0,0,0,0,0
260685,1,1,0,0,0,0,0,0,0,0,0,0
260685,2,1,0,0,15,0,0,0,0,0,0,4
260686,0,1,0,0,0,0,0,0,0,0,0,0
260686,1,1,0,0,0,0,0,0,0,0,0,0
260687,0,1,0,0,0,0,0,0,0,0,0,0
260687,1,1,0,0,0,0,0,0,0,0,0,0
260688,0,1,0,0,0,0,2,17,17,14,11,25
260688,0,2,0,0,0,0,0,0,0,29,0,0
260688,1,1,30,24,14,20,0,13,20,0,0,12
260689,1,1,0,0,0,0,0,0,0,0,0,0
260689,2,1,0,0,0,6,0,0,0,0,0,9
260690,1,1,0,0,0,0,0,0,0,0,0,0
260690,2,1,0,0,0,0,0,0,0,0,0,0
260691,1,1,9,21,20,16,0,19,16,19,24,9
260692,0,1,0,0,0,0,0,0,0,48,21,0
260692,1,1,0,0,0,0,0,0,0,0,0,0
260693,1,1,0,0,0,0,0,0,0,0,11,0
260694,1,1,0,0,0,0,0,0,0,0,0,0
260694,2,1,0,0,0,0,0,0,0,0,0,0
260695,1,1,0,0,0,0,0,0,0,0,0,0
260695,2,1,22,0,0,0,0,0,0,0,0,0
260696,1,1,26,26,26,26,26,26,26,26,26,26
260696,2,1,0,0,0,0,0,0,0,0,0,34
260697,0,1,0,0,0,0,0,0,0,0,0,0
260697,1,1,0,0,0,0,18,0,0,0,0,0
260698,1,1,0,0,0,0,0,0,0,0,0,0
260698,2,1,0,0,0,0,0,0,0,0,0,0
260699,1,1,0,0,0,0,0,0,0,0,0,0
260699,2,1,0,0,27,0,0,0,0,0,0,0
260700,1,1,0,0,15,0,0,0,0,10,21,24
260701,1,1,0,0,0,0,0,0,0,0,0,0
260701,2,1,0,0,0,0,0,0,0,0,0,0
260702,1,1,0,0,0,0,0,0,0,0,0,0
260702,2,1,0,0,0,0,0,0,0,0,0,0
260703,1,1,0,0,0,0,0,0,0,0,0,0
260703,2,1,0,0,0,0,0,0,0,0,0,0
260704,1,1,0,0,0,0,0,0,0,0,0,0
260704,2,1,0,0,0,0,0,0,0,0,0,0
260705,1,1,0,0,0,0,0,0,0,0,0,0
260706,1,1,0,0,0,0,0,0,0,0,8,0
260706,2,1,0,0,0,0,0,0,0,0,0,0
260707,1,1,0,0,0,0,0,0,0,0,0,0
260708,1,1,0,0,0,0,0,0,0,0,0,0
260708,2,1,0,0,0,0,0,0,0,0,0,0
260709,1,1,0,0,0,0,0,0,0,0,0,0
260710,1,1,0,0,0,0,0,0,0,0,0,0
260710,2,1,0,0,0,0,0,0,0,0,0,0
260711,1,1,0,0,0,0,0,0,0,0,0,0
260711,2,1,0,0,0,0,0,0,0,0,0,0
260712,0,1,0,0,0,0,0,0,0,0,0,0
260712,1,1,0,0,0,0,0,0,0,0,0,0
260713,1,1,0,0,0,0,0,0,0,0,0,6
260713,2,1,0,0,0,0,0,0,0,0,0,0
260714,1,1,0,0,0,0,0,0,0,0,0,0
260715,1,1,16,16,16,16,16,16,16,16,16,16
260716,0,1,0,0,0,5,0,0,0,0,0,0
260716,1,1,0,0,0,0,0,0,0,0,0,0
260717,1,1,0,0,0,0,0,0,0,0,0,0
260717,2,1,0,0,0,0,0,0,0,0,0,0
260718,1,1,0,0,0,0,0,0,0,0,0,0
260718,2,1,0,0,0,0,0,0,0,0,0,0
260719,0,1,0,0,0,0,0,0,0,0,0,0
260719,1,1,0,0,0,0,0,0,0,0,0,0
260720,1,1,0,8,0,0,0,0,0,0,0,0
260720,2,1,0,0,0,0,0,0,0,0,0,0
260721,0,1,18,18,18,18,18,18,18,18,18,18
260721,1,1,0,0,18,0,0,0,0,0,28,0
260722,1,1,0,0,0,0,0,0,0,0,0,0
260723,1,1,0,0,0,0,0,0,0,0,0,0
260723,2,1,0,0,0,0,0,0,0,0,0,0
260724,1,1,0,0,0,0,0,0,0,0,0,0
260724,2,1,0,0,0,0,0,0,0,22,0,0
260725,1,1,0,0,0,24,0,0,0,0,34,0
260726,1,1,0,0,0,0,0,0,0,0,0,0
260726,2,1,0,0,0,0,0,0,0,0,0,0
260727,0,1,0,0,0,0,0,0,0,0,0,0
260727,1,1,1,1,1,1,1,1,1,1,1,1
260728,1,1,11,18,14,16,37,24,21,12,0,6
260729,0,1,0,0,0,0,0,0,0,0,0,0
260729,1,1,0,0,0,0,19,0,0,0,0,0
260729,2,1,0,0,0,0,0,0,0,0,0,0
260730,1,1,0,0,0,0,0,8,0,0,0,0
260731,0,1,1,1,1,1,1,1,1,1,1,1
260731,1,1,0,0,0,0,13,0,0,0,0,0
260731,2,1,0,0,0,0,0,0,0,0,0,0
260732,0,1,0,0,0,0,0,22,0,27,0,0
260732,1,1,0,0,0,0,0,0,0,0,0,0
260733,1,1,22,22,22,22,22,22,22,22,22,22
260734,1,1,10,10,10,10,10,10,10,10,10,10
260734,2,1,0,0,0,0,0,0,0,0,0,0
260735,0,1,0,0,0,0,0,0,27,0,24,0
260735,1,1,18,20,15,25,18,0,21,0,8,0
260736,1,1,9,9,9,9,9,9,9,9,9,9
260736,2,1,0,0,0,0,0,0,0,0,0,0
260736,3,1,0,0,16,0,0,0,0,9,0,0
260737,1,1,0,0,0,0,0,0,0,0,0,0
260737,2,1,0,0,0,0,0,0,0,0,0,0
260737,3,1,23,0,0,0,0,0,0,0,0,0
260738,1,1,0,0,0,0,0,0,0,0,0,0
260738,2,1,0,0,0,0,0,0,0,0,0,0
260739,1,1,9,9,9,9,9,9,9,9,9,9
260739,2,1,0,0,0,0,0,0,0,0,0,0
260740,1,1,0,0,0,0,0,0,0,0,0,0
260741,1,1,0,0,0,0,0,0,0,0,6,0
260741,2,1,0,0,0,0,0,20,0,11,0,0
260742,1,1,0,0,0,0,0,0,0,0,0,0
260742,2,1,0,0,0,0,0,0,0,0,0,0
260743,1,1,0,0,0,0,0,0,0,0,0,0
260744,1,1,0,0,0,0,0,0,0,0,0,0
260745,1,1,0,0,0,0,0,0,0,0,0,0
260745,2,1,0,0,0,0,0,0,0,0,0,0
260746,1,1,0,0,0,0,0,0,0,0,0,0
260746,2,1,0,0,0,0,0,0,0,0,0,0
260747,1,1,0,0,0,0,0,0,4,0,0,0
260747,2,1,0,0,0,0,0,0,0,0,0,0
260748,1,1,0,0,0,0,8,0,0,0,0,0
260748,2,1,0,0,0,0,0,0,0,0,0,0
260749,1,1,0,0,0,0,0,0,0,0,0,0
260749,2,1,0,0,0,0,0,0,0,6,0,0
260750,1,1,0,0,0,0,0,0,0,0,0,0
260750,2,1,0,0,0,0,0,0,0,0,0,0
260751,1,1,0,0,0,0,0,0,0,0,0,0
260751,2,1,0,0,0,0,0,0,0,0,0,0
260751,3,1,0,0,0,0,0,0,0,0,0,0
260752,1,1,0,0,0,0,0,0,0,0,0,0
260752,2,1,0,0,0,0,0,0,0,0,0,0
260753,1,1,0,0,0,0,0,0,0,0,0,0
260753,2,1,0,0,0,0,0,0,0,0,0,0
260754,1,1,25,17,0,0,0,0,0,3,0,0
260755,0,1,24,24,24,24,24,24,24,24,24,24
260755,1,1,0,0,0,0,0,0,0,0,0,0
260756,1,1,26,26,26,26,26,26,26,26,26,26
260756,2,1,0,0,0,0,0,0,0,0,0,0
260757,1,1,0,0,0,0,0,0,0,0,0,0
260758,1,1,0,0,0,0,0,0,0,0,0,0
260758,2,1,0,0,0,0,0,0,0,0,0,0
260759,0,1,40,40,40,40,40,40,40,40,40,40
260759,1,1,0,0,0,0,0,0,0,0,0,0
260760,0,1,0,0,0,0,0,0,0,0,0,23
260760,1,1,0,0,0,0,0,0,0,0,0,0
260761,1,1,0,0,0,0,0,0,0,0,0,0
260761,2,1,0,0,0,0,0,0,0,0,0,0
260762,0,1,0,0,0,0,0,0,0,0,0,18
260762,1,1,0,0,0,0,0,0,0,0,0,0
260762,2,1,0,0,0,0,0,0,0,12,0,0
260763,0,1,5,20,12,16,7,14,20,9,17,4
260763,1,1,7,7,7,7,7,7,7,7,7,7
260764,1,1,0,9,0,0,0,0,0,0,0,21
260764,2,1,0,0,0,0,0,0,0,0,0,0
260765,1,1,0,4,0,0,0,0,0,0,0,0
260765,2,1,0,0,0,0,0,0,0,0,0,0
260766,1,1,20,20,20,20,20,20,20,20,20,20
260767,1,1,27,27,27,27,27,27,27,27,27,27
260768,1,1,0,0,0,0,0,0,0,0,16,0
260769,1,1,0,32,0,0,0,0,0,0,0,8
260770,1,1,0,12,19,32,20,21,14,30,11,10
260771,0,1,0,0,0,0,0,0,21,0,0,0
260771,1,1,0,0,0,0,0,0,0,0,0,0
260772,0,1,0,0,24,0,0,0,0,8,0,0
260772,1,1,11,0,18,0,0,16,0,16,0,13
260773,1,1,0,0,0,0,0,0,0,28,0,0
260773,2,1,0,0,0,0,0,0,0,0,0,0
260773,3,1,0,0,0,0,0,0,0,0,0,0
260774,1,1,15,15,15,15,15,15,15,15,15,15
260775,1,1,0,0,0,0,0,0,0,0,0,0
260775,2,1,0,0,0,0,0,0,0,0,0,0
260776,1,1,0,0,0,0,0,0,0,0,0,0
260776,2,1,0,0,0,0,0,0,0,0,7,0
260777,1,1,3,0,0,0,34,0,0,0,0,20
260778,0,1,0,0,35,0,0,0,0,29,0,0
260778,1,1,0,0,0,0,0,0,0,0,0,0
260779,0,1,0,25,24,30,0,0,0,0,0,3
260779,1,1,0,0,0,31,35,0,0,15,0,0
260780,0,1,0,0,0,45,30,0,0,15,0,0
260780,1,1,10,0,11,20,13,0,0,0,0,0
260781,0,1,0,0,0,0,0,0,0,23,25,0
260781,1,1,0,0,0,0,0,0,0,0,0,0
260781,2,1,0,0,0,0,0,0,13,0,0,0
260782,1,1,12,12,12,12,12,12,12,12,12,12
260782,2,1,0,0,0,0,0,0,0,0,0,0
260783,1,1,33,22,36,15,0,15,24,0,21,31
260784,1,1,0,0,0,0,0,0,0,0,0,0
260785,1,1,0,0,0,0,0,32,0,0,0,0
260786,0,1,0,0,0,0,18,23,0,20,0,0
260786,1,1,0,0,0,0,0,0,0,0,0,0
260787,1,1,0,0,0,0,0,0,0,0,0,0
260787,2,1,0,0,0,0,0,0,0,0,0,0
260788,1,1,0,0,0,0,0,0,0,0,0,0
260788,2,1,0,0,0,0,0,0,0,0,0,0
260789,1,1,0,0,0,0,0,0,0,0,0,0
260789,2,1,0,0,0,0,0,0,0,0,0,0
260790,1,1,0,0,0,0,0,0,0,0,0,0
260790,2,1,0,0,0,0,0,0,0,0,0,0
260791,1,1,0,0,0,0,0,0,0,0,0,0
260792,1,1,0,0,0,0,0,0,0,0,0,0
260792,2,1,0,0,0,0,0,0,0,0,0,0
260793,1,1,0,0,0,0,0,0,0,0,0,0
260793,2,1,0,0,0,0,0,0,0,0,0,0
260794,1,1,0,0,0,0,0,0,0,0,0,0
260794,2,1,0,0,0,0,0,0,0,0,0,0
260795,0,1,0,0,0,0,0,0,0,0,0,0
260795,1,1,0,0,0,0,0,0,0,0,0,0
260796,1,1,0,0,0,0,0,0,0,0,0,0
260797,0,1,0,0,0,0,0,0,0,0,19,0
260797,1,1,0,0,0,0,0,0,0,0,0,0
260798,0,1,0,33,0,0,0,0,0,0,0,0
260798,1,1,0,0,0,0,0,0,0,0,0,0
260799,1,1,0,0,0,0,0,0,0,0,0,0
260799,2,1,0,0,0,0,0,0,0,0,0,0
260800,1,1,0,0,0,0,0,0,0,0,0,0
260800,2,1,0,0,0,0,0,0,0,0,0,0
260801,1,1,17,17,17,17,17,17,17,17,17,17
260802,1,1,0,0,0,0,0,0,0,0,0,0
260802,2,1,0,0,0,0,0,0,0,0,0,0
260803,1,1,0,0,0,0,0,0,0,0,0,0
260803,2,1,0,0,0,0,0,0,0,0,0,0
260804,1,1,0,0,0,0,0,0,0,0,0,0
260805,0,1,0,0,0,0,0,16,0,0,0,0
260805,1,1,0,0,0,0,0,0,0,0,0,0
260806,1,1,20,20,20,20,20,20,20,20,20,20
260807,1,1,7,7,7,7,7,7,7,7,7,7
260807,2,1,0,0,0,0,3,0,0,0,0,0
260808,0,1,0,0,0,0,0,0,0,0,0,0
260808,0,2,0,9,0,20,0,0,0,28,0,11
260808,1,1,16,16,16,16,16,16,16,16,16,16
260809,1,1,0,0,0,0,0,0,0,13,0,0
260810,1,1,0,0,0,0,0,0,0,0,0,0
260811,0,1,27,27,27,27,27,27,27,27,27,27
260811,1,1,0,0,0,0,0,0,0,0,0,0
260811,2,1,0,0,0,0,0,0,0,0,0,0
260812,0,1,0,0,0,0,0,0,0,0,0,0
260812,1,1,0,0,0,0,0,0,0,0,0,0
260813,1,1,18,18,18,18,18,18,18,18,18,18
260813,2,1,0,0,0,0,0,0,0,0,0,0
260814,1,1,14,14,14,14,14,14,14,14,14,14
260815,1,1,0,0,0,0,0,0,0,0,0,0
260815,2,1,0,0,0,0,0,0,0,0,0,0
260816,1,1,17,17,17,17,17,17,17,17,17,17
260817,1,1,37,37,37,37,37,37,37,37,37,37
260817,2,1,0,0,0,0,0,0,0,0,0,0
260818,1,1,10,10,10,10,10,10,10,10,10,10
260818,2,1,0,0,0,0,0,0,0,0,0,0
260819,1,1,0,0,14,0,0,0,0,36,0,0
260820,1,1,0,0,0,0,0,0,0,0,0,0
260820,2,1,0,0,0,0,0,0,0,0,0,0
260821,1,1,0,0,0,0,0,0,0,0,0,0
260821,2,1,0,0,0,0,0,0,0,0,0,0
260822,1,1,0,0,0,0,0,0,0,0,0,0
260823,1,1,0,0,0,0,0,0,0,0,0,0