ST_CASE,VEH_NO,PER_NO,P1,P2,P3,P4,P5,P6,P7,P8,P9,P10
260823,2,1,0,0,0,0,0,0,0,0,0,0
260824,1,1,16,16,16,16,16,16,16,16,16,16
260825,1,1,0,0,0,0,0,0,0,0,0,0
260825,2,1,0,0,0,0,9,0,0,0,0,0
260826,1,1,0,0,0,0,0,0,0,0,0,0
260826,2,1,0,0,0,0,0,0,0,0,0,0
260827,1,1,9,9,9,9,9,9,9,9,9,9
260827,2,1,0,0,0,0,0,0,0,0,0,0
260828,1,1,0,0,0,0,0,0,0,0,0,0
260828,2,1,0,0,0,0,0,0,0,0,0,0
260829,1,1,0,0,0,0,0,0,0,0,0,0
260830,1,1,22,22,22,22,22,22,22,22,22,22
260830,2,1,0,0,0,0,0,0,0,0,0,0
260830,3,1,0,0,0,0,0,0,0,0,0,0
260831,1,1,28,28,28,28,28,28,28,28,28,28
260831,2,1,0,0,0,0,0,0,0,0,0,0
260831,3,1,0,0,0,26,0,0,0,0,0,0
260832,0,1,0,0,0,0,0,0,0,0,0,0
260832,0,2,0,0,15,0,0,0,40,0,25,0
260832,1,1,0,0,0,0,0,0,0,0,0,0
260833,1,1,0,0,0,0,0,0,0,0,0,0
260833,2,1,0,0,0,0,0,0,0,0,0,0
260834,1,1,0,0,0,0,0,0,0,0,0,0
260834,3,1,0,0,0,0,0,0,0,0,0,0
260835,1,1,0,0,0,0,0,0,0,0,0,0
260835,2,1,0,0,0,0,0,0,0,0,0,0
260835,3,1,0,0,0,0,0,0,0,0,0,0
260836,1,1,0,0,0,0,0,0,0,0,0,0
260836,2,1,0,0,0,0,0,0,0,0,0,0
260837,0,1,14,14,14,14,14,14,14,14,14,14
260837,1,1,0,0,0,11,0,0,0,12,0,21
260838,1,1,0,18,0,0,0,0,0,0,0,0
260838,2,1,0,0,0,0,0,0,0,0,0,0
260839,1,1,12,0,0,0,18,0,0,0,0,17
260840,1,1,25,25,25,25,25,25,25,25,25,25
260840,2,1,0,0,0,0,0,0,0,0,0,0
260841,0,1,0,0,0,0,0,0,0,0,0,0
260841,1,1,0,0,0,0,0,0,0,20,0,0
260842,1,1,13,13,13,13,13,13,13,13,13,13
260843,1,1,0,0,0,0,0,0,0,0,0,0
260844,1,1,18,18,18,18,18,18,18,18,18,18
260844,2,1,0,0,0,0,0,21,0,0,0,0
260844,3,1,0,0,0,0,0,0,0,0,0,0
260844,4,1,0,0,0,0,0,0,0,0,0,0
260845,1,1,12,12,12,12,12,12,12,12,12,12
260846,1,1,0,0,0,0,0,0,0,0,0,12
260846,2,1,0,0,0,0,0,0,0,0,0,0
260846,3,1,0,0,0,0,0,0,0,0,0,0
260847,0,1,0,0,0,0,0,0,0,0,0,0
260847,1,1,0,0,0,0,0,0,0,0,0,0
260848,0,1,0,0,0,0,0,0,0,0,0,0
260848,1,1,0,0,0,0,0,0,0,0,0,0
260849,1,1,4,4,4,4,4,4,4,4,4,4
260850,1,1,0,0,0,0,0,0,0,0,0,0
260850,2,1,0,0,0,0,0,0,0,0,0,0
260851,0,1,0,0,0,0,0,19,0,0,0,0
260851,1,1,0,0,0,0,0,0,0,0,0,0
260852,1,1,0,0,0,0,0,0,0,0,0,0
260852,2,1,0,0,0,0,0,0,0,0,0,0
260853,0,1,23,23,23,23,23,23,23,23,23,23
260853,1,1,0,0,0,0,0,0,0,0,0,0
260854,1,1,0,0,0,0,0,0,0,0,0,0
260854,2,1,7,0,29,0,34,17,19,30,21,17
260855,1,1,23,23,23,23,23,23,23,23,23,23
260856,1,1,0,0,0,14,0,0,21,0,12,0
260857,1,1,0,0,0,0,0,0,0,0,0,0
260857,2,1,0,0,0,0,0,0,0,0,0,0
260858,1,1,0,0,0,0,0,0,0,0,0,0
260858,2,1,0,0,0,0,0,0,0,0,0,0
260859,0,1,24,0,0,13,0,0,0,0,0,23
260859,1,1,0,0,0,0,0,0,0,0,0,0
260860,0,1,34,19,0,0,0,0,0,0,0,0
260860,1,1,0,0,0,14,0,0,9,0,0,0
260861,1,1,0,0,0,29,0,0,0,0,0,0
260862,1,1,18,18,18,18,18,18,18,18,18,18
260862,2,1,0,0,0,0,0,0,0,0,0,0
260863,1,1,19,0,0,0,0,0,0,0,0,0
260863,2,1,16,16,16,16,16,16,16,16,16,16
260864,1,1,0,0,0,0,0,0,0,0,0,0
260865,1,1,0,0,0,0,0,0,0,0,0,0
260865,2,1,0,0,0,0,0,0,0,0,0,0
260866,1,1,12,12,12,12,12,12,12,12,12,12
260867,1,1,12,10,16,20,24,14,47,8,16,16
260868,0,1,0,0,0,0,0,0,29,8,0,0
260868,1,1,0,0,0,0,0,0,0,0,0,0
260869,1,1,0,0,0,0,0,0,0,0,0,0
260870,1,1,0,0,0,0,0,0,0,0,0,0
260870,2,1,0,0,0,0,0,0,0,0,0,0
260871,1,1,0,0,0,10,0,0,0,0,0,0
260871,2,1,0,0,23,0,0,0,0,0,0,0
260872,1,1,0,0,0,0,0,0,0,0,0,0
260872,2,1,0,12,0,0,0,0,0,0,0,0
260873,1,1,0,0,0,0,5,0,0,0,12,28
260874,0,1,21,21,21,21,21,21,21,21,21,21
260874,1,1,0,16,0,0,0,0,0,0,0,0
260875,1,1,0,0,0,0,0,0,0,0,0,0
260875,2,1,0,0,0,0,0,0,0,11,0,0
260876,1,1,0,0,0,0,0,0,0,0,0,15
260877,0,1,0,10,33,11,0,0,0,0,0,0
260877,1,1,0,17,0,0,0,0,0,0,0,21
260878,0,1,0,0,0,0,0,0,0,0,0,0
260878,1,1,16,0,0,0,0,0,0,0,0,0
260879,1,1,0,0,0,0,0,0,0,0,0,0
260879,2,1,0,0,0,0,0,0,0,0,0,0
260880,1,1,0,0,0,0,0,0,0,0,0,0
260881,0,1,39,0,30,0,37,0,0,0,0,13
260881,1,1,0,0,0,0,0,0,0,0,0,16
260882,0,1,0,0,0,0,0,0,0,0,0,0
260882,1,1,0,0,0,0,0,0,0,0,0,0
260883,0,1,0,0,0,0,0,0,0,0,0,0
260883,1,1,10,0,0,11,0,31,0,0,0,0
260884,0,1,5,41,27,15,8,13,32,12,17,22
260884,1,1,0,0,0,0,0,0,0,0,0,0
260885,0,1,0,0,0,0,0,0,0,0,0,31
260885,1,1,9,9,9,9,9,9,9,9,9,9
260886,1,1,0,0,0,27,0,0,0,0,0,0
260887,1,1,0,0,0,0,0,0,0,0,0,0
260887,2,1,0,0,0,0,0,0,0,0,0,0
260888,1,1,0,0,0,0,0,0,0,0,0,0
260888,2,1,0,0,0,0,0,0,0,15,0,0
260889,1,1,28,8,0,0,0,0,0,0,0,0
260890,1,1,0,0,0,0,0,0,0,0,10,0
260891,1,1,0,0,0,0,0,0,0,0,0,0
260891,2,1,0,0,0,0,0,0,0,0,0,0
260892,1,1,29,29,29,29,29,29,29,29,29,29
260893,1,1,0,0,0,0,0,0,0,0,0,0
260893,2,1,0,0,0,0,0,0,0,0,0,0
260894,1,1,0,0,0,0,0,0,0,0,0,0
260894,2,1,0,0,0,0,0,0,0,0,0,0
260895,1,1,23,0,0,0,0,0,0,0,0,0
260896,1,1,0,0,0,0,0,0,0,0,0,0
260896,2,1,0,0,0,0,0,0,0,0,0,0
260897,1,1,20,20,20,20,20,20,20,20,20,20
260898,1,1,0,0,0,0,0,0,0,0,0,2
260899,1,1,0,0,0,0,0,0,0,0,0,0
260899,2,1,0,0,0,0,0,0,0,0,0,0
260900,1,1,0,0,0,0,0,0,0,0,0,0
260901,1,1,0,0,0,0,0,0,0,0,0,0
260902,1,1,0,0,0,0,0,0,0,0,0,0
260902,2,1,0,0,0,0,0,0,0,0,0,0
260903,0,1,0,0,0,20,18,0,41,0,0,0
260903,1,1,0,0,0,0,0,0,0,0,0,0
260904,1,1,0,0,0,0,0,0,0,33,0,0
260904,2,1,0,0,0,0,0,0,0,0,0,0
260904,3,1,0,0,0,0,0,0,0,0,9,0
260905,1,1,0,0,0,0,0,0,0,14,0,0
260905,2,1,0,0,0,0,0,0,0,0,0,0
260906,1,1,0,0,0,0,0,0,0,0,0,4
260906,2,1,0,0,0,0,34,0,16,0,0,0
260906,3,1,0,0,0,0,0,0,0,13,0,0
270001,1,1,24,24,24,24,24,24,24,24,24,24
270002,1,1,0,0,0,0,0,0,0,0,0,0
270003,0,1,0,0,0,0,0,0,0,0,0,0
270003,0,2,0,10,0,0,0,20,0,0,0,0
270003,1,1,0,0,0,0,0,0,0,0,0,0
270003,2,1,9,9,9,9,9,9,9,9,9,9
270004,0,1,0,0,0,0,0,0,0,0,0,0
270004,1,1,0,0,0,0,12,0,0,0,0,0
270005,0,1,0,0,0,0,0,0,0,0,0,0
270005,0,2,0,0,0,0,0,0,34,0,0,0
270005,1,1,0,0,0,0,0,0,0,0,0,0
270006,1,1,0,0,0,0,0,0,0,0,0,0
270006,2,1,0,0,0,0,0,0,0,0,0,0
270007,0,1,0,0,0,0,0,0,0,0,0,0
270007,1,1,0,0,0,0,0,0,0,0,0,0
270008,1,1,35,35,35,35,35,35,35,35,35,35
270009,1,1,0,0,0,0,0,0,0,0,0,0
270009,2,1,0,0,0,0,0,0,0,0,0,0
270010,1,1,0,0,0,0,0,0,0,0,0,0
270011,0,1,0,0,0,0,0,0,0,41,0,0
270011,1,1,0,0,27,0,0,0,0,0,0,0
270011,2,1,4,0,0,0,0,0,0,29,0,6
270012,1,1,0,0,0,0,0,0,0,0,0,0
270012,2,1,0,0,0,0,0,0,0,0,0,0
270013,1,1,23,23,23,23,23,23,23,23,23,23
270013,2,1,0,0,0,0,0,0,0,0,0,0
270014,1,1,9,0,0,0,0,0,0,0,0,0
270014,2,1,0,0,0,0,0,0,0,0,0,0
270015,0,1,0,0,0,0,0,0,0,0,0,0
270015,1,1,0,0,0,0,0,0,0,0,0,0
270016,1,1,0,0,0,0,0,0,0,0,0,0
270016,2,1,0,0,0,0,0,0,0,0,0,0
270017,0,1,0,0,0,0,0,0,0,0,0,0
270017,1,1,0,0,0,0,0,17,0,0,0,0
270018,1,1,0,0,0,0,0,0,0,0,0,0
270018,2,1,0,0,0,0,0,0,0,0,0,0
270019,1,1,0,0,0,0,0,0,0,0,0,0
270020,1,1,0,23,0,0,0,0,0,0,0,0
270020,2,1,0,0,0,0,0,0,0,0,0,0
270021,1,1,0,0,0,0,0,0,0,0,0,0
270021,2,1,0,0,0,0,19,0,0,0,7,13
270022,1,1,0,0,0,0,0,0,0,0,0,0
270023,1,1,0,0,0,0,7,0,0,0,12,0
270024,1,1,0,0,0,0,0,0,0,0,0,0
270024,2,1,0,0,0,0,0,0,0,0,0,0
270026,1,1,0,0,0,0,0,0,0,0,0,0
270026,2,1,0,0,0,0,0,0,0,0,0,0
270027,1,1,0,0,0,0,0,0,0,0,0,0
270027,2,1,0,0,0,0,0,0,0,0,0,0
270028,1,1,0,0,0,0,0,0,0,0,0,0
270028,2,1,0,0,0,0,0,0,0,0,0,0
270028,3,1,0,0,0,0,0,0,0,0,0,0
270029,1,1,0,0,0,0,0,35,0,0,24,0
270029,2,1,0,0,0,0,0,0,0,0,0,0
270030,0,1,19,19,19,19,19,19,19,19,19,19
270030,1,1,0,0,0,0,26,0,0,0,0,0
270031,1,1,0,13,0,0,0,0,0,0,0,0
270032,1,1,0,0,0,0,0,0,0,0,0,0
270032,2,1,0,0,0,0,0,0,0,0,0,0
270033,0,1,24,24,24,24,24,24,24,24,24,24
270033,1,1,0,0,0,0,0,0,0,0,0,0
270034,1,1,22,22,22,22,22,22,22,22,22,22
270035,1,1,0,0,0,0,0,0,0,0,0,0
270036,1,1,0,0,0,0,0,0,0,0,0,0
270036,2,1,0,0,0,0,0,0,0,0,0,0
270038,1,1,0,0,0,0,0,0,0,0,0,0
270038,2,1,0,0,0,0,0,0,0,0,0,0
270039,1,1,0,0,0,0,0,0,0,0,0,0
270039,2,1,0,0,0,0,0,0,0,0,0,0
270040,1,1,0,0,0,0,0,0,0,0,0,0
270040,2,1,0,0,0,0,0,0,0,0,0,0
270041,1,1,0,0,0,0,0,0,0,0,0,0
270041,2,1,0,0,0,0,0,0,0,0,0,0
270042,1,1,0,0,26,0,0,0,0,0,0,0
270042,2,1,0,0,0,0,0,0,0,0,0,0
270043,1,1,0,0,0,0,0,0,0,0,0,0
270044,0,1,0,0,0,0,0,0,0,0,0,0
270044,1,1,0,0,0,0,0,0,0,0,0,0
270045,1,1,5,5,5,5,5,5,5,5,5,5
270045,2,1,0,0,0,0,0,0,0,0,0,0
270046,1,1,0,0,0,0,0,0,0,0,0,0
270046,2,1,0,0,0,0,0,0,0,0,0,0
270047,1,1,0,0,0,0,0,0,0,0,0,0
270048,1,1,0,0,0,0,0,0,0,0,0,0
270048,2,1,0,0,0,0,0,0,0,19,0,0
270049,1,1,0,0,0,0,0,0,0,0,0,0
270049,2,1,0,0,0,0,0,0,0,0,0,0
270051,1,1,0,17,0,0,0,0,0,12,0,0
270052,1,1,0,0,0,0,0,0,0,0,0,0
270052,2,1,0,0,0,0,0,0,0,0,0,11
270053,1,1,0,0,0,0,0,0,0,0,0,0
270053,2,1,0,0,0,0,0,0,0,0,0,0
270054,1,1,0,0,0,0,0,0,0,0,0,0
270054,2,1,0,0,0,0,0,0,0,0,0,0
270055,0,1,19,19,19,19,19,19,19,19,19,19
270055,1,1,0,0,0,0,0,0,0,0,0,0
270056,0,1,22,22,22,22,22,22,22,22,22,22
270056,1,1,0,0,0,0,0,0,0,0,0,0
270057,1,1,0,0,0,0,0,0,0,0,0,0
270057,2,1,0,0,0,0,0,0,0,0,0,0
270058,1,1,0,0,0,0,0,0,0,12,0,0
270058,2,1,10,10,10,10,10,10,10,10,10,10
270059,0,1,0,0,0,0,0,0,0,0,0,0
270059,1,1,0,0,0,0,0,0,0,0,0,0
270060,1,1,0,0,0,0,0,0,0,0,0,0
270061,1,1,0,0,0,0,0,0,0,0,0,0
270061,2,1,0,0,0,0,0,0,0,0,0,0
270062,1,1,0,0,0,0,0,0,0,0,0,20
270062,2,1,26,26,26,26,26,26,26,26,26,26
270063,1,1,0,0,0,0,0,0,0,0,0,0
270063,2,1,0,0,0,0,0,0,0,0,0,0
270063,3,1,0,0,0,0,0,0,0,0,0,0
270063,4,1,0,0,0,0,0,0,0,0,0,0
270064,1,1,14,14,14,14,14,14,14,14,14,14
270064,2,1,0,0,0,0,0,0,0,0,0,0
270065,1,1,0,0,0,0,11,21,0,0,0,0
270065,2,1,0,0,0,0,0,0,0,0,0,0
270065,3,1,0,19,0,0,0,0,0,0,0,0
270066,1,1,0,0,0,0,0,0,0,0,0,0
270067,1,1,19,19,19,19,19,19,19,19,19,19
270068,1,1,8,8,8,8,8,8,8,8,8,8
270069,1,1,0,0,0,0,0,0,0,0,0,0
270069,2,1,0,0,0,0,0,0,0,0,0,0
270070,1,1,0,0,0,0,0,0,0,0,0,0
270071,1,1,9,9,9,9,9,9,9,9,9,9
270072,1,1,0,20,0,0,0,0,0,0,0,0
270072,2,1,0,0,0,0,0,0,0,0,0,0
270072,3,1,0,0,0,0,0,0,0,0,0,0
270073,1,1,0,0,0,0,0,0,0,0,0,0
270073,2,1,0,0,0,0,0,0,0,0,0,0
270074,1,1,24,24,24,24,24,24,24,24,24,24
270076,1,1,0,0,0,0,0,0,0,0,0,0
270076,2,1,0,0,0,0,0,0,0,0,0,0
270077,0,1,15,15,15,15,15,15,15,15,15,15
270077,1,1,0,0,0,0,0,0,0,0,0,0
270078,1,1,20,20,20,20,20,20,20,20,20,20
270079,1,1,0,0,0,0,0,0,0,0,0,0
270080,1,1,0,0,0,0,0,0,0,0,0,0
270080,2,1,0,0,0,0,0,0,0,0,0,0
270081,1,1,0,0,0,0,0,0,0,0,0,0
270081,2,1,0,0,0,0,0,0,0,0,0,0
270083,0,1,0,0,0,0,0,0,0,0,0,0
270083,1,1,0,0,0,0,0,0,0,0,0,0
270084,1,1,5,5,5,5,5,5,5,5,5,5
270084,2,1,0,0,0,0,0,0,0,0,0,0
270085,1,1,5,5,5,5,5,5,5,5,5,5
270086,1,1,0,0,0,0,0,0,0,0,0,0
270086,2,1,0,0,0,0,0,0,0,0,0,0
270087,1,1,0,0,0,0,0,0,0,0,0,0
270087,2,1,0,0,0,0,32,0,0,0,0,0
270088,1,1,0,0,0,0,0,0,0,0,0,0
270088,2,1,0,0,0,0,0,0,0,0,0,0
270089,1,1,0,0,0,0,0,20,0,0,0,0
270089,2,1,0,0,0,0,0,0,0,0,0,0
270090,1,1,17,17,17,17,17,17,17,17,17,17
270091,1,1,17,17,17,17,17,17,17,17,17,17
270092,1,1,18,18,18,18,18,18,18,18,18,18
270093,0,1,0,0,0,0,0,0,0,0,0,0
270093,2,1,0,0,0,0,0,0,0,0,0,0
270093,3,1,0,0,0,0,0,0,0,0,0,19
270095,1,1,13,13,13,13,13,13,13,13,13,13
270096,1,1,0,0,0,0,0,0,0,0,0,0
270096,2,1,3,0,0,0,6,0,0,0,0,0
270097,1,1,0,0,0,0,0,0,0,0,0,0
270097,2,1,0,0,0,0,0,0,0,0,0,0
270098,0,1,0,0,0,0,0,0,0,0,0,0
270098,1,1,0,0,0,0,0,0,0,0,0,0
270099,1,1,0,0,0,0,0,0,0,0,0,0
270100,1,1,0,0,0,0,0,0,0,0,0,0
270101,1,1,0,0,0,0,0,0,0,0,0,0
270101,2,1,0,0,0,0,0,0,0,0,0,5
270102,1,1,0,0,0,0,0,0,0,0,0,0
270102,2,1,0,0,0,0,0,0,15,0,0,0
270103,1,1,18,18,18,18,18,18,18,18,18,18
270104,1,1,0,0,0,0,0,0,0,0,0,0
270104,2,1,0,0,0,0,0,0,0,0,0,0
270105,1,1,7,7,7,7,7,7,7,7,7,7
270105,2,1,10,10,10,10,10,10,10,10,10,10
270106,1,1,0,5,0,0,17,0,0,0,0,0
270106,2,1,0,36,0,0,0,0,0,0,0,0
270107,1,1,0,0,0,0,0,0,0,0,0,0
270108,1,1,17,17,17,17,17,17,17,17,17,17
270109,1,1,0,0,0,0,0,0,0,0,0,0
270109,2,1,0,0,0,0,0,0,0,0,0,0
270110,1,1,24,0,0,13,0,16,0,13,13,19
270110,2,1,1,1,1,1,1,1,1,1,1,1
270111,1,1,0,0,0,0,0,0,0,0,0,0
270111,2,1,0,0,0,0,0,0,0,0,0,0
270112,0,1,0,0,0,0,0,0,0,0,0,0
270112,1,1,0,0,0,0,0,0,6,0,0,0
270113,1,1,22,22,22,22,22,22,22,22,22,22
270114,1,1,21,21,21,21,21,21,21,21,21,21
270115,1,1,22,22,22,22,22,22,22,22,22,22
270116,1,1,0,0,0,0,0,0,0,0,0,0
270117,1,1,0,0,0,0,0,0,0,0,0,0
270117,2,1,0,0,0,0,0,0,0,0,0,0
270118,1,1,0,0,0,0,0,0,0,0,0,0
270118,2,1,0,0,0,10,0,0,0,0,0,0
270119,1,1,0,0,0,0,0,0,0,0,0,0
270119,2,1,0,0,0,0,0,0,0,0,0,0
270120,1,1,0,0,0,0,0,0,0,0,0,0
270120,2,1,0,0,0,0,0,0,0,0,0,0
270121,1,1,0,0,0,0,0,0,0,0,0,0
270121,2,1,0,0,0,0,0,0,0,0,0,0
270122,1,1,0,0,0,0,0,0,0,0,0,0
270122,2,1,0,0,0,19,0,0,0,6,0,0
270123,1,1,0,0,0,0,0,0,0,0,0,0
270124,1,1,0,0,0,0,35,0,0,0,0,0
270124,2,1,0,0,0,0,0,0,0,0,0,0
270125,1,1,0,0,0,0,0,0,0,0,0,0
270125,2,1,0,0,0,0,0,0,0,0,0,0
270125,3,1,0,0,0,0,0,0,0,0,0,0
270125,4,1,0,0,0,0,0,0,0,0,0,0
270126,1,1,8,8,8,8,8,8,8,8,8,8
270127,1,1,21,21,21,21,21,21,21,21,21,21
270127,2,1,0,0,0,0,0,0,0,0,0,0
270128,1,1,0,4,0,0,0,0,0,0,0,0
270128,2,1,0,0,0,0,0,0,0,0,0,0
270129,1,1,0,0,13,0,0,0,0,0,0,20
270129,2,1,0,0,0,0,0,0,0,0,0,0
270130,1,1,0,0,0,0,0,0,0,0,0,0
270130,2,1,0,0,0,0,0,0,0,0,0,0
270131,1,1,15,15,15,15,15,15,15,15,15,15
270131,2,1,18,18,18,18,18,18,18,18,18,18
270132,1,1,0,0,0,0,0,0,0,0,0,0
270132,2,1,5,5,5,5,5,5,5,5,5,5
270133,1,1,0,0,0,0,0,0,0,0,0,0
270134,1,1,0,0,0,0,0,0,0,0,0,0
270134,2,1,0,0,0,0,0,0,0,0,0,0
270135,1,1,0,0,0,0,0,0,0,0,0,0
270136,1,1,0,0,0,0,0,0,0,0,0,0
270137,1,1,0,0,0,9,22,0,0,0,11,0
270137,2,1,0,0,0,0,0,0,0,0,0,0
270138,1,1,22,22,22,22,22,22,22,22,22,22
270138,2,1,0,0,0,0,0,0,0,0,0,0
270139,0,1,0,0,0,0,0,0,0,0,0,0
270139,1,1,25,0,0,0,0,0,0,22,0,0
270140,1,1,0,0,0,0,0,0,31,0,0,0
270140,2,1,0,0,0,0,0,0,0,0,0,0
270141,0,1,0,0,0,0,0,0,0,0,0,0
270141,1,1,0,0,0,0,0,0,0,0,0,0
270142,0,1,0,0,0,0,0,0,0,0,0,29
270142,1,1,0,0,0,0,0,0,0,0,0,0
270143,1,1,9,14,0,20,10,0,11,18,4,9
270143,2,1,0,0,0,0,0,0,0,0,0,0
270144,1,1,0,0,0,0,0,0,0,0,0,0
270144,2,1,0,0,0,0,0,0,0,0,0,0
270145,1,1,0,0,0,0,0,0,0,0,0,0
270145,2,1,0,0,0,0,0,0,0,0,0,0
270146,1,1,0,0,0,0,0,0,0,0,0,0
270146,2,1,0,0,0,0,0,0,0,0,0,0
270147,1,1,16,16,16,16,16,16,16,16,16,16
270148,1,1,0,0,0,0,0,0,0,0,0,0
270149,1,1,0,0,0,0,0,0,0,0,0,0
270149,2,1,0,0,0,0,0,0,0,0,0,0
270151,1,1,21,21,21,21,21,21,21,21,21,21
270152,1,1,0,0,0,0,0,0,0,0,0,0
270152,2,1,0,0,0,0,0,0,0,0,0,0
270153,2,1,0,0,0,0,0,0,0,0,0,0
270153,3,1,0,0,0,0,0,0,0,0,0,0
270154,1,1,0,0,0,0,23,0,0,0,0,0
270154,2,1,0,0,0,0,0,0,0,0,0,0
270155,0,1,29,29,29,29,29,29,29,29,29,29
270155,1,1,0,0,0,0,0,4,10,13,0,0
270156,1,1,10,10,10,10,10,10,10,10,10,10
270157,1,1,0,0,0,0,0,0,0,0,0,0
270158,1,1,0,0,0,0,0,0,0,10,0,0
270158,2,1,1,1,1,1,1,1,1,1,1,1
270159,1,1,1,1,1,1,1,1,1,1,1,1
270160,1,1,0,0,0,0,0,0,0,0,0,0
270161,0,1,27,27,27,27,27,27,27,27,27,27
270161,1,1,4,4,4,4,4,4,4,4,4,4
270162,1,1,0,0,0,0,0,0,0,0,0,0
270162,2,1,0,0,0,0,0,0,0,0,0,0
270163,1,1,0,0,0,0,0,0,0,0,0,0
270163,2,1,0,0,0,0,0,0,0,0,0,0
270163,3,1,0,0,0,0,0,0,0,0,0,0
270164,1,1,25,25,25,25,25,25,25,25,25,25
270165,1,1,0,0,0,0,0,0,0,0,0,0
270166,0,1,19,19,19,19,19,19,19,19,19,19
270166,1,1,0,0,22,0,0,0,0,0,0,0
270167,0,1,11,11,11,11,11,11,11,11,11,11
270167,1,1,0,0,0,0,0,0,0,0,0,0
270168,1,1,27,27,27,27,27,27,27,27,27,27
270169,1,1,0,0,0,0,0,0,0,0,0,0
270169,2,1,0,0,0,0,0,0,0,0,0,0
270169,3,1,0,0,0,0,0,0,17,0,0,0
270169,4,1,0,0,0,0,0,0,0,0,0,0
270170,1,1,0,0,0,0,0,0,0,0,0,0
270170,2,1,0,0,0,0,0,0,0,0,0,0
270170,3,1,0,29,0,0,0,0,0,0,0,0
270171,1,1,0,0,0,0,0,0,0,0,0,0
270171,2,1,0,0,0,0,0,0,0,0,0,0
270172,1,1,0,0,0,0,0,0,0,0,0,0
270173,1,1,0,0,0,0,0,0,0,0,0,0
270174,1,1,0,0,0,0,0,0,0,0,0,0
270174,2,1,0,0,0,0,0,0,0,0,0,0
270175,1,1,0,0,0,0,0,0,0,0,0,0
270175,2,1,0,0,0,0,0,0,0,0,0,0
270176,1,1,0,0,0,0,0,0,0,0,0,0
270176,2,1,0,0,0,0,0,0,0,0,0,0
270176,3,1,0,0,0,0,0,0,0,0,0,0
270176,4,1,0,0,0,0,0,0,0,23,0,0
270176,5,1,0,0,0,0,0,0,0,0,0,0
270176,6,1,0,13,0,0,0,0,0,0,0,0
270177,1,1,0,0,23,0,0,3,0,0,0,0
270178,0,1,0,0,0,0,0,0,0,0,0,0
270178,0,2,0,0,0,0,0,0,0,0,0,0
270178,1,1,0,0,0,0,0,0,0,0,0,0
270179,0,1,20,20,20,20,20,20,20,20,20,20
270179,1,1,0,15,0,0,0,0,0,0,0,7
270180,1,1,7,7,7,7,7,7,7,7,7,7
270180,2,1,14,0,0,0,0,0,0,0,0,0
270181,1,1,0,0,0,0,0,0,0,0,0,0
270181,2,1,0,0,0,0,0,0,0,0,0,0
270182,1,1,9,13,3,22,13,7,0,6,13,0
270182,2,1,0,0,0,0,0,0,0,0,0,0
270183,1,1,0,0,0,0,0,0,0,0,0,0
270183,2,1,0,0,0,0,0,0,0,0,0,0
270184,0,1,22,22,22,22,22,22,22,22,22,22
270184,1,1,0,0,0,0,0,0,0,0,0,0
270185,1,1,27,27,27,27,27,27,27,27,27,27
270185,2,1,0,0,0,0,0,0,0,0,0,0
270186,1,1,0,0,0,0,0,0,0,0,0,0
270186,2,1,0,0,0,0,0,0,0,0,0,0
270187,1,1,11,11,11,11,11,11,11,11,11,11
270188,1,1,0,0,0,0,0,0,0,0,0,0
270188,2,1,0,0,0,0,0,0,0,0,0,0
270189,1,1,0,0,0,0,0,0,0,0,0,0
270189,2,1,0,0,0,0,0,0,0,18,0,0
270190,1,1,0,0,0,0,0,0,0,0,0,0
270190,2,1,0,0,0,0,0,0,0,0,0,0
270191,1,1,0,0,0,0,0,0,0,0,0,0
270192,1,1,0,0,0,0,0,0,0,0,0,0
270193,1,1,0,0,0,0,0,0,0,0,0,0
270193,2,1,0,0,0,0,0,0,0,0,0,0
270194,1,1,0,0,0,0,0,0,0,0,0,0
270195,1,1,0,0,0,0,0,0,0,0,0,0
270195,2,1,0,0,0,0,0,0,0,0,0,0
270195,3,1,0,0,0,0,0,0,0,0,0,0
270195,4,1,0,0,0,0,0,0,0,0,0,0
270196,1,1,16,16,16,16,16,16,16,16,16,16
270197,1,1,12,12,12,12,12,12,12,12,12,12
270198,1,1,20,20,20,20,20,20,20,20,20,20
270199,1,1,0,0,0,0,0,0,0,0,0,0
270199,2,1,0,0,0,0,0,0,0,0,0,0
270200,0,1,0,0,0,0,0,0,0,0,0,0
270200,1,1,0,0,0,0,0,0,0,0,31,0
270201,1,1,0,0,0,0,0,0,0,0,0,0
270201,2,1,0,0,0,0,0,0,0,0,0,0
270202,1,1,0,0,12,0,0,0,0,0,0,12
270203,1,1,0,0,0,0,0,0,0,0,0,0
270203,2,1,0,0,0,0,0,0,0,0,0,24
270203,3,1,0,0,0,0,0,0,0,0,0,0
270204,1,1,0,0,0,0,0,0,0,0,0,0
270204,2,1,0,0,0,0,0,0,0,0,0,0
270205,1,1,24,24,24,24,24,24,24,24,24,24
270206,1,1,16,16,16,16,16,16,16,16,16,16
270207,1,1,12,12,12,12,12,12,12,12,12,12
270208,1,1,0,0,0,0,0,0,0,0,0,0
270208,2,1,0,0,0,0,0,0,0,0,0,0
270209,1,1,0,0,0,0,0,0,0,0,0,0
270210,1,1,16,16,16,16,16,16,16,16,16,16
270211,1,1,0,0,0,0,0,0,0,0,0,0