ST_CASE,VEH_NO,PER_NO,P1,P2,P3,P4,P5,P6,P7,P8,P9,P10
280193,1,1,0,0,0,0,0,0,0,0,0,0
280193,2,1,0,0,0,0,0,0,0,0,0,0
280194,1,1,0,0,0,0,0,0,0,0,0,0
280195,1,1,28,0,0,0,0,0,0,0,0,0
280195,2,1,0,0,0,0,0,0,0,0,0,0
280196,1,1,0,0,0,0,0,0,0,0,0,0
280196,2,1,0,0,0,0,0,0,0,0,0,0
280197,1,1,0,0,0,0,0,0,0,0,0,0
280197,2,1,0,0,0,0,0,0,0,0,0,0
280198,1,1,0,0,0,0,0,0,0,0,0,0
280199,1,1,10,10,10,10,10,10,10,10,10,10
280199,2,1,0,0,0,0,0,0,0,0,0,0
280200,1,1,20,20,20,20,20,20,20,20,20,20
280201,1,1,0,0,0,29,0,0,24,0,0,18
280202,1,1,0,0,0,0,0,0,0,0,0,0
280203,1,1,0,0,23,0,12,0,17,0,0,0
280204,0,1,23,23,23,23,23,23,23,23,23,23
280204,1,1,0,0,0,0,0,0,0,0,0,0
280205,1,1,0,0,0,0,12,0,0,0,0,0
280205,2,1,0,32,10,19,0,33,0,0,0,0
280206,1,1,0,23,31,23,20,16,29,16,11,3
280207,0,1,0,0,0,0,0,11,6,0,22,0
280207,1,1,0,0,0,0,0,0,0,0,0,0
280207,2,1,0,0,0,0,0,0,0,0,0,0
280208,1,1,0,0,0,0,0,0,0,0,0,0
280208,2,1,0,0,0,0,0,0,0,0,0,0
280209,1,1,18,18,18,18,18,18,18,18,18,18
280209,2,1,0,0,0,0,0,0,0,0,0,0
280210,1,1,25,25,25,25,25,25,25,25,25,25
280211,1,1,0,0,0,0,0,0,0,0,0,0
280212,0,1,0,0,0,0,0,0,0,0,0,0
280212,1,1,0,0,0,0,0,0,0,0,0,0
280213,1,1,0,0,0,0,0,0,0,0,0,0
280214,1,1,13,13,13,13,13,13,13,13,13,13
280215,0,1,0,26,0,13,10,0,0,0,0,10
280215,1,1,0,0,0,0,0,0,0,0,0,0
280216,1,1,0,0,0,0,0,0,0,0,0,0
280216,2,1,0,0,0,0,0,0,0,0,0,0
280217,1,1,0,0,0,15,0,0,0,0,0,0
280217,2,1,0,0,0,0,0,0,0,0,0,0
280217,3,1,0,0,0,0,0,0,0,0,0,0
280218,1,1,0,0,8,15,0,0,0,0,0,10
280219,1,1,19,19,19,19,19,19,19,19,19,19
280220,1,1,23,9,0,4,17,0,22,12,25,0
280221,1,1,0,0,0,0,0,0,0,0,0,0
280222,1,1,1,1,1,1,1,1,1,1,1,1
280222,2,1,0,0,0,0,0,0,0,0,0,0
280223,1,1,0,0,0,0,0,0,0,0,0,0
280223,2,1,0,0,0,0,0,0,0,31,0,0
280224,1,1,0,0,0,0,0,0,0,0,0,0
280225,1,1,0,0,0,0,0,0,0,0,0,0
280225,2,1,0,0,0,0,0,0,0,0,0,0
280226,1,1,0,0,0,0,0,0,0,0,0,0
280227,1,1,0,0,0,0,0,0,0,0,0,0
280227,2,1,0,0,0,0,0,0,0,0,0,0
280228,1,1,0,0,0,0,0,0,0,0,0,0
280229,1,1,14,14,14,14,14,14,14,14,14,14
280230,1,1,0,0,0,0,0,0,0,0,0,0
280230,2,1,0,0,0,0,0,0,13,0,0,0
280231,1,1,0,0,0,0,0,0,0,0,0,0
280231,2,1,0,0,0,0,0,0,0,0,0,0
280232,1,1,0,0,0,0,0,0,0,0,0,0
280233,1,1,0,12,0,0,0,0,0,0,0,0
280233,2,1,0,0,0,0,0,0,0,0,0,0
280234,1,1,24,24,24,24,24,24,24,24,24,24
280235,1,1,18,0,11,5,17,17,20,29,11,0
280236,1,1,0,0,26,0,21,0,0,0,0,41
280237,1,1,0,0,0,0,0,0,0,0,0,0
280237,2,1,0,0,0,0,0,0,0,0,0,0
280238,1,1,0,0,0,0,0,0,0,0,0,0
280239,1,1,25,0,0,16,0,0,0,12,19,21
280240,1,1,0,0,0,0,0,0,0,0,0,0
280240,2,1,0,0,0,0,0,0,0,0,0,0
280241,1,1,27,0,0,0,16,19,0,0,0,0
280242,0,1,0,0,0,0,0,0,0,0,0,0
280242,1,1,11,0,0,0,0,0,0,0,0,0
280244,1,1,0,0,0,0,0,0,0,0,0,0
280245,1,1,23,0,0,26,0,0,0,19,0,18
280246,1,1,0,0,0,0,0,0,0,12,0,0
280246,2,1,0,0,0,0,0,0,0,0,0,0
280247,1,1,1,1,1,1,1,1,1,1,1,1
280247,2,1,0,0,0,0,0,0,0,0,0,0
280248,1,1,0,0,0,0,0,0,0,0,0,0
280248,2,1,0,0,0,0,0,0,0,0,0,0
280249,1,1,0,0,0,0,0,0,0,0,0,0
280250,1,1,0,0,0,0,0,0,0,0,0,0
280250,2,1,5,5,5,5,5,5,5,5,5,5
280251,1,1,0,0,0,0,0,0,0,0,0,0
280251,2,1,0,0,0,0,0,0,0,0,0,0
280252,1,1,0,0,0,0,0,0,0,0,0,0
280252,2,1,0,0,0,0,0,0,0,0,7,9
280253,1,1,0,0,0,0,0,0,0,0,0,0
280253,2,1,1,1,1,1,1,1,1,1,1,1
280254,1,1,19,0,0,0,0,0,0,0,0,0
280254,2,1,13,0,0,0,0,0,0,0,0,0
280254,3,1,0,0,0,0,0,0,0,0,0,0
280254,4,1,0,0,0,0,0,0,0,0,0,0
280255,1,1,0,0,0,0,0,0,0,0,0,0
280256,1,1,0,0,0,0,0,0,0,0,0,0
280256,2,1,0,0,0,0,0,0,0,0,0,0
280257,1,1,15,15,15,15,15,15,15,15,15,15
280258,0,1,0,0,0,0,0,0,0,0,0,0
280258,1,1,0,0,0,0,0,11,0,0,0,0
280258,2,1,0,0,0,0,0,0,0,0,0,0
280259,1,1,0,0,0,0,0,0,0,0,23,0
280260,1,1,0,0,0,0,4,5,0,23,0,10
280261,1,1,0,0,0,0,0,0,0,0,0,0
280261,2,1,0,0,0,0,0,0,0,0,0,0
280262,1,1,0,0,0,0,0,0,0,0,0,0
280262,2,1,0,0,0,0,0,0,0,0,0,0
280264,1,1,0,0,0,0,0,0,0,0,0,0
280264,2,1,0,0,0,0,0,0,0,0,0,0
280265,1,1,0,0,0,0,0,0,0,0,0,0
280266,1,1,0,0,0,0,0,0,0,0,0,0
280267,0,1,0,21,0,0,0,7,30,24,12,23
280267,1,1,0,0,0,0,0,0,9,16,16,8
280268,1,1,0,0,0,0,0,0,0,0,0,0
280269,0,1,14,14,14,14,14,14,14,14,14,14
280269,1,1,0,0,0,0,17,0,0,0,0,0
280270,1,1,0,0,0,0,0,0,0,0,0,0
280270,2,1,0,0,0,0,0,0,0,0,0,0
280271,0,1,34,34,34,34,34,34,34,34,34,34
280271,1,1,0,0,0,0,0,18,0,0,0,15
280272,1,1,0,0,0,0,0,0,0,0,0,0
280272,2,1,11,11,11,11,11,11,11,11,11,11
280273,1,1,23,23,23,23,23,23,23,23,23,23
280274,0,1,26,26,26,26,26,26,26,26,26,26
280274,1,1,22,22,22,22,22,22,22,22,22,22
280275,1,1,0,0,0,0,0,0,0,0,0,0
280275,2,1,0,0,0,0,0,0,0,0,16,0
280276,1,1,28,0,18,0,0,0,13,0,0,0
280277,1,1,0,0,0,0,0,0,0,10,0,0
280278,1,1,15,15,15,15,15,15,15,15,15,15
280279,1,1,0,0,0,0,0,0,0,0,0,0
280279,2,1,0,0,0,0,0,21,0,0,0,0
280280,1,1,20,0,0,0,0,0,6,13,18,0
280281,1,1,0,0,0,0,0,0,0,0,0,0
280282,1,1,15,15,15,15,15,15,15,15,15,15
280283,1,1,0,0,0,0,0,0,0,6,0,0
280283,2,1,0,0,0,0,0,0,0,0,0,0
280284,1,1,0,0,10,16,11,0,0,10,0,13
280286,1,1,2,0,12,0,0,0,12,0,5,0
280287,1,1,0,0,0,0,0,0,0,0,0,0
280288,1,1,0,0,0,0,0,0,0,0,0,0
280289,1,1,0,30,0,17,0,0,0,0,17,11
280290,1,1,0,0,0,0,0,0,0,0,0,0
280290,2,1,12,12,12,12,12,12,12,12,12,12
280291,0,1,0,42,2,0,29,28,0,0,8,23
280291,1,1,0,0,0,0,0,0,0,0,0,0
280292,0,1,0,0,0,0,0,0,0,0,0,0
280292,0,2,6,0,0,0,0,32,0,0,0,2
280292,1,1,18,0,0,0,0,0,0,0,0,0
280292,2,1,0,0,0,0,0,0,0,0,0,0
280293,1,1,29,29,29,29,29,29,29,29,29,29
280294,1,1,0,0,0,0,0,0,0,0,0,0
280295,1,1,6,6,6,6,6,6,6,6,6,6
280296,1,1,23,23,23,23,23,23,23,23,23,23
280297,1,1,0,0,0,0,0,0,0,0,0,0
280297,2,1,0,0,0,0,0,0,0,0,0,0
280298,1,1,29,29,29,29,29,29,29,29,29,29
280299,1,1,0,10,0,0,17,17,0,0,10,24
280300,1,1,0,0,0,0,0,0,0,0,0,0
280301,1,1,14,14,14,14,14,14,14,14,14,14
280302,1,1,0,0,0,0,0,0,0,0,0,0
280302,2,1,0,0,0,0,0,0,0,0,18,0
280303,1,1,19,19,19,19,19,19,19,19,19,19
280304,0,1,0,0,0,0,0,0,0,0,0,0
280304,1,1,0,0,0,0,0,0,0,0,0,20
280305,1,1,26,26,26,26,26,26,26,26,26,26
280306,1,1,21,21,21,21,21,21,21,21,21,21
280307,1,1,0,0,0,0,0,0,0,0,0,0
280307,2,1,0,0,0,0,0,0,0,0,0,0
280308,0,1,14,0,0,0,0,11,0,0,0,0
280308,1,1,16,0,0,0,0,0,0,0,0,0
280308,2,1,0,0,0,0,0,0,0,0,0,0
280309,1,1,21,25,0,0,0,0,0,0,0,28
280310,1,1,0,0,0,0,0,0,0,0,0,0
280311,1,1,0,0,0,0,5,0,0,0,0,0
280312,1,1,0,0,0,0,0,0,0,0,0,0
280312,2,1,1,1,1,1,1,1,1,1,1,1
280313,0,1,23,23,23,23,23,23,23,23,23,23
280313,1,1,0,0,0,0,19,0,0,0,0,0
280314,0,1,12,0,0,0,10,15,0,0,0,23
280314,1,1,44,0,0,0,0,0,0,9,0,0
280315,1,1,13,13,13,13,13,13,13,13,13,13
280316,0,1,0,0,0,0,0,0,0,0,0,0
280316,1,1,0,0,0,0,0,0,0,0,0,0
280317,0,1,14,14,14,14,14,14,14,14,14,14
280317,1,1,0,0,0,0,0,0,19,0,0,0
280318,1,1,0,33,0,0,0,0,0,0,0,0
280319,1,1,18,0,13,0,0,0,0,0,0,34
280320,1,1,0,0,0,0,0,0,0,0,0,0
280321,1,1,42,0,32,20,0,6,16,20,0,0
280322,0,1,0,0,0,0,0,8,0,12,0,11
280322,1,1,0,0,0,0,16,0,0,3,0,0
280323,1,1,0,0,0,0,17,0,0,0,0,0
280323,2,1,0,0,0,0,0,0,0,0,0,0
280324,1,1,13,0,15,20,0,24,0,0,0,12
280325,1,1,0,0,0,0,0,0,0,0,0,0
280325,2,1,0,0,0,0,0,0,0,0,0,0
280326,1,1,0,0,0,0,0,0,0,0,0,11
280326,2,1,0,0,0,0,0,0,0,0,0,0
280328,1,1,0,0,0,0,0,0,0,0,0,0
280328,2,1,0,0,0,0,0,0,0,0,0,0
280329,1,1,0,0,0,0,0,0,0,0,0,0
280329,2,1,0,0,0,0,0,0,0,0,0,0
280330,1,1,0,0,0,0,0,0,0,0,14,0
280330,2,1,0,0,0,23,8,0,0,0,0,0
280331,1,1,0,0,0,0,0,0,0,0,0,0
280332,1,1,0,0,0,0,0,0,0,0,0,0
280333,1,1,0,0,0,0,0,0,0,0,0,0
280334,0,1,0,0,0,0,0,0,0,5,0,0
280334,1,1,0,0,0,0,0,0,0,0,0,23
280335,1,1,7,0,0,0,5,6,0,0,0,0
280335,2,1,2,0,0,13,18,16,8,0,14,7
280336,0,1,0,0,0,0,0,0,0,0,0,0
280336,1,1,10,10,10,10,10,10,10,10,10,10
280337,1,1,14,14,14,14,14,14,14,14,14,14
280338,0,1,0,0,0,0,0,0,0,0,0,0
280338,1,1,0,0,0,0,0,0,0,0,0,0
280339,1,1,19,0,0,0,0,0,0,15,0,0
280339,2,1,0,0,0,0,0,0,0,0,0,0
280340,1,1,0,0,0,0,0,0,0,0,0,0
280341,1,1,0,0,0,19,0,0,0,22,0,0
280341,2,1,0,0,0,0,0,0,0,0,0,0
280342,1,1,12,0,0,0,0,0,0,0,0,0
280342,2,1,0,0,0,0,0,0,0,0,0,0
280343,1,1,0,0,0,0,0,0,0,0,0,0
280343,2,1,0,0,0,0,0,0,0,0,0,0
280344,1,1,0,0,0,0,0,0,0,0,0,0
280345,1,1,0,0,0,0,0,0,0,0,0,0
280345,2,1,29,0,0,0,0,0,0,0,0,0
280346,1,1,0,0,0,0,0,0,17,0,0,0
280346,2,1,22,22,22,22,22,22,22,22,22,22
280346,3,1,0,0,0,0,0,0,23,0,0,0
280347,1,1,0,0,0,0,0,0,0,0,0,0
280348,1,1,0,0,0,0,0,0,0,0,0,0
280348,2,1,0,0,0,0,0,0,0,0,0,0
280349,1,1,0,0,0,0,17,11,0,0,0,0
280350,1,1,0,0,0,0,0,0,0,0,0,0
280350,2,1,0,3,22,22,0,0,10,12,0,0
280351,0,1,0,0,0,0,0,0,0,0,0,0
280351,1,1,0,0,0,0,0,0,0,0,0,0
280352,1,1,0,0,0,0,0,0,0,0,0,0
280352,2,1,0,0,0,0,0,0,0,0,0,0
280353,1,1,0,0,0,0,0,0,0,0,0,0
280354,1,1,0,0,0,0,0,0,0,0,0,0
280355,1,1,0,0,0,0,0,20,0,0,0,0
280355,2,1,0,0,0,0,0,0,0,0,0,0
280356,1,1,13,13,13,13,13,13,13,13,13,13
280357,1,1,10,11,16,0,0,20,13,12,16,13
280358,1,1,0,0,0,0,0,0,0,0,0,0
280358,2,1,0,0,0,0,0,0,0,0,0,0
280359,1,1,16,16,12,0,10,0,0,17,0,0
280360,2,1,0,0,0,0,0,0,0,0,0,0
280361,0,1,28,7,0,10,0,12,0,0,0,12
280361,1,1,0,0,0,0,0,0,0,0,0,0
280362,1,1,0,0,0,0,0,0,0,0,0,0
280363,1,1,1,1,1,1,1,1,1,1,1,1
280364,1,1,0,0,0,0,0,0,0,0,0,3
280365,1,1,0,0,0,0,0,0,0,0,0,0
280365,2,1,0,0,0,0,0,0,0,0,0,0
280366,1,1,0,0,0,0,0,0,0,0,0,0
280366,2,1,26,0,0,0,0,0,0,0,0,0
280367,0,1,0,0,0,0,0,0,0,0,0,0
280367,1,1,0,0,0,0,0,17,15,0,0,0
280368,1,1,18,18,18,18,18,18,18,18,18,18
280369,1,1,0,0,0,0,0,0,0,0,0,0
280369,2,1,0,0,0,0,0,0,0,0,0,0
280370,1,1,0,0,0,0,0,0,0,0,0,0
280370,2,1,0,0,0,0,0,0,0,0,0,0
280370,3,1,0,0,0,0,0,0,0,0,0,0
280371,1,1,13,13,13,13,13,13,13,13,13,13
280372,1,1,0,0,0,0,0,0,0,0,8,0
280373,1,1,0,0,0,0,0,0,0,0,0,0
280373,2,1,0,0,0,0,0,0,0,0,0,0
280374,1,1,0,0,0,0,0,0,0,0,0,0
280375,1,1,0,0,0,0,0,0,0,0,0,0
280375,2,1,0,0,0,19,0,0,14,0,0,0
280376,0,1,17,27,27,25,18,47,22,8,18,10
280376,1,1,5,0,0,0,0,0,0,0,0,0
280377,1,1,20,0,0,25,0,0,0,0,0,0
280378,1,1,0,0,0,0,0,0,0,0,0,0
280379,0,1,24,24,24,24,24,24,24,24,24,24
280379,1,1,0,0,0,0,0,0,0,0,0,0
280380,1,1,0,0,0,0,0,0,0,0,11,0
280380,2,1,0,0,0,0,0,16,0,0,0,0
280381,1,1,28,20,23,22,0,32,0,0,0,0
280382,1,1,0,0,0,0,8,0,11,0,0,0
280383,1,1,0,0,0,0,0,0,0,0,0,0
280383,2,1,0,0,0,0,0,0,0,0,0,0
280384,1,1,0,0,0,0,0,0,0,0,0,0
280384,2,1,0,0,0,0,0,0,0,0,0,0
280385,1,1,0,0,0,0,0,0,0,0,0,0
280386,1,1,0,0,0,0,0,0,0,0,0,0
280387,1,1,0,0,0,0,0,0,0,0,0,0
280387,2,1,0,0,0,0,0,0,0,0,0,0
280388,1,1,27,27,27,27,27,27,27,27,27,27
280389,1,1,1,1,1,1,1,1,1,1,1,1
280390,1,1,0,0,0,0,0,0,0,0,0,0
280390,2,1,0,0,0,0,0,0,0,0,0,0
280391,1,1,0,0,0,0,0,0,0,0,0,0
280392,1,1,17,0,13,0,16,0,6,14,16,0
280393,1,1,0,0,0,0,0,0,0,0,0,0
280394,1,1,7,0,0,16,0,10,0,21,0,0
280395,0,1,0,0,0,0,0,0,0,0,0,0
280395,1,1,0,0,0,20,0,0,4,0,0,8
280396,1,1,24,24,24,24,24,24,24,24,24,24
280397,1,1,0,0,0,0,0,0,0,0,0,0
280397,2,1,0,0,0,0,0,0,0,0,0,0
280398,1,1,0,0,0,0,0,0,0,0,0,0
280398,2,1,0,0,0,0,0,0,0,0,0,0
280399,1,1,0,0,0,0,0,0,0,0,0,0
280399,2,1,0,0,0,0,0,0,0,0,15,0
280400,1,1,0,0,0,0,0,0,0,0,0,0
280400,2,1,0,0,0,0,0,0,0,0,0,0
280401,1,1,14,14,14,14,14,14,14,14,14,14
280402,1,1,0,24,0,0,0,0,0,0,0,0
280402,2,1,0,0,0,0,0,0,0,0,0,0
280403,1,1,0,0,0,0,0,0,0,0,0,0
280404,1,1,0,0,0,0,0,0,0,0,0,0
280406,1,1,0,0,0,0,0,0,0,0,0,0
280407,1,1,0,0,0,0,0,0,0,0,0,0
280407,2,1,0,0,0,0,0,0,0,0,0,0
280408,1,1,31,31,31,31,31,31,31,31,31,31
280408,2,1,0,31,0,0,0,0,0,0,23,0
280409,1,1,0,0,0,0,0,0,0,0,0,0
280409,2,1,0,0,0,0,0,0,0,0,0,0
280410,1,1,0,0,0,0,0,0,0,0,0,0
280410,2,1,0,0,0,0,0,0,0,0,0,0
280410,3,1,0,0,6,4,0,0,0,8,0,0
280411,1,1,0,0,0,10,0,0,0,0,0,0
280411,2,1,0,0,0,0,0,0,0,0,0,0
280412,1,1,0,0,0,0,0,0,0,0,0,0
280413,1,1,0,0,0,0,0,0,0,0,0,0
280413,2,1,0,0,0,0,0,0,0,0,0,0
280414,1,1,0,0,0,0,0,0,0,0,0,0
280414,2,1,24,24,24,24,24,24,24,24,24,24
280415,1,1,0,0,0,0,0,0,0,0,0,0
280416,1,1,0,0,0,0,0,0,0,0,0,0
280416,2,1,0,0,0,0,0,0,0,0,0,0
280417,1,1,0,0,0,0,0,0,0,0,0,0
280417,2,1,0,0,0,0,0,0,0,0,0,0
280418,1,1,0,0,0,0,0,0,0,0,0,0
280419,0,1,0,0,0,0,0,0,0,0,22,0
280419,1,1,0,0,0,0,0,0,0,0,0,0
280420,1,1,0,14,0,0,0,10,0,0,0,0
280421,1,1,0,0,0,0,0,0,0,0,0,0
280422,1,1,25,25,25,25,25,25,25,25,25,25
280423,1,1,0,0,0,0,0,0,0,0,0,0
280423,2,1,0,0,0,0,0,0,0,0,0,0
280424,1,1,0,0,0,0,0,0,0,0,0,0
280424,2,1,0,0,0,0,0,0,0,0,0,0
280425,1,1,0,0,0,0,0,0,0,0,0,0
280425,2,1,0,0,0,0,0,0,0,0,0,0
280426,1,1,0,0,0,0,0,0,0,7,0,0
280426,2,1,0,0,0,0,0,0,0,0,0,0
280427,1,1,0,0,0,0,0,0,0,0,0,0
280428,1,1,0,0,0,0,0,0,0,0,0,0
280428,2,1,0,0,0,0,0,0,0,0,0,0
280429,1,1,25,25,25,25,25,25,25,25,25,25
280430,1,1,0,0,0,0,0,0,0,0,0,0
280430,2,1,7,7,7,7,7,7,7,7,7,7
280431,1,1,0,0,0,0,0,0,0,0,0,0
280431,2,1,0,0,0,0,0,0,0,0,0,31
280432,1,1,20,20,20,20,20,20,20,20,20,20
280433,1,1,0,0,0,0,0,0,0,0,0,0
280433,2,1,0,0,7,4,0,0,0,0,0,0
280434,1,1,0,0,0,0,0,0,0,0,0,0
280434,2,1,24,24,24,24,24,24,24,24,24,24
280435,0,1,23,0,32,0,6,0,0,0,0,0
280435,1,1,0,0,0,0,0,0,15,0,0,0
280436,0,1,0,0,0,0,0,0,0,0,0,0
280436,1,1,0,0,0,0,0,0,0,0,0,0
280437,1,1,0,0,0,0,0,0,0,0,0,0
280437,2,1,0,0,0,0,0,0,0,0,0,0
280438,1,1,40,40,40,40,40,40,40,40,40,40
280439,1,1,0,0,0,0,0,0,0,0,0,0
280439,2,1,0,0,0,0,0,0,0,0,0,0
280440,1,1,0,0,0,0,0,0,0,0,0,0
280440,2,1,0,0,0,0,0,0,0,0,0,0
280441,1,1,0,0,0,0,0,30,0,25,0,0
280442,1,1,0,0,0,0,0,0,0,0,0,0
280442,2,1,0,0,11,0,0,4,3,0,12,0
280443,1,1,0,0,0,0,0,9,0,0,0,0
280443,2,1,0,0,0,0,0,0,0,0,0,0
280444,1,1,0,0,0,0,0,0,0,0,0,0
280444,2,1,0,0,0,0,0,0,0,0,0,0
280444,3,1,0,0,0,0,0,0,0,0,0,0
280445,1,1,0,0,0,0,0,0,0,0,0,0
280445,2,1,0,0,0,0,0,0,0,0,0,0
280445,3,1,0,0,0,0,0,0,0,0,0,0
280445,4,1,0,0,0,0,0,0,0,0,0,0
280445,5,1,0,0,0,0,0,0,0,0,0,0
280446,1,1,26,0,26,0,0,0,0,0,0,0
280446,2,1,0,0,0,0,0,0,0,0,4,0
280449,0,1,0,0,0,0,0,0,0,0,0,0
280449,1,1,0,0,0,0,0,0,0,0,0,0
280450,1,1,2,2,2,2,2,2,2,2,2,2
280451,1,1,0,0,0,0,0,0,0,0,0,0
280451,2,1,18,18,18,18,18,18,18,18,18,18
280452,1,1,0,0,0,0,0,0,0,0,0,0
280453,1,1,7,7,7,7,7,7,7,7,7,7
280454,1,1,14,0,19,0,0,0,0,0,0,0
280455,1,1,13,13,13,13,13,13,13,13,13,13
280456,1,1,0,0,0,0,0,0,0,0,0,0
280456,2,1,0,0,0,0,0,0,0,0,0,0
280456,3,1,0,0,0,0,0,0,0,0,0,0
280457,1,1,0,0,0,0,0,0,0,0,0,0
280458,1,1,17,17,17,17,17,17,17,17,17,17
280459,0,1,0,15,0,0,22,0,13,0,0,0
280459,1,1,27,27,27,27,27,27,27,27,27,27
280460,1,1,38,18,27,6,27,22,13,23,14,31
280461,1,1,13,13,13,13,13,13,13,13,13,13
280462,1,1,0,0,0,0,0,0,0,0,0,0
280462,2,1,12,0,0,0,0,0,0,0,0,0
280463,1,1,0,0,0,0,0,0,0,0,0,0
280463,2,1,0,0,0,0,0,0,0,0,0,0
280464,1,1,0,0,0,0,0,0,0,0,0,0
280465,0,1,0,0,0,0,0,0,0,0,0,0
280465,1,1,0,0,0,0,0,0,0,0,0,0
280465,2,1,0,0,0,0,0,0,0,0,0,0
280466,1,1,0,0,0,0,0,0,0,0,0,0
280466,2,1,0,0,0,0,0,0,0,0,0,0
280467,1,1,24,24,24,24,24,24,24,24,24,24
280467,2,1,0,0,0,0,0,0,0,0,0,0
280469,1,1,0,0,0,0,0,0,0,0,0,0
280469,2,1,0,0,0,0,0,0,0,0,0,0
280470,1,1,0,0,0,0,0,0,0,0,0,0
280470,2,1,0,0,0,0,0,0,0,0,0,0
280471,1,1,15,15,15,15,15,15,15,15,15,15
280471,2,1,14,0,0,0,0,0,0,0,0,0
280471,3,1,0,0,0,0,0,0,0,0,0,0
280472,1,1,13,13,13,13,13,13,13,13,13,13
280473,0,1,0,0,0,0,0,0,0,7,0,0
280473,1,1,19,0,0,26,0,0,0,0,0,0
280474,1,1,0,0,0,0,0,0,0,0,0,0
280475,1,1,0,0,21,0,0,10,0,0,0,0
280475,2,1,28,28,28,28,28,28,28,28,28,28
280476,0,1,17,7,26,12,0,0,0,14,0,31
280476,1,1,11,0,10,0,0,17,0,0,0,0
280477,1,1,0,0,0,0,8,0,0,13,20,0
280477,2,1,0,0,0,0,0,0,0,0,0,0
280478,0,1,0,0,0,0,0,0,0,0,0,0
280478,1,1,0,5,0,0,0,0,0,0,0,0
280479,1,1,0,0,0,0,0,0,0,0,0,0
280480,1,1,0,0,0,0,0,0,0,0,0,0
280480,2,1,0,0,0,0,0,0,0,0,0,0
280480,3,1,0,0,0,0,0,0,0,0,0,0
280481,1,1,16,16,16,16,16,16,16,16,16,16
280481,2,1,0,0,0,0,0,0,0,0,0,0
280482,1,1,0,0,0,12,0,0,0,0,0,0
280482,2,1,0,0,0,0,0,0,0,0,0,0
280483,1,1,0,0,0,0,0,0,0,0,0,0
280483,2,1,0,0,0,0,0,0,0,0,0,0
280483,3,1,0,0,0,0,0,0,0,0,0,0
280484,1,1,0,0,0,5,0,0,0,0,10,0
280484,2,1,0,0,0,0,0,0,0,0,0,0
280484,3,1,4,0,0,0,0,0,11,0,0,0
280484,4,1,0,0,0,0,15,0,10,0,15,0
280484,5,1,0,0,0,0,0,0,0,0,0,0
280484,6,1,0,0,0,0,0,0,0,0,0,0
280484,7,1,3,0,0,0,0,0,0,0,0,0
280484,8,1,0,14,10,20,0,0,0,0,5,0
280484,9,1,0,0,0,0,0,0,0,0,0,0
280485,1,1,0,0,0,0,0,0,0,0,0,0
280485,2,1,0,0,0,0,0,0,0,0,0,0
280486,1,1,24,24,24,24,24,24,24,24,24,24
280487,1,1,8,0,0,0,0,0,0,0,0,0
280487,2,1,33,33,33,33,33,33,33,33,33,33
280488,1,1,0,0,0,0,0,0,0,0,15,0
280488,2,1,0,17,0,0,0,0,0,0,0,0
280489,1,1,0,0,13,0,0,0,0,0,0,0
280490,1,1,0,0,0,0,0,0,0,0,0,0
280490,2,1,0,0,0,0,0,0,0,0,0,0
280491,0,1,11,0,0,0,0,20,0,22,27,49
280491,1,1,0,0,0,0,0,0,0,0,0,0
280492,1,1,0,0,0,0,0,0,0,0,0,0
280493,1,1,0,0,0,0,0,0,0,25,0,0
280493,2,1,0,0,0,0,0,0,0,0,0,0
280494,1,1,0,0,0,0,0,0,13,0,0,0
280494,2,1,0,0,0,0,0,17,0,0,0,0
280495,1,1,20,22,0,0,15,13,0,0,0,18
280496,1,1,0,0,0,0,0,0,23,0,0,0
280497,0,1,0,0,0,0,0,0,0,6,0,0
280498,1,1,0,0,0,0,0,0,0,0,0,0
280499,1,1,15,0,14,24,14,26,0,0,0,0
280500,1,1,0,0,0,0,0,0,0,0,0,0
280500,2,1,0,0,0,0,0,0,0,0,0,0
280501,1,1,0,0,0,21,0,0,0,0,0,0
280502,1,1,0,0,0,0,0,0,0,0,0,0
280503,1,1,12,12,12,12,12,12,12,12,12,12
280504,1,1,13,13,13,13,13,13,13,13,13,13
280505,1,1,0,0,0,0,0,0,0,0,0,0
280506,0,1,0,0,0,0,0,0,0,0,0,0
280506,1,1,0,0,0,0,0,0,0,0,0,0
280507,1,1,0,0,0,0,0,0,0,0,0,0
280507,2,1,0,0,15,0,0,0,0,0,0,0
280508,1,1,0,0,0,0,0,0,0,0,0,0
280508,2,1,0,0,0,0,0,0,0,0,0,0
280508,3,1,0,0,0,0,0,0,0,0,0,0
280509,0,1,11,11,11,11,11,11,11,11,11,11
280509,1,1,13,0,0,15,0,7,14,0,0,0
280510,1,1,0,0,0,0,0,0,0,0,0,0
280510,2,1,0,0,0,0,0,0,0,0,0,0
280511,1,1,13,13,13,13,13,13,13,13,13,13
280512,0,1,0,0,0,0,0,39,0,0,0,0
280512,1,1,0,0,0,0,0,0,0,0,0,0
280513,1,1,0,27,30,0,0,0,0,0,0,0
280514,1,1,5,5,5,5,5,5,5,5,5,5
280515,1,1,0,0,0,0,0,0,0,0,26,6