ST_CASE,VEH_NO,PER_NO,P1,P2,P3,P4,P5,P6,P7,P8,P9,P10
290234,1,1,0,0,0,0,0,0,0,0,0,0
290235,0,1,0,0,0,0,0,0,0,0,0,0
290235,1,1,0,0,0,0,0,0,0,0,0,0
290236,1,1,12,12,12,12,12,12,12,12,12,12
290237,1,1,15,15,15,15,15,15,15,15,15,15
290238,0,1,0,0,0,0,0,0,0,0,0,0
290238,1,1,0,0,0,0,0,0,0,0,0,0
290239,1,1,0,0,0,0,0,0,0,0,0,0
290239,2,1,17,0,0,0,0,0,0,5,0,0
290240,1,1,11,11,11,11,11,11,11,11,11,11
290241,1,1,0,0,0,23,0,0,0,0,0,0
290241,2,1,0,0,0,18,0,0,0,0,0,0
290242,1,1,0,0,0,0,0,0,0,0,27,0
290242,2,1,0,0,0,0,0,0,0,0,0,0
290243,0,1,0,0,0,0,0,0,0,0,0,0
290243,1,1,2,0,0,0,0,3,13,0,11,0
290245,1,1,0,0,0,0,0,0,0,0,0,0
290246,0,1,0,0,0,0,0,0,0,0,0,0
290246,1,1,0,0,0,0,0,0,0,0,0,0
290247,1,1,0,31,9,0,25,0,21,0,21,3
290248,1,1,0,0,0,0,0,0,0,0,0,0
290248,2,1,0,0,0,0,0,0,0,0,0,0
290249,1,1,0,0,0,0,0,0,0,0,0,0
290249,2,1,0,0,0,0,0,0,0,0,0,0
290250,1,1,26,26,26,26,26,26,26,26,26,26
290250,2,1,0,0,0,0,0,0,0,0,0,0
290251,1,1,0,0,0,0,0,0,0,0,0,0
290252,1,1,15,15,15,15,15,15,15,15,15,15
290253,1,1,22,22,22,22,22,22,22,22,22,22
290254,1,1,0,0,0,0,0,0,0,0,0,0
290255,1,1,0,0,0,0,0,0,0,0,0,0
290256,1,1,0,0,0,0,0,0,0,0,0,0
290256,2,1,0,0,0,0,0,0,4,0,0,0
290257,1,1,20,20,20,20,20,20,20,20,20,20
290257,2,1,22,22,22,22,22,22,22,22,22,22
290258,0,1,0,0,0,0,0,0,0,0,0,0
290258,1,1,0,0,0,0,0,0,0,0,0,0
290259,0,1,30,30,30,30,30,30,30,30,30,30
290259,1,1,0,0,26,0,13,0,0,4,20,23
290260,1,1,17,17,17,17,17,17,17,17,17,17
290261,1,1,0,0,0,0,0,0,0,0,0,0
290262,1,1,0,0,0,0,0,0,0,0,0,0
290262,2,1,22,22,22,22,22,22,22,22,22,22
290263,1,1,0,0,0,0,0,0,0,0,0,0
290264,1,1,29,29,29,29,29,29,29,29,29,29
290264,2,1,0,0,0,0,18,0,14,15,0,0
290265,1,1,17,17,17,17,17,17,17,17,17,17
290266,1,1,16,0,0,0,0,0,0,0,0,0
290267,1,1,13,13,13,13,13,13,13,13,13,13
290268,1,1,5,17,17,17,19,4,21,4,41,15
290269,1,1,16,16,16,16,16,16,16,16,16,16
290269,2,1,0,0,0,0,0,0,0,0,0,0
290270,1,1,0,16,0,15,8,0,39,0,0,0
290270,2,1,0,0,0,0,0,0,0,0,0,0
290271,1,1,12,12,12,12,12,12,12,12,12,12
290272,1,1,14,13,0,0,0,0,0,0,0,0
290273,1,1,17,17,17,17,17,17,17,17,17,17
290274,1,1,23,0,0,0,0,0,0,0,34,0
290275,1,1,13,13,13,13,13,13,13,13,13,13
290276,1,1,0,0,0,0,0,0,0,0,0,0
290276,2,1,0,0,0,0,0,0,0,0,0,0
290277,1,1,28,28,28,28,28,28,28,28,28,28
290278,1,1,0,0,0,0,0,0,0,0,0,0
290279,1,1,0,0,0,0,0,0,0,0,0,0
290279,2,1,0,0,0,0,0,0,0,0,0,0
290280,1,1,0,0,0,0,0,0,0,0,0,0
290281,1,1,0,0,0,0,0,0,0,0,0,0
290282,0,1,17,17,17,17,17,17,17,17,17,17
290282,1,1,0,0,0,0,0,0,0,0,0,0
290283,1,1,0,0,0,0,0,0,0,0,0,0
290283,2,1,24,24,24,24,24,24,24,24,24,24
290284,1,1,13,13,13,13,13,13,13,13,13,13
290285,1,1,17,17,17,17,17,17,17,17,17,17
290286,1,1,0,0,0,0,0,0,0,0,0,0
290286,2,1,0,0,0,0,0,0,0,0,0,0
290287,1,1,0,0,0,0,0,0,0,0,0,0
290287,2,1,0,0,0,0,0,0,0,0,0,0
290288,1,1,0,0,0,0,0,0,0,0,0,0
290288,2,1,0,0,0,0,0,0,0,0,0,0
290289,1,1,0,0,0,0,0,0,0,0,0,0
290289,2,1,0,0,0,0,0,0,0,0,13,0
290290,1,1,0,0,0,0,0,0,0,0,0,0
290291,1,1,0,0,0,0,0,0,0,0,0,0
290292,1,1,16,16,16,16,16,16,16,16,16,16
290293,1,1,0,0,0,0,0,0,0,0,0,0
290293,2,1,0,0,0,0,0,0,0,0,0,0
290294,1,1,0,5,0,0,10,0,0,0,0,0
290294,2,1,0,0,0,0,0,0,22,0,0,0
290295,1,1,0,0,0,0,0,0,0,0,0,0
290295,2,1,0,0,0,0,0,0,0,0,0,0
290296,1,1,16,16,16,16,16,16,16,16,16,16
290297,1,1,8,8,8,8,8,8,8,8,8,8
290298,1,1,0,0,0,0,0,0,0,0,0,0
290298,2,1,0,0,0,0,0,0,0,0,0,0
290299,1,1,0,15,0,3,0,0,0,5,0,12
290300,1,1,0,0,0,0,0,0,11,0,0,0
290300,2,1,0,0,0,0,0,0,0,0,0,0
290300,3,1,0,0,0,0,0,0,0,0,0,0
290302,1,1,0,0,0,0,0,0,0,0,0,0
290304,1,1,10,10,10,10,10,10,10,10,10,10
290304,2,1,0,0,0,0,0,0,0,0,0,0
290305,1,1,0,0,0,0,0,0,0,0,0,0
290305,2,1,0,0,0,0,0,0,0,0,0,0
290306,1,1,0,0,0,0,0,0,0,0,0,0
290307,1,1,26,26,26,26,26,26,26,26,26,26
290307,2,1,0,0,0,0,0,0,0,0,0,0
290307,3,1,0,0,0,0,0,0,0,0,0,0
290308,1,1,0,0,0,0,0,0,0,0,0,0
290308,2,1,0,0,0,0,0,0,0,0,0,0
290309,1,1,0,0,0,0,0,0,0,0,0,0
290310,1,1,0,0,0,0,0,0,0,0,0,0
290310,2,1,0,0,0,0,0,0,0,0,0,0
290311,1,1,11,11,11,11,11,11,11,11,11,11
290311,2,1,0,21,0,0,0,0,0,0,0,0
290312,0,1,32,32,32,32,32,32,32,32,32,32
290312,1,1,0,0,0,0,0,0,0,0,0,0
290313,1,1,0,0,0,0,0,0,0,0,0,0
290313,2,1,8,8,8,8,8,8,8,8,8,8
290314,1,1,0,0,0,0,0,0,0,0,0,0
290314,2,1,0,0,0,0,0,0,0,0,0,0
290315,1,1,0,0,0,0,0,0,0,0,0,0
290315,2,1,0,0,0,0,0,0,0,0,0,0
290316,1,1,19,26,13,26,13,27,12,13,13,24
290317,1,1,39,39,39,39,39,39,39,39,39,39
290318,1,1,0,0,0,25,0,0,7,0,0,0
290318,2,1,21,0,0,0,0,21,0,0,0,0
290319,1,1,0,0,0,0,0,0,0,0,0,0
290320,1,1,0,0,0,0,0,0,0,0,0,0
290320,2,1,0,0,0,0,0,0,0,0,0,0
290320,3,1,0,0,0,0,0,0,0,0,0,0
290320,4,1,0,0,0,0,0,0,0,0,0,0
290321,1,1,0,0,0,0,0,0,0,0,0,0
290321,2,1,0,10,0,0,0,0,0,0,0,0
290321,3,1,0,0,0,0,0,0,0,0,0,0
290322,1,1,22,22,22,22,22,22,22,22,22,22
290323,1,1,0,0,0,0,0,0,0,0,0,0
290323,2,1,0,0,0,0,0,0,0,0,0,0
290323,3,1,0,0,0,0,0,0,0,0,0,0
290324,1,1,0,0,0,0,0,0,0,0,0,0
290324,2,1,0,0,0,0,0,0,0,0,0,0
290325,1,1,0,0,0,0,0,0,0,0,0,0
290326,1,1,0,24,16,0,0,0,24,0,4,0
290327,1,1,0,0,0,0,0,0,0,0,0,0
290327,2,1,0,0,0,0,0,0,0,0,0,0
290327,3,1,0,0,0,0,0,0,0,0,0,0
290328,1,1,0,0,0,0,0,0,0,0,0,0
290328,2,1,0,0,0,0,19,0,0,0,0,0
290329,1,1,0,0,0,0,0,0,0,0,0,0
290329,2,1,1,1,1,1,1,1,1,1,1,1
290330,1,1,0,0,22,0,0,0,0,0,10,0
290331,1,1,19,19,19,19,19,19,19,19,19,19
290332,0,1,22,0,29,0,13,0,0,0,0,0
290332,1,1,0,0,0,0,0,0,0,0,0,0
290333,1,1,0,0,0,0,0,0,0,0,0,0
290334,1,1,8,8,8,8,8,8,8,8,8,8
290335,1,1,0,0,0,0,0,0,0,0,0,0
290336,1,1,0,0,0,0,0,0,0,0,0,0
290336,2,1,0,0,0,0,0,0,0,0,0,0
290337,1,1,0,10,0,0,0,8,0,31,10,0
290338,1,1,0,0,0,0,0,0,0,0,0,0
290339,1,1,0,0,0,0,0,0,0,0,0,0
290340,1,1,0,0,0,0,0,0,0,0,0,0
290340,2,1,0,0,0,0,0,0,0,0,0,0
290341,1,1,0,0,0,0,0,0,0,0,0,0
290341,2,1,0,0,0,0,0,0,0,0,0,0
290342,1,1,27,27,27,27,27,27,27,27,27,27
290343,1,1,0,0,0,0,0,0,0,0,0,0
290344,1,1,0,0,0,0,0,0,0,0,0,0
290344,2,1,0,0,7,0,0,0,0,0,0,0
290345,1,1,8,8,8,8,8,8,8,8,8,8
290345,2,1,0,0,0,0,0,0,0,0,0,0
290346,1,1,0,0,0,0,0,0,0,0,0,0
290346,2,1,0,0,0,0,0,0,0,0,0,0
290347,1,1,0,0,0,0,0,0,0,0,0,0
290347,2,1,0,0,0,0,0,0,0,0,0,0
290348,1,1,0,0,0,0,0,0,0,0,0,0
290348,2,1,0,0,0,0,0,0,0,0,0,0
290349,1,1,29,29,29,29,29,29,29,29,29,29
290350,1,1,0,0,0,0,0,0,0,0,0,0
290351,0,1,0,0,0,0,0,0,0,0,0,0
290351,1,1,0,0,0,0,0,0,0,0,0,0
290352,1,1,9,9,9,9,9,9,9,9,9,9
290352,2,1,0,0,0,0,0,0,0,0,0,0
290353,1,1,29,0,5,3,0,0,0,0,7,0
290353,2,1,0,0,0,6,0,0,0,0,0,0
290354,1,1,0,0,0,0,16,8,0,0,29,10
290354,2,1,0,0,0,0,0,18,0,0,0,0
290355,1,1,0,0,0,0,0,0,0,0,0,0
290355,2,1,0,0,0,0,0,0,0,0,0,0
290355,3,1,0,0,0,0,0,0,0,0,0,0
290356,1,1,0,0,0,0,0,0,0,0,0,0
290356,2,1,0,0,0,0,0,0,0,0,0,0
290356,3,1,0,0,0,0,0,0,0,0,0,0
290357,1,1,13,0,0,0,0,0,0,0,0,0
290358,1,1,0,0,0,0,0,0,18,20,21,34
290358,2,1,16,0,16,0,25,18,47,13,0,0
290358,3,1,0,0,9,0,0,0,0,0,0,0
290359,1,1,0,0,0,0,0,0,0,0,0,0
290360,1,1,0,0,0,0,0,0,0,0,0,0
290361,1,1,0,0,0,0,0,0,0,0,0,0
290361,2,1,0,0,0,0,0,0,0,0,0,0
290362,0,1,0,0,0,0,0,0,0,0,0,0
290362,1,1,0,0,0,0,0,0,0,0,0,0
290363,1,1,19,19,19,19,19,19,19,19,19,19
290363,2,1,0,0,0,0,0,0,0,0,0,0
290364,1,1,3,3,3,3,3,3,3,3,3,3
290365,1,1,0,0,0,0,0,0,0,0,0,0
290365,2,1,5,5,5,5,5,5,5,5,5,5
290366,1,1,0,0,0,0,0,0,0,0,0,0
290367,1,1,13,13,13,13,13,13,13,13,13,13
290368,1,1,0,0,0,0,0,0,0,0,0,0
290369,1,1,0,3,0,0,0,0,0,31,0,0
290370,1,1,16,16,16,16,16,16,16,16,16,16
290371,1,1,0,0,0,0,0,0,0,0,0,0
290372,1,1,29,29,29,29,29,29,29,29,29,29
290373,1,1,0,0,0,0,0,0,0,0,0,0
290373,2,1,0,0,0,0,0,0,0,0,0,0
290374,1,1,0,0,0,0,0,0,0,0,0,10
290374,2,1,0,0,0,0,0,0,0,0,0,0
290375,1,1,0,0,0,16,17,0,0,0,0,9
290376,1,1,23,23,23,23,23,23,23,23,23,23
290377,1,1,0,0,0,0,0,0,0,0,0,0
290378,1,1,11,11,11,11,11,11,11,11,11,11
290379,1,1,5,5,5,5,5,5,5,5,5,5
290380,1,1,0,0,0,0,0,0,0,0,0,0
290381,1,1,24,24,24,24,24,24,24,24,24,24
290382,1,1,14,30,27,0,18,13,0,26,18,22
290382,2,1,0,0,0,0,0,0,0,0,0,0
290383,1,1,0,0,0,0,0,0,0,0,0,0
290383,2,1,0,0,0,0,0,0,0,0,0,0
290384,1,1,0,0,0,0,0,0,0,0,0,0
290384,2,1,0,0,0,0,0,0,0,0,0,0
290385,1,1,0,0,0,0,0,0,0,0,0,0
290386,1,1,0,0,0,0,0,0,0,0,0,0
290386,2,1,0,0,0,10,0,0,0,0,0,0
290387,1,1,0,0,0,0,0,0,0,0,0,0
290387,2,1,0,0,0,0,0,0,0,0,0,0
290388,0,1,12,12,12,12,12,12,12,12,12,12
290388,1,1,0,0,0,0,0,0,0,0,0,0
290389,1,1,0,0,0,0,0,0,0,0,0,0
290390,1,1,0,0,0,0,0,0,0,0,0,0
290390,2,1,0,0,0,0,0,0,0,0,0,0
290391,1,1,0,0,0,0,0,0,0,0,0,0
290392,1,1,0,0,0,0,0,0,0,0,0,0
290392,2,1,0,0,0,0,0,0,0,0,0,0
290393,0,1,0,0,0,0,0,0,0,0,0,0
290393,1,1,7,22,22,0,0,13,25,7,9,0
290394,1,1,0,0,0,0,0,0,0,0,0,0
290394,2,1,16,13,0,4,0,12,0,34,19,24
290395,1,1,0,0,0,0,0,0,0,0,0,0
290395,2,1,0,0,0,0,0,0,0,0,0,0
290396,1,1,4,4,4,4,4,4,4,4,4,4
290396,2,1,1,1,1,1,1,1,1,1,1,1
290397,1,1,0,0,0,0,0,0,0,0,0,0
290397,2,1,0,0,0,0,0,0,0,0,0,0
290398,1,1,0,0,0,0,0,0,0,0,0,0
290399,1,1,0,8,0,0,0,0,0,0,0,0
290400,0,1,0,0,0,0,0,0,0,0,0,0
290400,1,1,0,0,0,0,0,0,0,0,0,0
290401,1,1,11,11,11,11,11,11,11,11,11,11
290401,2,1,2,2,2,2,2,2,2,2,2,2
290402,1,1,0,0,0,0,0,0,0,0,19,0
290402,2,1,0,0,0,0,0,0,0,0,0,0
290403,1,1,14,14,14,14,14,14,14,14,14,14
290404,1,1,0,0,0,0,0,0,0,0,0,0
290404,2,1,0,0,0,0,0,0,0,0,0,0
290404,3,1,0,0,0,0,0,0,0,0,0,0
290405,1,1,2,2,2,2,2,2,2,2,2,2
290406,1,1,0,0,0,0,0,0,0,0,0,0
290406,2,1,0,0,0,0,0,0,0,0,0,0
290407,0,1,0,0,0,0,0,0,0,0,0,0
290407,1,1,0,0,0,0,0,0,0,0,0,0
290408,1,1,5,5,5,5,5,5,5,5,5,5
290409,1,1,0,0,0,0,0,0,0,0,0,0
290411,1,1,0,0,0,0,0,0,19,0,0,0
290411,2,1,0,0,0,0,0,0,0,0,0,0
290412,1,1,0,0,0,0,0,0,0,0,0,0
290413,1,1,7,7,7,7,7,7,7,7,7,7
290414,1,1,14,4,38,11,6,8,11,0,16,17
290415,1,1,18,18,18,18,18,18,18,18,18,18
290416,1,1,20,20,20,20,20,20,20,20,20,20
290417,1,1,16,16,16,16,16,16,16,16,16,16
290418,1,1,0,0,0,0,0,0,0,0,0,0
290419,1,1,0,0,0,0,0,0,0,0,0,0
290420,1,1,0,0,0,0,0,0,0,0,0,0
290421,1,1,0,0,0,0,0,0,0,0,0,0
290422,2,1,0,0,0,0,0,0,0,0,0,0
290423,1,1,0,0,0,0,0,0,0,0,0,0
290424,0,1,0,0,0,0,0,0,0,0,0,0
290424,1,1,0,0,0,0,0,0,0,0,0,0
290425,0,1,19,19,19,19,19,19,19,19,19,19
290425,1,1,0,0,0,0,0,0,0,0,0,0
290426,1,1,0,0,0,0,0,0,0,0,0,0
290426,2,1,0,0,0,0,0,0,0,0,0,0
290427,1,1,0,0,0,0,0,0,0,0,0,0
290427,2,1,0,0,0,0,0,0,0,0,0,0
290428,1,1,0,0,0,0,0,0,0,0,0,0
290429,1,1,25,25,25,25,25,25,25,25,25,25
290430,1,1,15,0,0,0,0,0,0,0,0,16
290431,1,1,0,0,0,0,0,0,0,13,22,0
290432,1,1,0,0,0,0,0,0,0,0,0,0
290432,2,1,9,20,21,26,15,16,28,4,23,24
290433,1,1,3,3,3,3,3,3,3,3,3,3
290433,2,1,0,0,0,0,0,0,0,0,0,0
290434,1,1,0,0,0,0,0,0,0,0,0,0
290434,2,1,0,0,0,0,0,0,0,0,0,0
290434,3,1,0,0,0,0,0,0,0,8,0,0
290435,1,1,2,2,2,2,2,2,2,2,2,2
290436,1,1,0,0,0,0,0,0,0,0,8,18
290436,2,1,0,0,0,0,0,0,0,0,0,0
290437,1,1,0,0,0,0,0,0,0,0,0,0
290437,2,1,0,0,0,0,0,0,0,0,0,0
290438,1,1,30,0,0,0,0,0,0,10,0,0
290438,2,1,0,0,8,0,0,3,11,0,0,0
290439,1,1,0,0,0,0,0,0,0,0,0,0
290439,2,1,0,0,0,0,0,0,0,0,0,0
290440,1,1,0,0,0,0,0,0,0,0,0,0
290441,0,1,0,0,0,0,21,0,0,0,0,0
290441,1,1,0,0,0,0,0,0,0,0,0,0
290442,0,1,0,0,0,0,0,0,0,0,0,0
290442,1,1,0,0,0,0,0,0,0,0,0,0
290443,1,1,19,19,19,19,19,19,19,19,19,19
290444,0,1,0,22,29,0,23,0,0,0,21,0
290444,0,2,5,5,5,5,5,5,5,5,5,5
290444,1,1,0,0,0,0,0,0,0,0,0,0
290445,0,1,2,2,2,2,2,2,2,2,2,2
290445,1,1,0,0,0,0,0,0,0,0,0,0
290446,1,1,16,16,16,16,16,16,16,16,16,16
290447,1,1,0,0,0,0,0,0,0,0,0,0
290447,2,1,0,0,0,0,0,0,0,0,0,0
290448,1,1,0,0,0,0,0,0,0,0,0,0
290448,2,1,0,0,0,0,0,0,0,0,0,0
290448,3,1,0,0,0,0,0,0,0,0,0,0
290449,1,1,11,0,0,0,0,15,0,11,0,0
290449,2,1,0,0,0,0,0,0,0,0,0,0
290449,3,1,8,3,0,0,0,0,0,0,0,0
290449,4,1,0,9,0,0,0,0,0,19,0,0
290450,1,1,0,0,0,0,0,0,0,15,0,10
290450,2,1,0,0,0,15,0,0,0,0,0,0
290451,1,1,10,10,10,10,10,10,10,10,10,10
290452,1,1,0,0,0,15,0,38,0,0,1,16
290453,1,1,0,0,0,0,0,0,0,0,0,0
290453,2,1,0,0,0,0,0,0,0,0,0,0
290454,1,1,0,0,0,0,0,14,0,0,0,0
290455,1,1,0,0,0,18,0,0,2,0,0,0
290456,0,1,0,0,0,0,0,0,0,0,0,0
290456,2,1,0,8,0,10,0,0,0,0,0,0
290457,1,1,0,0,0,27,0,0,0,0,0,0
290458,1,1,0,0,0,0,0,0,0,0,0,0
290458,2,1,11,0,0,0,0,0,23,7,16,20
290459,1,1,0,9,0,0,0,26,0,0,18,0
290460,1,1,0,0,0,0,0,0,0,0,0,0
290460,2,1,0,0,0,0,0,0,0,0,0,0
290461,0,1,0,0,0,0,0,0,0,0,0,0
290461,1,1,0,0,11,0,3,33,0,0,26,10
290462,1,1,0,0,0,0,0,0,0,0,0,0
290463,1,1,0,0,0,0,0,0,0,0,0,0
290464,1,1,0,0,0,0,0,0,0,0,0,0
290465,1,1,0,0,0,0,0,0,0,0,0,0
290465,2,1,0,0,0,0,0,0,0,0,0,0
290466,1,1,0,9,11,0,12,25,2,22,0,8
290467,1,1,0,0,0,0,0,0,0,0,0,0
290467,2,1,0,0,0,0,0,0,0,0,0,0
290468,1,1,0,0,0,0,0,0,0,0,0,0
290468,2,1,8,10,0,14,0,30,0,7,0,0
290469,1,1,0,0,0,0,0,0,0,0,0,0
290470,0,1,0,0,0,0,0,0,0,0,0,0
290470,1,1,9,9,9,9,9,9,9,9,9,9
290471,1,1,0,0,0,0,0,0,0,0,0,0
290471,2,1,0,0,0,0,0,0,0,0,0,0
290472,1,1,22,22,22,22,22,22,22,22,22,22
290472,2,1,0,0,0,0,0,0,0,0,0,0
290472,3,1,0,0,0,0,0,0,0,0,0,0
290472,4,1,0,0,0,0,0,0,0,0,0,0
290473,1,1,6,0,0,0,0,0,0,0,0,0
290474,0,1,0,0,0,0,0,0,0,0,0,0
290474,1,1,0,0,0,0,0,0,0,0,0,0
290475,1,1,0,0,0,0,0,0,0,0,0,0
290475,2,1,0,0,0,0,0,0,0,0,0,0
290476,1,1,1,1,1,1,1,1,1,1,1,1
290476,2,1,10,10,10,10,10,10,10,10,10,10
290477,1,1,0,0,0,0,0,0,0,0,0,0
290477,2,1,0,0,0,0,0,0,0,0,0,0
290478,1,1,0,0,0,0,0,0,0,0,0,0
290479,1,1,13,13,13,13,13,13,13,13,13,13
290479,2,1,0,0,0,0,0,0,0,0,0,0
290480,1,1,0,0,0,0,0,0,0,0,0,0
290481,0,1,21,21,21,21,21,21,21,21,21,21
290481,1,1,0,0,0,0,0,0,0,0,0,0
290482,1,1,0,0,6,0,0,15,17,12,12,18
290482,2,1,0,0,0,0,0,0,0,0,0,0
290483,1,1,27,27,27,27,27,27,27,27,27,27
290484,1,1,0,0,0,0,0,0,0,0,0,0
290485,1,1,0,0,0,0,0,0,0,0,0,0
290486,0,1,0,0,0,0,0,0,0,0,0,0
290486,1,1,0,0,0,0,0,0,0,0,0,0
290487,1,1,6,29,31,18,29,3,18,29,16,36
290488,1,1,0,0,0,0,0,0,0,0,0,0
290488,2,1,0,0,0,0,0,0,0,0,0,0
290489,1,1,0,0,0,0,0,0,0,0,0,0
290490,1,1,0,30,0,0,0,22,0,0,0,0
290491,1,1,0,0,0,0,0,0,0,0,0,0
290491,2,1,0,0,0,0,0,0,0,0,0,0
290491,3,1,0,0,0,0,0,0,0,0,0,0
290492,1,1,0,26,14,0,0,21,0,17,0,0
290492,2,1,1,1,1,1,1,1,1,1,1,1
290493,0,1,12,47,18,37,16,40,20,26,13,37
290493,1,1,0,0,0,0,0,0,0,0,0,0
290494,1,1,18,0,5,24,13,7,24,6,0,11
290495,0,1,0,0,0,0,0,0,0,0,0,0
290495,1,1,0,0,0,0,0,0,0,0,0,0
290496,1,1,0,0,0,0,0,0,0,4,0,0
290497,1,1,11,11,11,11,11,11,11,11,11,11
290498,1,1,0,0,0,0,0,0,0,0,0,0
290498,2,1,0,0,0,0,0,0,0,0,0,0
290499,0,1,20,20,20,20,20,20,20,20,20,20
290499,1,1,19,15,15,15,19,19,5,24,15,26
290500,1,1,0,0,0,0,0,0,0,0,0,0
290501,1,1,0,0,0,0,0,0,0,0,0,0
290501,2,1,0,0,0,0,0,0,0,0,0,0
290501,3,1,0,0,0,0,0,0,0,0,0,0
290502,0,1,0,0,0,0,8,0,0,0,0,0
290502,1,1,0,0,0,0,0,0,0,0,0,0
290503,1,1,0,0,0,0,0,0,0,0,0,0
290504,1,1,0,0,4,0,19,0,0,12,0,0
290505,1,1,0,0,0,0,0,0,0,0,0,0
290507,1,1,0,0,20,0,6,0,14,6,0,9
290508,0,1,0,0,0,0,0,0,0,0,0,0
290508,1,1,0,0,0,0,0,0,0,0,0,0
290509,1,1,0,0,0,0,0,0,0,0,0,0
290509,2,1,0,0,0,0,0,0,0,0,0,0
290510,1,1,0,0,6,0,0,13,0,0,0,24
290511,1,1,12,26,15,0,18,16,28,36,23,7
290512,1,1,0,0,0,0,0,0,0,0,0,0
290513,0,1,0,0,0,0,0,0,0,0,0,0
290513,1,1,0,0,0,0,0,0,0,0,22,0
290514,1,1,0,0,0,0,0,0,0,0,0,0
290515,1,1,0,0,0,0,0,0,0,0,0,0
290516,1,1,0,0,0,0,0,0,0,0,0,0
290516,2,1,0,0,0,0,0,0,0,0,0,0
290517,1,1,0,0,9,47,0,0,0,0,0,0
290518,1,1,17,17,17,17,17,17,17,17,17,17
290519,1,1,0,0,0,0,0,0,0,0,0,0
290519,2,1,0,16,0,0,0,0,0,0,0,0
290520,1,1,27,27,27,27,27,27,27,27,27,27
290521,1,1,0,0,0,0,0,0,0,0,0,0
290522,1,1,0,0,0,0,0,0,0,0,0,0
290522,2,1,0,0,0,0,0,0,0,0,0,0
290523,1,1,32,0,0,25,0,0,0,0,17,20
290524,1,1,13,13,13,13,13,13,13,13,13,13
290524,2,1,6,6,6,6,6,6,6,6,6,6
290525,1,1,0,0,0,0,0,0,0,0,0,0
290526,0,1,0,0,0,0,0,0,0,0,0,0
290526,1,1,0,0,0,0,0,0,0,0,0,0
290526,2,1,0,0,0,0,0,0,0,0,0,0
290527,1,1,0,0,0,0,0,0,0,0,0,0
290528,1,1,0,0,0,0,0,0,0,0,0,0
290528,2,1,0,0,0,0,0,0,0,0,0,0
290529,1,1,0,0,28,0,0,0,0,0,3,0
290530,1,1,0,0,0,0,0,0,0,0,0,0
290531,1,1,16,16,16,16,16,16,16,16,16,16
290532,0,1,0,0,0,0,0,0,0,0,0,0
290532,1,1,0,0,0,0,0,0,0,0,0,0
290533,1,1,0,5,18,18,0,0,0,0,0,0
290533,2,1,0,0,0,0,0,0,0,0,0,0
290533,3,1,0,0,0,0,0,0,0,0,0,0
290533,4,1,11,0,0,0,4,0,8,6,0,0
290533,5,1,7,0,0,0,0,0,0,8,7,3
290533,6,1,4,4,4,4,4,4,4,4,4,4
290533,7,1,0,0,0,0,0,0,0,0,0,0
290534,1,1,0,0,0,10,0,0,0,0,0,0
290534,2,1,0,0,0,0,0,0,0,0,0,0
290534,3,1,0,0,0,0,0,0,0,0,0,0
290535,1,1,0,0,0,0,0,0,0,0,0,0
290535,2,1,0,0,0,0,0,15,0,0,0,0
290535,3,1,0,0,0,0,0,0,0,0,0,0
290535,4,1,0,0,0,0,0,0,0,0,0,0
290536,1,1,3,3,3,3,3,3,3,3,3,3
290536,2,1,0,0,0,0,0,0,0,0,0,0
290537,1,1,5,5,5,5,5,5,5,5,5,5
290538,1,1,0,0,0,0,0,0,0,0,0,0
290539,1,1,19,19,19,19,19,19,19,19,19,19
290539,2,1,0,0,0,0,0,0,0,0,0,0
290541,1,1,0,0,0,0,0,0,0,0,0,0
290541,2,1,0,0,0,0,0,0,0,0,0,0
290542,1,1,0,0,0,0,0,0,0,0,0,0
290542,2,1,0,0,0,0,0,0,0,3,0,0
290543,1,1,0,0,0,0,0,0,0,0,0,0
290543,2,1,7,7,7,7,7,7,7,7,7,7
290544,1,1,0,0,0,0,0,0,0,0,22,0
290545,0,1,41,41,41,41,41,41,41,41,41,41
290545,1,1,16,0,0,0,0,0,13,0,8,0
290546,0,1,20,20,20,20,20,20,20,20,20,20
290546,1,1,29,0,10,0,8,0,0,7,11,0
290547,1,1,15,15,15,15,15,15,15,15,15,15
290548,1,1,0,0,0,0,0,0,0,0,0,0
290548,2,1,0,0,0,0,0,0,0,0,0,0
290549,1,1,0,0,0,0,0,0,0,0,0,0
290549,2,1,0,0,0,0,0,0,0,0,0,0
290550,1,1,0,0,0,0,0,0,0,0,0,0
290550,2,1,0,0,0,0,0,0,0,0,0,0
290551,1,1,32,32,32,32,32,32,32,32,32,32
290551,2,1,0,18,0,0,0,0,0,0,0,0
290551,3,1,0,0,0,0,0,0,0,0,0,0
290552,1,1,0,0,0,0,0,0,0,0,0,0
290553,1,1,0,0,0,0,0,0,0,0,0,0
290553,2,1,0,0,0,0,0,0,0,0,0,0
290554,0,1,0,0,0,0,0,0,0,0,0,0
290554,1,1,2,2,2,2,2,2,2,2,2,2
290555,1,1,0,0,0,0,0,0,0,0,18,0
290556,0,1,0,0,0,0,0,0,0,0,0,0
290556,1,1,0,0,0,0,0,0,0,0,0,0