ST_CASE,VEH_NO,PER_NO,P1,P2,P3,P4,P5,P6,P7,P8,P9,P10
290557,1,1,13,0,0,30,0,7,22,0,0,0
290558,0,1,0,0,0,0,0,0,0,0,0,0
290558,1,1,0,7,0,3,0,0,0,10,0,0
290559,1,1,0,0,0,0,0,0,0,0,0,0
290559,2,1,0,0,0,0,0,0,0,0,0,0
290560,1,1,0,0,0,0,0,0,0,0,0,0
290560,2,1,0,0,0,0,0,0,0,0,0,0
290561,1,1,0,0,0,20,0,0,0,24,0,0
290561,2,1,0,0,0,0,0,0,0,0,0,0
290562,1,1,27,27,27,27,27,27,27,27,27,27
290563,1,1,0,0,0,0,0,0,0,0,0,0
290563,2,1,0,0,0,0,0,0,0,6,0,0
290564,1,1,18,0,21,23,33,0,0,0,19,15
290565,1,1,0,0,0,0,0,0,0,0,0,0
290565,2,1,0,0,0,0,5,0,0,0,0,0
290566,0,1,1,1,1,1,1,1,1,1,1,1
290566,1,1,0,0,0,0,0,0,0,0,0,0
290567,1,1,16,16,16,16,16,16,16,16,16,16
290568,1,1,0,0,0,0,0,0,0,0,0,0
290569,1,1,0,0,0,0,0,0,0,0,0,0
290569,2,1,16,16,16,16,16,16,16,16,16,16
290570,1,1,0,0,0,0,0,0,0,0,0,0
290570,2,1,2,2,2,2,2,2,2,2,2,2
290571,1,1,0,0,0,0,0,0,0,0,0,0
290572,1,1,0,0,0,0,8,0,0,0,0,0
290573,1,1,0,0,0,0,0,0,0,0,0,0
290574,1,1,0,0,0,0,0,0,0,0,0,0
290574,2,1,0,0,0,0,0,0,0,0,0,0
290575,1,1,6,6,6,6,6,6,6,6,6,6
290576,1,1,0,0,0,0,0,0,0,0,0,0
290577,0,1,19,19,19,19,19,19,19,19,19,19
290577,1,1,0,0,0,0,0,0,0,0,0,0
290578,1,1,0,0,0,0,0,0,0,0,0,0
290578,2,1,0,0,0,0,0,0,0,0,0,0
290579,0,1,0,0,0,0,0,0,0,0,0,0
290579,1,1,0,0,0,0,0,0,0,0,0,0
290580,1,1,0,0,0,0,0,0,0,0,0,0
290581,1,1,17,17,17,17,17,17,17,17,17,17
290582,0,1,0,0,0,0,0,0,0,0,0,0
290582,1,1,0,0,0,0,0,0,0,0,0,0
290583,1,1,0,0,0,0,0,0,0,0,0,0
290583,2,1,0,0,0,0,0,0,0,0,0,0
290584,1,1,8,8,8,8,8,8,8,8,8,8
290585,1,1,0,0,0,0,0,0,0,0,0,0
290586,1,1,0,0,0,0,0,0,0,0,0,0
290587,1,1,16,16,16,16,16,16,16,16,16,16
290588,1,1,0,0,0,0,0,0,0,0,0,0
290589,1,1,0,20,2,0,0,10,10,0,11,12
290590,1,1,0,0,0,0,0,0,0,0,0,0
290591,1,1,2,2,2,2,2,2,2,2,2,2
290592,0,1,0,0,0,0,0,0,0,0,0,0
290592,1,1,0,0,0,0,0,0,0,0,0,0
290593,1,1,0,0,0,0,0,0,0,0,0,0
290594,1,1,0,0,0,0,0,0,0,0,0,0
290594,2,1,13,13,13,13,13,13,13,13,13,13
290595,0,1,13,13,13,13,13,13,13,13,13,13
290595,1,1,0,0,0,0,0,0,0,0,0,0
290596,1,1,0,0,0,0,0,0,0,0,0,0
290596,2,1,0,0,0,0,0,0,0,0,0,0
290597,1,1,0,0,0,0,0,0,0,0,0,0
290598,1,1,1,1,1,1,1,1,1,1,1,1
290598,2,1,0,0,0,0,0,0,0,0,0,0
290599,1,1,0,0,0,0,0,0,0,0,0,0
290599,2,1,0,0,0,0,0,0,0,0,0,0
290600,1,1,1,1,1,1,1,1,1,1,1,1
290601,1,1,0,0,0,0,0,0,0,0,0,0
290601,2,1,0,0,0,0,0,0,0,0,0,0
290602,1,1,0,0,0,0,0,0,0,0,0,0
290603,1,1,0,0,0,0,0,0,0,0,0,0
290604,0,1,0,0,0,0,0,0,0,0,0,0
290604,1,1,0,0,0,0,0,0,0,0,0,0
290604,2,1,0,0,0,0,0,0,0,0,0,0
290605,1,1,0,0,0,0,0,0,0,0,0,0
290605,2,1,0,0,0,0,0,0,0,0,0,0
290606,1,1,16,0,0,0,15,0,9,33,0,23
290607,1,1,0,0,0,0,0,0,0,0,0,0
290609,1,1,0,0,0,0,0,0,0,0,0,0
290609,2,1,0,0,0,0,0,0,0,0,0,0
290610,1,1,0,0,0,0,0,0,0,0,0,0
290610,2,1,0,0,0,0,0,0,0,0,0,0
290611,0,1,0,0,0,0,0,0,0,0,0,0
290611,1,1,0,0,0,16,0,14,0,20,28,8
290612,1,1,10,10,10,10,10,10,10,10,10,10
290612,2,1,0,17,0,0,12,26,0,0,0,22
290613,1,1,0,2,0,0,0,0,0,0,0,15
290613,2,1,0,0,0,0,0,0,0,0,0,0
290614,1,1,0,0,0,0,0,0,0,0,0,0
290614,2,1,0,0,0,0,0,0,0,0,0,0
290615,1,1,0,0,0,0,0,0,0,0,0,0
290615,2,1,0,0,0,0,0,0,0,0,0,0
290616,1,1,36,0,0,0,24,25,0,0,0,0
290617,1,1,26,26,26,26,26,26,26,26,26,26
290618,1,1,0,0,0,0,0,0,0,0,0,0
290619,1,1,0,12,0,16,14,0,13,0,0,0
290620,1,1,0,23,0,0,0,26,0,0,8,0
290620,2,1,0,0,0,0,0,0,0,0,0,0
290621,1,1,28,28,28,28,28,28,28,28,28,28
290622,1,1,19,19,19,19,19,19,19,19,19,19
290623,1,1,0,4,0,0,14,15,0,10,14,0
290624,1,1,0,0,0,0,0,0,0,0,0,0
290624,2,1,0,0,0,0,0,0,0,0,0,0
290625,1,1,0,0,0,0,0,0,0,0,0,0
290626,1,1,21,21,21,21,21,21,21,21,21,21
290627,1,1,0,0,0,0,0,0,0,0,0,0
290627,2,1,7,0,0,0,0,0,19,0,0,0
290628,0,1,25,25,25,25,25,25,25,25,25,25
290628,1,1,0,0,0,0,0,0,0,0,0,0
290629,1,1,0,0,0,0,0,0,0,0,0,0
290630,1,1,8,0,0,0,0,24,0,0,16,18
290631,1,1,24,10,18,0,0,0,40,11,0,0
290632,1,1,0,0,0,0,0,0,0,0,0,0
290633,1,2,22,15,18,0,0,9,0,0,6,0
290634,1,1,0,0,0,0,0,0,0,0,0,0
290634,2,1,0,0,0,0,0,0,0,0,0,0
290635,1,1,12,12,12,12,12,12,12,12,12,12
290636,1,1,0,0,0,0,0,0,0,0,0,0
290637,1,1,0,0,0,0,0,0,0,0,0,0
290637,2,1,0,0,0,0,0,0,0,0,0,0
290638,1,1,0,0,0,0,0,0,0,0,0,16
290639,1,1,0,0,0,0,0,0,0,0,0,0
290639,2,1,0,0,0,0,0,0,0,0,6,0
290640,0,1,0,0,0,0,0,0,0,0,0,0
290640,1,1,0,0,0,0,0,0,0,0,0,0
290641,1,1,27,27,27,27,27,27,27,27,27,27
290641,2,1,0,0,0,0,0,0,0,0,0,0
290642,0,1,31,0,23,0,0,0,0,0,0,2
290642,0,2,0,0,0,0,0,0,0,0,0,0
290642,0,3,0,0,0,0,0,0,0,0,0,0
290642,1,1,8,0,10,0,0,10,0,5,0,0
290643,1,1,0,0,0,0,0,0,0,0,0,0
290643,2,1,0,0,0,0,0,0,0,0,0,0
290643,3,1,0,0,0,0,0,6,0,7,0,0
290643,4,1,0,0,0,0,0,0,0,0,0,0
290644,1,1,0,0,0,0,0,0,0,0,0,0
290644,2,1,0,0,0,0,0,0,0,0,0,0
290645,1,1,11,19,13,20,9,9,18,17,5,19
290646,1,1,0,0,0,0,0,0,0,0,0,0
290646,2,1,0,0,0,19,19,0,0,0,0,0
290647,1,1,17,17,17,17,17,17,17,17,17,17
290648,0,1,9,9,9,9,9,9,9,9,9,9
290648,1,1,0,0,0,0,0,0,0,0,0,0
290649,1,1,2,2,2,2,2,2,2,2,2,2
290649,2,1,0,0,0,0,0,0,0,0,0,0
290650,1,1,0,0,0,0,0,0,0,0,0,0
290651,1,1,20,20,20,20,20,20,20,20,20,20
290652,1,1,0,0,0,0,0,0,0,0,0,0
290652,2,1,0,0,0,0,0,0,0,0,0,0
290653,1,1,20,20,20,20,20,20,20,20,20,20
290654,1,1,0,0,0,0,0,0,0,0,0,0
290654,2,1,0,0,0,0,0,0,0,0,0,0
290655,1,1,0,16,18,35,0,18,12,0,0,0
290656,1,1,12,12,12,12,12,12,12,12,12,12
290656,2,1,0,0,0,0,0,0,0,0,0,0
290657,1,1,0,0,0,0,0,0,0,0,0,0
290657,2,1,0,0,0,0,0,0,0,0,0,0
290658,1,1,0,0,0,0,0,0,0,0,0,0
290658,2,1,5,0,0,0,0,0,0,0,0,0
290659,1,1,0,0,0,0,0,0,0,0,0,0
290660,0,1,0,0,0,0,0,0,0,0,0,0
290660,1,1,0,12,10,0,0,0,0,29,8,18
290661,1,1,9,9,9,9,9,9,9,9,9,9
290662,0,1,0,0,0,0,0,0,0,0,4,0
290662,1,1,0,0,0,0,0,0,0,0,0,0
290663,1,1,19,19,19,19,19,19,19,19,19,19
290664,1,1,0,0,0,0,0,0,0,0,0,0
290665,1,1,8,8,8,8,8,8,8,8,8,8
290666,0,1,0,0,0,0,0,0,0,0,0,0
290666,1,1,0,0,0,0,0,0,0,0,0,0
290667,1,1,0,0,0,0,0,0,0,0,0,0
290668,1,1,0,0,0,0,0,0,0,17,0,0
290668,2,1,0,0,0,0,0,0,0,0,0,0
290668,3,1,0,0,0,0,0,0,0,0,0,0
290669,1,1,0,0,0,0,0,0,0,0,0,0
290669,2,1,0,0,0,0,0,0,0,0,0,0
290670,1,1,0,0,0,0,0,0,0,0,0,0
290670,2,1,0,0,0,0,0,0,0,0,0,0
290671,1,1,13,13,13,13,13,13,13,13,13,13
290671,2,1,0,0,0,0,0,0,0,0,0,0
290671,3,1,0,0,0,0,0,0,0,0,0,0
290672,0,1,0,0,0,0,0,0,0,0,0,0
290672,1,1,0,0,0,3,0,0,0,0,0,0
290673,1,1,0,0,0,0,0,0,0,0,0,0
290674,0,1,0,0,0,0,0,0,0,0,0,0
290674,1,1,19,0,0,0,0,6,0,0,0,0
290675,1,1,0,0,0,0,0,0,0,0,0,0
290675,2,1,0,0,0,0,0,0,0,0,0,0
290676,1,1,0,0,0,0,0,0,0,0,0,0
290676,2,1,0,0,0,0,0,0,0,9,0,0
290677,0,1,10,10,10,10,10,10,10,10,10,10
290677,1,1,0,0,0,0,0,0,0,0,0,0
290678,1,1,18,18,18,18,18,18,18,18,18,18
290679,1,1,0,0,0,0,0,0,0,0,0,0
290679,2,1,0,0,0,0,0,0,0,0,0,0
290679,3,1,0,0,0,0,0,0,0,0,0,0
290680,1,1,6,6,6,6,6,6,6,6,6,6
290680,2,1,0,0,0,0,0,0,0,0,0,0
290681,1,1,0,0,0,0,0,0,0,0,0,5
290682,1,1,0,0,0,0,5,0,0,0,0,0
290683,1,1,0,0,0,0,0,0,0,0,0,0
290683,2,1,0,0,0,0,0,0,0,0,0,0
290685,1,1,0,0,0,0,0,0,0,0,0,0
290685,2,1,0,0,0,0,0,0,0,0,0,0
290686,1,1,0,0,0,0,0,0,0,0,0,0
290687,1,1,0,0,0,0,0,0,0,0,0,0
290687,2,1,0,0,0,0,0,0,0,0,0,0
290687,3,1,0,0,0,19,0,0,0,0,0,0
290688,1,1,0,0,0,0,0,0,0,0,0,0
290688,2,1,0,0,0,0,0,0,0,0,0,0
290689,1,1,16,16,16,16,16,16,16,16,16,16
290690,1,1,23,0,16,21,5,0,0,13,30,26
290691,0,1,0,0,0,0,0,0,0,0,0,0
290691,1,1,0,0,0,0,0,0,0,0,0,0
290692,0,1,0,0,0,0,0,0,0,0,0,0
290692,1,1,0,0,0,0,0,0,0,0,0,0
290694,1,1,0,6,7,0,0,0,13,0,0,0
290694,2,1,19,12,0,25,0,0,12,20,0,0
290695,1,1,0,0,0,0,0,0,0,0,0,0
290695,2,1,0,0,0,0,0,0,0,0,0,0
290696,1,1,21,21,21,21,21,21,21,21,21,21
290696,2,1,0,0,0,0,0,0,0,0,0,0
290696,3,1,0,0,0,0,0,0,0,0,0,0
290697,0,1,25,25,25,25,25,25,25,25,25,25
290697,1,1,0,0,0,0,0,0,0,0,0,0
290698,1,1,0,0,0,0,0,0,0,0,0,0
290698,2,1,0,0,0,0,0,0,0,0,0,0
290699,1,1,0,0,0,0,0,0,0,0,0,0
290699,2,1,0,0,0,0,0,0,0,0,0,0
290700,1,1,0,0,0,0,0,0,0,0,0,0
290701,1,1,0,0,0,0,0,0,0,0,0,0
290701,2,1,0,0,0,0,0,0,0,0,0,0
290701,3,1,0,0,0,0,0,0,0,0,0,0
290701,4,1,0,0,0,0,0,0,0,0,0,4
290702,1,1,0,27,13,0,21,23,28,7,20,17
290702,2,1,0,0,0,0,0,0,0,0,0,0
290702,3,1,0,0,0,0,0,0,0,0,0,0
290703,1,1,10,13,16,9,15,9,19,13,8,8
290704,1,1,0,0,0,0,0,0,0,0,0,0
290705,1,1,0,0,0,0,0,0,0,0,0,0
290705,2,1,0,0,0,0,0,0,0,0,0,0
290705,3,1,0,0,0,13,13,0,0,0,0,0
290706,1,1,0,0,0,0,0,0,0,0,0,0
290706,2,1,0,0,0,0,0,0,0,0,0,0
290706,3,1,0,0,0,0,0,0,0,0,0,0
290707,0,1,0,0,0,0,0,0,0,0,0,0
290707,1,1,0,11,0,0,0,0,0,0,0,0
290708,1,1,20,20,20,20,20,20,20,20,20,20
290709,1,1,4,4,4,4,4,4,4,4,4,4
290710,1,1,30,30,30,30,30,30,30,30,30,30
290711,1,1,0,0,0,22,0,0,0,0,0,0
290713,1,1,11,0,26,0,0,18,18,0,20,0
290714,1,1,0,0,0,0,0,0,0,0,0,0
290714,2,1,12,12,12,12,12,12,12,12,12,12
290715,1,1,0,0,0,0,0,0,20,0,0,0
290716,1,1,0,0,0,0,0,0,0,0,0,0
290717,1,1,0,3,13,23,0,0,0,13,0,0
290718,1,1,22,22,22,22,22,22,22,22,22,22
290719,1,1,0,0,0,0,0,0,0,22,0,0
290719,2,1,0,0,0,0,0,0,0,0,0,0
290719,3,1,0,0,0,0,0,0,0,0,0,0
290720,1,1,0,0,0,0,0,0,0,0,0,0
290721,1,1,0,0,0,0,0,0,0,0,0,0
290722,1,1,0,0,0,0,0,0,0,0,0,0
290723,0,1,24,24,24,24,24,24,24,24,24,24
290723,1,1,0,0,0,0,0,0,0,0,0,0
290724,1,1,0,0,0,0,0,0,5,25,0,0
290724,2,1,0,0,0,0,0,0,0,0,0,0
290725,1,1,14,14,14,14,14,14,14,14,14,14
290725,2,1,0,0,0,0,0,0,0,0,0,0
290726,1,1,0,0,0,0,0,0,0,0,0,0
290726,2,1,0,0,0,0,0,0,0,0,0,0
290726,3,1,0,0,0,0,0,0,0,0,0,0
290727,1,1,0,0,0,0,0,0,0,0,0,0
290728,1,1,11,22,16,32,15,18,15,27,27,21
290729,0,1,0,0,0,0,0,0,0,0,0,0
290729,0,2,0,0,0,13,0,0,18,0,0,0
290729,0,3,0,0,0,0,0,0,0,0,0,0
290729,1,1,0,0,0,0,0,0,0,0,0,0
290730,0,1,7,7,7,7,7,7,7,7,7,7
290730,1,1,0,0,0,0,0,0,0,0,0,0
290731,1,1,0,0,0,0,0,0,0,0,0,46
290732,1,1,26,26,26,26,26,26,26,26,26,26
290732,2,1,0,0,0,0,17,15,15,0,0,6
290733,1,1,0,0,0,0,0,0,0,0,0,0
290733,2,1,0,0,0,0,12,0,16,0,0,4
290734,1,1,0,0,0,0,0,0,0,0,0,0
290735,1,1,0,0,18,0,0,0,0,0,0,0
290736,0,1,8,8,8,8,8,8,8,8,8,8
290736,1,1,14,6,0,0,0,0,0,0,26,0
290737,1,1,0,0,0,0,0,0,0,0,0,0
290737,2,1,0,0,0,0,0,0,0,0,0,0
290738,0,1,27,27,27,27,27,27,27,27,27,27
290738,1,1,0,0,0,0,0,0,0,0,0,0
290739,1,1,0,0,0,0,0,0,0,0,0,0
290739,2,1,0,0,0,0,0,0,0,0,0,0
290740,1,1,0,0,0,0,0,0,0,0,0,0
290741,0,1,0,0,0,0,28,0,0,19,0,0
290741,1,1,0,0,13,0,0,0,0,0,0,0
290742,1,1,30,30,30,30,30,30,30,30,30,30
290743,1,1,22,22,22,22,22,22,22,22,22,22
290744,1,1,0,0,0,0,0,0,0,0,0,0
290744,2,1,0,0,0,0,0,0,0,0,0,0
290745,1,1,0,0,0,0,0,0,0,0,0,0
290745,2,1,0,0,0,0,0,0,0,0,0,0
290745,3,1,0,0,0,0,0,0,0,0,0,0
290745,4,1,0,0,0,0,0,0,0,0,0,0
290746,1,1,19,19,19,19,19,19,19,19,19,19
290747,1,1,17,17,17,17,17,17,17,17,17,17
290748,1,1,0,0,0,0,0,0,0,0,0,0
290748,2,1,0,0,0,0,0,0,0,0,0,0
290749,1,1,0,0,0,0,22,0,0,0,0,0
290750,1,1,0,0,0,0,0,0,0,0,0,0
290751,0,1,0,0,0,0,0,0,0,0,0,0
290751,1,1,0,0,0,0,0,0,0,0,0,0
290752,1,1,22,8,11,12,20,35,22,23,28,18
290753,1,1,6,6,6,6,6,6,6,6,6,6
290754,1,1,0,0,0,0,0,0,0,21,0,0
290755,0,1,9,9,9,9,9,9,9,9,9,9
290755,1,1,0,0,0,0,0,0,0,0,0,0
290756,0,1,0,0,0,0,0,0,0,0,0,0
290756,1,1,0,0,0,0,0,0,0,0,0,0
290757,1,1,0,0,0,0,0,0,0,0,0,0
290757,2,1,0,0,0,0,0,0,0,0,0,0
290758,1,1,12,0,0,0,0,0,0,0,0,0
290759,0,1,0,0,0,0,0,0,0,0,0,0
290759,1,1,0,0,0,0,0,0,0,0,0,0
290760,0,1,0,23,5,0,26,24,0,0,0,0
290760,1,1,0,0,0,0,0,0,0,0,0,0
290761,1,1,0,0,0,0,0,0,0,0,0,0
290761,2,1,0,0,0,0,0,0,0,0,0,0
290762,1,1,0,0,0,0,0,0,0,0,0,0
290762,2,1,0,0,0,0,0,0,0,0,0,0
290762,3,1,0,0,0,0,0,0,0,0,0,0
290763,1,1,0,0,0,0,0,0,0,0,0,0
290763,2,1,0,0,0,0,0,0,0,0,0,0
290764,1,1,19,19,19,19,19,19,19,19,19,19
290765,1,1,0,0,0,0,0,0,0,0,0,0
290765,2,1,39,0,0,6,26,0,0,0,28,0
290766,1,1,7,7,7,7,7,7,7,7,7,7
290767,0,1,0,0,0,0,0,0,0,0,0,0
290767,1,1,0,0,0,0,0,0,0,0,0,0
290768,1,1,52,0,0,0,0,0,26,14,0,23
290769,1,1,0,0,0,0,0,0,0,0,0,0
290770,1,1,15,15,15,15,15,15,15,15,15,15
290771,1,1,0,0,0,0,0,0,0,0,0,0
290772,1,1,0,0,0,0,0,0,0,0,0,0
290773,1,1,35,35,35,35,35,35,35,35,35,35
290773,2,1,0,0,0,0,0,0,0,0,0,0
290774,1,1,0,0,0,0,0,0,0,0,0,0
290775,0,1,0,0,0,27,18,10,0,38,0,0
290775,1,1,0,0,0,0,0,0,0,0,0,0
290776,1,1,18,18,18,18,18,18,18,18,18,18
290776,2,1,0,0,0,0,0,0,0,0,0,0
290777,1,1,21,16,0,0,13,4,14,11,0,25
290778,1,1,0,0,0,0,0,0,0,0,0,0
290778,2,1,0,0,0,0,0,0,0,0,0,0
290779,1,1,24,24,24,24,24,24,24,24,24,24
290780,1,1,27,7,15,15,12,25,38,8,12,16
290781,1,1,18,18,18,18,18,18,18,18,18,18
290782,1,1,0,0,0,0,0,0,0,0,0,0
290783,1,1,0,0,0,0,0,0,0,0,0,0
290783,2,1,0,0,0,0,0,0,0,0,0,0
290784,1,1,2,2,2,2,2,2,2,2,2,2
290784,2,1,0,0,0,0,0,0,0,0,0,0
290785,1,1,29,0,0,0,0,0,0,0,0,0
290785,2,1,0,0,0,0,0,0,0,0,0,0
290786,1,1,18,18,18,18,18,18,18,18,18,18
290787,1,1,0,0,0,0,0,0,0,0,0,0
290787,2,1,0,0,0,0,0,0,0,0,0,0
290788,1,1,18,18,18,18,18,18,18,18,18,18
290789,1,1,0,0,0,0,0,0,0,0,0,0
290789,2,1,0,0,0,0,0,0,0,0,0,0
290790,1,1,0,0,0,0,0,0,0,0,0,0
290790,2,1,0,0,0,0,0,0,0,0,0,0
290791,1,1,0,0,0,0,0,0,0,0,0,0
290791,2,1,0,0,0,0,0,0,0,0,0,0
290791,3,1,0,0,0,0,0,0,0,0,0,0
290791,4,1,0,0,0,0,0,0,0,0,0,0
290791,5,1,0,0,0,0,0,0,0,0,0,0
290792,1,1,12,12,12,12,12,12,12,12,12,12
290793,1,1,12,12,12,12,12,12,12,12,12,12
290794,1,1,0,0,0,0,0,0,0,0,0,0
290795,0,1,0,0,0,0,0,0,0,0,0,0
290795,0,2,0,0,0,0,0,0,0,0,0,0
290795,1,1,0,0,0,0,0,0,0,0,0,0
290796,1,1,0,0,0,0,0,0,0,0,0,0
290796,2,1,0,0,0,0,0,0,0,0,0,0
290797,1,1,14,0,0,0,0,0,0,0,0,14
290798,1,1,0,0,0,0,0,0,0,0,0,0
290798,2,1,0,0,0,0,0,0,0,0,0,0
290799,1,1,8,8,8,8,8,8,8,8,8,8
290799,2,1,0,0,0,0,0,0,0,0,0,0
290800,0,1,37,37,37,37,37,37,37,37,37,37
290800,1,1,0,0,0,0,0,0,0,0,0,0
290801,1,1,0,0,0,0,0,0,0,25,0,0
290802,1,1,0,0,0,0,0,0,0,0,0,0
290802,2,1,0,0,0,0,0,0,0,0,0,0
290803,1,1,0,0,0,0,0,0,0,0,0,0
290803,2,1,0,10,0,0,0,0,0,0,0,0
290804,1,1,13,0,22,24,0,19,0,0,11,0
290805,1,1,1,1,1,1,1,1,1,1,1,1
290806,1,1,9,9,9,9,9,9,9,9,9,9
290807,1,1,0,0,0,0,0,0,0,0,0,0
290808,1,1,0,0,0,0,0,0,0,0,0,0
290808,2,1,0,0,0,0,0,0,0,0,0,0
290809,0,1,10,0,0,0,0,0,0,0,0,0
290809,0,2,28,0,0,0,0,22,0,0,0,0
290809,0,3,19,0,0,0,0,0,0,17,38,21
290809,1,1,0,0,0,0,0,0,0,0,0,0
290810,1,1,10,10,10,10,10,10,10,10,10,10
290810,2,1,0,0,0,0,0,0,0,0,0,0
290810,3,1,0,0,0,0,0,0,0,0,0,0
290811,0,1,0,0,0,21,0,0,0,0,0,0
290811,1,1,0,0,0,0,0,0,0,0,0,0
290812,1,1,0,12,0,12,0,13,0,0,0,0
290812,2,1,0,46,0,0,0,7,0,17,23,0
290812,3,1,0,15,0,0,0,0,0,0,22,0
290812,6,1,0,0,0,0,0,2,18,21,11,0
290813,0,1,1,1,1,1,1,1,1,1,1,1
290813,1,1,0,0,0,0,0,0,0,0,0,0
290814,0,1,0,0,14,29,0,16,23,17,0,0
290814,1,1,0,0,0,0,0,0,0,0,0,0
290815,1,1,12,12,12,12,12,12,12,12,12,12
290816,1,1,0,0,0,0,0,0,0,0,0,0
290817,1,1,0,0,5,0,0,0,0,0,0,0
290817,2,1,0,0,0,0,0,0,0,0,12,0
290818,1,1,0,0,0,0,0,0,0,0,0,0
290818,2,1,0,0,0,0,0,0,0,0,0,0
290819,1,1,0,0,0,14,0,0,20,0,0,0
290819,2,1,0,0,0,0,0,0,0,0,0,0
290820,1,1,0,0,0,0,0,0,0,0,0,0
290820,2,1,0,0,0,0,0,0,0,0,0,0
290821,1,1,0,0,0,0,0,0,0,0,0,0
290821,2,1,0,0,0,0,0,0,0,0,0,0
290822,0,1,19,19,19,19,19,19,19,19,19,19
290822,1,1,0,0,0,0,0,0,0,0,0,0
290823,0,1,0,0,0,0,0,0,0,0,0,0
290823,1,1,0,0,0,0,0,0,0,0,0,0
290824,1,1,0,0,0,0,0,0,0,0,0,0
290824,2,1,0,0,0,0,0,0,0,0,0,0
290825,1,1,0,14,19,0,0,0,0,0,0,0
290825,2,1,0,0,0,0,0,0,0,0,0,0
290826,1,1,29,29,29,29,29,29,29,29,29,29
290826,2,1,0,0,0,0,13,0,0,0,0,0
290827,1,1,0,0,0,0,0,0,0,0,0,0
290827,2,1,0,0,0,0,0,0,0,0,0,0
290827,3,1,0,0,0,0,0,0,0,0,0,0
290828,0,1,0,19,0,0,0,0,0,0,0,0
290828,1,1,0,0,0,5,0,0,13,0,28,0
290829,1,1,7,0,0,0,0,0,0,0,0,0
290829,2,1,0,0,0,0,0,0,0,0,0,0
290830,1,1,0,0,0,0,0,0,0,0,0,0
290831,1,1,16,16,16,16,16,16,16,16,16,16
290831,2,1,0,0,0,0,0,0,0,0,0,0
290832,0,1,23,23,23,23,23,23,23,23,23,23
290832,1,1,0,0,5,0,16,0,23,0,0,17
290833,1,1,0,0,0,0,0,0,0,0,0,0
290833,2,1,0,0,0,0,0,0,0,0,0,0
290835,0,1,3,3,3,3,3,3,3,3,3,3
290835,1,1,0,0,0,0,0,0,0,0,0,0
290836,1,1,0,0,0,0,0,10,0,22,0,17
290836,2,1,0,0,0,0,0,0,0,0,0,0
290837,1,1,0,0,0,0,0,0,0,0,15,0
290837,2,1,0,0,20,0,0,0,0,0,0,0
290839,1,1,0,0,0,0,0,0,0,0,0,0
290840,1,1,0,0,0,0,0,0,0,0,0,0
290841,1,1,0,0,0,0,0,0,0,0,0,0
290841,2,1,0,0,0,0,0,0,0,0,0,0
290842,1,1,0,0,0,0,0,0,0,0,0,0
290842,2,1,0,0,0,0,0,0,0,0,0,0
290843,1,1,0,0,0,0,0,0,0,0,0,0
300001,1,1,21,17,22,25,22,46,18,18,17,16
300002,1,1,21,21,21,21,21,21,21,21,21,21
300003,1,1,0,0,0,0,0,0,0,0,0,0
300003,2,1,0,0,0,0,0,0,0,0,0,0
300004,1,1,0,0,0,0,0,0,0,0,0,0
300005,0,1,0,0,0,0,0,0,0,0,16,0
300005,1,1,0,0,0,0,0,0,0,0,0,0
300006,1,1,38,38,38,38,38,38,38,38,38,38
300007,0,1,0,0,0,0,0,0,0,0,0,0
300007,1,1,0,0,0,0,0,0,0,0,0,0
300008,1,1,0,0,0,0,0,0,0,0,0,0
300008,2,1,0,0,0,0,0,0,0,0,0,0
300008,3,1,0,0,0,0,0,0,0,0,0,0
300009,0,1,0,0,0,0,0,0,0,0,0,0
300009,1,1,0,0,0,0,0,0,0,0,0,0
300010,1,1,0,0,0,0,0,0,0,0,0,0
300011,1,1,15,15,15,15,15,15,15,15,15,15
300012,1,1,27,27,27,27,27,27,27,27,27,27
300012,2,1,0,0,0,0,0,0,0,0,0,0
300013,1,1,22,22,22,22,22,22,22,22,22,22
300014,1,1,0,0,0,0,0,0,0,0,0,0
300015,0,1,24,24,24,24,24,24,24,24,24,24
300015,1,1,0,0,0,0,0,0,0,0,0,0
300016,1,1,0,0,0,0,0,0,0,0,0,0
300016,2,1,0,0,0,0,0,0,0,0,0,0
300017,1,1,0,0,0,0,0,24,18,0,0,0
300017,2,1,0,0,0,0,0,0,0,0,0,0
300018,0,1,0,0,0,0,0,0,0,0,0,0
300018,1,1,0,0,0,0,0,0,0,0,0,0
300019,1,1,0,0,0,0,0,0,0,0,0,0
300020,1,1,23,23,23,23,23,23,23,23,23,23
300021,1,1,12,12,12,12,12,12,12,12,12,12
300022,1,1,0,0,0,0,0,0,0,0,0,0
300022,2,1,0,0,0,0,0,0,0,0,0,0
300023,1,1,0,0,0,0,0,0,0,0,0,0
300024,1,1,16,16,16,16,16,16,16,16,16,16
300025,1,1,16,21,0,16,7,30,0,13,27,0
300026,1,1,0,0,0,0,0,0,0,0,0,0
300027,1,1,0,0,0,0,0,0,0,0,0,0
300028,1,1,0,0,0,0,0,0,0,0,0,0
300029,0,1,0,0,0,0,0,0,0,0,0,0