ST_CASE,VEH_NO,PER_NO,P1,P2,P3,P4,P5,P6,P7,P8,P9,P10
300029,1,1,25,25,25,25,25,25,25,25,25,25
300030,1,1,0,0,0,0,0,0,0,0,0,0
300030,2,1,0,0,0,0,0,0,0,0,0,0
300031,1,1,0,0,0,0,0,0,0,0,0,0
300032,0,1,8,8,8,8,8,8,8,8,8,8
300032,1,1,0,0,0,0,0,0,0,0,0,0
300033,0,1,7,7,7,7,7,7,7,7,7,7
300033,1,1,0,0,0,0,0,0,0,0,0,0
300034,1,1,0,0,0,0,0,0,0,0,0,0
300034,2,1,0,0,0,0,0,0,0,0,0,0
300035,1,1,36,36,36,36,36,36,36,36,36,36
300036,1,1,20,20,20,20,20,20,20,20,20,20
300037,1,1,14,8,17,20,17,23,15,19,9,6
300038,1,1,21,21,21,21,21,21,21,21,21,21
300039,1,1,26,18,0,6,15,0,0,8,21,0
300039,2,1,0,0,0,0,0,12,0,0,0,0
300040,1,1,0,0,0,0,0,0,0,0,0,0
300040,2,1,0,0,0,0,0,0,0,0,0,0
300041,1,1,12,12,12,12,12,12,12,12,12,12
300042,1,1,5,21,16,7,0,7,20,7,0,13
300042,2,1,0,0,0,0,0,0,0,0,0,0
300043,1,1,0,0,0,0,0,0,0,0,0,0
300044,1,1,23,23,23,23,23,23,23,23,23,23
300045,1,1,0,0,0,0,0,0,0,0,0,0
300046,1,1,0,0,0,0,0,17,0,0,0,0
300046,2,1,0,0,0,0,0,0,0,0,0,0
300047,1,1,0,0,0,0,0,0,0,0,0,0
300047,2,1,0,0,0,0,0,0,0,0,0,0
300047,3,1,0,0,0,0,0,0,0,0,0,0
300048,1,1,6,6,6,6,6,6,6,6,6,6
300049,1,1,16,16,16,16,16,16,16,16,16,16
300050,1,1,0,0,0,0,0,0,0,0,0,0
300051,1,1,9,21,4,15,18,0,18,30,5,9
300052,1,1,0,0,0,0,0,0,0,0,0,0
300053,1,1,0,0,0,0,0,0,0,0,0,0
300053,2,1,0,0,0,0,0,0,0,0,0,0
300054,1,1,26,26,26,26,26,26,26,26,26,26
300055,1,1,11,11,11,11,11,11,11,11,11,11
300056,1,1,0,0,0,0,0,0,0,0,0,0
300057,1,1,8,8,8,8,8,8,8,8,8,8
300058,1,1,17,19,16,10,23,12,8,19,18,12
300059,1,1,0,0,0,0,0,0,0,0,0,0
300059,2,1,0,0,0,0,0,0,0,0,0,0
300060,1,1,9,9,9,9,9,9,9,9,9,9
300061,1,1,0,0,0,0,0,0,0,0,0,0
300061,2,1,0,0,0,0,0,0,0,0,0,0
300062,1,1,0,0,0,0,0,0,0,0,0,0
300062,2,1,0,0,0,0,0,0,0,0,0,0
300063,1,1,23,23,23,23,23,23,23,23,23,23
300064,1,1,0,0,0,0,0,0,0,0,0,0
300064,2,1,0,0,0,0,0,0,0,0,0,0
300065,1,1,0,0,0,0,0,0,0,0,0,0
300066,1,1,24,24,24,24,24,24,24,24,24,24
300067,1,1,0,0,0,0,0,0,16,0,0,0
300067,2,1,0,0,0,0,0,0,0,0,0,0
300068,1,1,0,0,0,0,0,0,0,0,0,0
300069,1,1,30,30,30,30,30,30,30,30,30,30
300070,1,1,13,13,13,13,13,13,13,13,13,13
300070,2,1,2,2,2,2,2,2,2,2,2,2
300071,1,1,0,0,0,0,0,0,0,0,0,0
300072,1,1,22,22,22,22,22,22,22,22,22,22
300073,0,1,0,0,0,0,0,0,0,0,0,0
300073,1,1,0,0,0,0,0,0,0,0,0,0
300074,1,1,14,11,0,0,0,0,0,2,0,0
300074,2,1,0,0,0,0,0,0,0,0,0,0
300075,1,1,0,0,0,0,0,0,0,0,0,0
300076,1,1,0,0,0,0,0,0,0,0,0,0
300077,1,1,0,0,0,0,0,0,0,0,0,0
300078,1,1,0,0,0,0,0,0,0,0,0,0
300078,2,1,0,0,0,0,0,0,0,0,0,0
300079,1,1,9,9,9,9,9,9,9,9,9,9
300080,1,1,0,0,0,0,0,0,0,0,0,0
300080,2,1,0,0,0,0,0,0,0,0,0,0
300081,1,1,0,0,0,0,0,0,0,0,0,0
300082,1,1,0,0,0,0,12,0,0,0,0,0
300082,2,1,0,0,0,0,0,0,0,0,0,0
300083,0,1,0,0,0,0,0,0,0,0,0,0
300083,1,1,0,0,0,0,0,0,0,0,0,0
300084,1,1,18,18,18,18,18,18,18,18,18,18
300085,1,1,0,0,0,0,0,0,0,0,0,0
300086,0,1,0,0,0,0,0,0,21,0,0,0
300086,1,1,0,0,0,0,0,0,0,0,0,0
300087,1,1,0,0,0,0,0,0,0,0,0,0
300088,1,1,19,19,19,19,19,19,19,19,19,19
300088,2,1,0,0,0,0,0,0,0,0,0,0
300089,1,1,10,10,10,10,10,10,10,10,10,10
300090,1,1,0,0,0,0,0,0,0,0,0,0
300090,2,1,0,0,0,10,0,0,0,0,0,0
300091,1,1,26,26,26,26,26,26,26,26,26,26
300092,1,1,0,0,0,0,0,0,0,0,0,0
300092,2,1,0,0,0,0,0,0,0,0,0,0
300093,1,1,0,0,0,0,0,0,0,0,0,0
300094,1,1,0,0,0,0,0,0,0,0,0,0
300095,1,1,36,36,36,36,36,36,36,36,36,36
300096,1,1,0,0,0,0,0,0,0,0,0,0
300096,2,1,0,0,0,0,0,0,0,0,0,0
300097,1,1,0,0,0,0,0,0,0,0,0,0
300098,1,1,0,0,0,0,0,0,0,0,0,0
300098,2,1,0,0,0,0,0,0,0,0,0,0
300099,0,1,0,0,0,0,0,0,0,0,0,0
300099,1,1,0,0,0,0,0,0,0,0,0,0
300100,1,1,39,39,39,39,39,39,39,39,39,39
300101,1,1,18,18,18,18,18,18,18,18,18,18
300102,1,1,18,18,18,18,18,18,18,18,18,18
300103,1,1,0,0,0,0,0,0,0,0,0,0
300104,1,1,0,0,0,0,33,0,0,0,0,0
300105,1,1,0,0,0,0,0,0,0,0,0,0
300105,2,1,0,0,0,0,0,0,0,0,0,0
300106,1,1,0,0,0,0,0,0,0,0,0,0
300107,1,1,29,29,29,29,29,29,29,29,29,29
300108,1,1,12,12,12,12,12,12,12,12,12,12
300109,0,1,0,0,0,0,0,0,0,0,0,0
300109,1,1,0,0,0,0,0,0,0,0,0,0
300110,1,1,0,0,0,0,0,0,0,0,0,0
300110,2,1,0,0,0,0,0,0,0,0,0,0
300111,1,1,21,21,21,21,21,21,21,21,21,21
300112,0,1,0,0,0,0,0,0,0,0,0,0
300112,1,1,0,0,0,0,0,0,0,0,0,0
300113,1,1,18,18,18,18,18,18,18,18,18,18
300113,2,1,0,0,0,0,0,0,0,0,0,0
300114,1,1,22,22,22,22,22,22,22,22,22,22
300114,2,1,0,0,0,0,0,0,0,0,0,0
300115,1,1,0,0,0,0,0,0,0,0,0,0
300116,1,1,14,14,14,14,14,14,14,14,14,14
300117,1,1,0,0,0,0,0,0,0,0,0,0
300117,2,1,0,0,0,0,0,0,0,0,0,0
300118,1,1,0,0,0,0,0,0,0,0,0,0
300119,1,1,0,0,0,0,0,0,0,0,0,0
300120,1,1,19,19,19,19,19,19,19,19,19,19
300120,2,1,0,0,0,0,0,0,0,0,0,0
300121,1,1,0,0,0,0,0,0,0,0,0,0
300121,2,1,0,0,0,0,0,0,0,0,0,0
300122,1,1,0,0,0,0,0,0,0,0,0,0
300123,0,1,0,0,57,42,19,0,0,19,31,0
300123,1,1,0,0,0,0,0,0,0,0,0,0
300124,1,1,0,0,0,0,0,0,0,0,0,0
300124,2,1,4,4,4,4,4,4,4,4,4,4
300125,1,1,0,0,0,0,0,0,0,0,0,0
300125,2,1,0,0,0,0,0,0,0,0,0,0
300126,1,1,35,0,0,0,0,0,0,0,0,0
300127,1,1,0,0,0,0,0,0,0,0,0,0
300127,2,1,0,0,0,0,0,0,0,0,0,0
300128,1,1,0,0,0,0,0,0,0,0,0,0
300128,2,1,0,0,0,0,0,0,0,0,0,0
300129,1,1,0,0,0,0,0,0,0,0,0,0
300130,1,1,0,0,0,0,13,0,7,0,0,0
300131,1,1,2,2,2,2,2,2,2,2,2,2
300131,2,1,0,0,0,0,6,0,0,0,0,0
300132,1,1,0,0,0,0,0,0,0,0,0,0
300133,1,1,0,0,0,0,0,0,0,0,0,0
300133,2,1,0,0,0,0,0,0,0,0,0,0
300133,3,1,0,0,0,0,0,0,0,0,0,0
300134,1,1,0,0,0,0,0,0,0,0,0,0
300134,2,1,8,0,5,0,0,0,0,0,0,0
300135,1,1,17,17,17,17,17,17,17,17,17,17
300136,1,1,0,0,0,0,0,0,0,0,0,0
300137,1,1,16,16,16,16,16,16,16,16,16,16
300138,0,1,0,0,0,0,0,0,0,0,29,0
300138,1,1,14,14,14,14,14,14,14,14,14,14
300139,1,1,0,0,0,0,0,0,0,0,0,0
300140,1,1,0,0,0,0,0,0,0,0,0,0
300140,2,1,0,0,0,0,0,0,0,0,0,0
300141,1,1,18,18,18,18,18,18,18,18,18,18
300142,1,1,0,0,0,0,0,0,0,0,0,0
300143,1,1,15,24,12,15,23,23,22,11,19,10
300144,1,1,0,0,0,0,0,0,0,0,0,0
300144,2,1,14,14,14,14,14,14,14,14,14,14
300145,1,1,15,15,15,15,15,15,15,15,15,15
300146,1,1,0,0,0,0,0,0,0,0,0,0
300147,1,1,0,0,0,0,0,0,0,0,0,0
300148,1,1,0,0,0,0,0,0,0,0,0,0
300149,1,1,18,18,18,18,18,18,18,18,18,18
300149,2,1,0,0,0,0,0,0,0,0,0,0
300150,1,1,23,23,23,23,23,23,23,23,23,23
300151,1,1,0,0,0,0,0,0,0,0,0,0
300152,1,1,30,30,30,30,30,30,30,30,30,30
300153,1,1,0,0,0,0,0,0,0,0,0,0
300154,0,1,0,0,0,0,0,0,0,16,38,0
300154,1,1,0,0,0,0,0,0,0,0,0,0
300155,1,1,0,0,0,0,0,0,0,0,0,0
300155,2,1,0,0,0,0,0,0,0,0,0,0
300156,1,1,0,0,0,0,0,0,0,14,0,0
300157,1,1,11,29,25,26,15,16,20,16,31,10
300158,1,1,0,0,0,0,0,0,0,0,0,0
300158,2,1,0,0,0,0,0,0,0,0,0,0
300159,0,1,0,0,0,0,0,42,0,0,42,0
300159,1,1,0,0,0,0,0,0,0,0,0,0
300160,0,1,0,0,23,0,0,0,0,0,21,0
300160,1,1,13,0,0,0,20,0,0,0,9,21
300161,1,1,0,0,0,0,0,0,0,0,0,0
300162,0,1,15,13,17,24,0,0,0,0,0,13
300162,1,1,30,39,20,9,16,14,43,6,28,26
300163,1,1,0,0,0,0,0,0,0,0,0,0
300163,2,1,0,0,0,0,0,0,31,0,0,0
300164,1,1,0,0,0,0,0,0,0,0,0,0
300164,2,1,0,0,0,0,0,0,0,0,0,0
300165,1,1,0,0,0,0,0,0,0,0,0,0
300166,1,1,24,24,24,24,24,24,24,24,24,24
310001,1,1,0,0,0,0,0,0,0,0,0,0
310001,2,1,0,0,0,0,0,0,0,0,0,0
310002,1,1,0,0,0,0,0,0,0,0,0,0
310002,2,1,0,0,0,0,0,0,0,0,0,0
310003,1,1,13,13,13,13,13,13,13,13,13,13
310004,1,1,17,0,0,0,0,0,0,0,0,0
310004,2,1,0,0,0,0,0,0,0,0,0,0
310005,1,2,0,0,19,0,20,9,0,0,24,0
310006,1,1,0,0,0,0,0,0,0,0,0,0
310006,2,1,0,0,0,0,0,0,0,0,0,0
310008,1,1,0,0,0,0,0,0,0,0,0,0
310009,0,1,0,0,0,0,0,0,0,0,0,0
310009,1,1,2,2,2,2,2,2,2,2,2,2
310010,1,1,20,20,20,20,20,20,20,20,20,20
310011,0,1,0,24,0,16,0,24,0,16,0,0
310011,1,1,0,0,18,23,0,0,3,0,19,0
310012,1,1,21,21,21,21,21,21,21,21,21,21
310013,1,1,0,0,0,0,0,0,0,0,0,0
310013,2,1,0,0,0,0,0,0,0,0,0,0
310014,0,1,0,33,11,16,0,0,0,17,0,22
310014,1,1,11,30,0,0,0,0,0,0,0,2
310015,1,1,0,0,0,0,0,0,0,0,0,0
310015,2,1,0,0,0,0,0,0,0,0,0,0
310016,1,1,0,0,0,0,0,0,0,0,0,0
310016,2,1,0,0,0,0,0,0,0,0,0,0
310017,1,1,0,0,0,6,0,0,0,0,0,0
310017,2,1,25,25,25,25,25,25,25,25,25,25
310018,1,1,0,0,0,0,0,0,0,0,0,0
310018,2,1,0,0,0,0,0,0,0,0,0,0
310019,1,1,0,0,0,0,0,0,0,0,0,0
310020,1,1,0,0,0,0,0,0,0,0,0,0
310021,1,1,28,28,28,28,28,28,28,28,28,28
310022,1,1,11,7,0,0,0,0,0,0,0,14
310023,0,1,0,0,0,0,0,0,0,0,0,0
310023,1,1,0,0,0,0,0,0,0,0,0,0
310024,1,1,11,11,11,11,11,11,11,11,11,11
310025,1,1,0,0,0,0,18,0,0,0,8,0
310026,1,1,15,15,15,15,15,15,15,15,15,15
310027,1,1,0,0,0,0,0,0,0,0,0,0
310028,1,1,13,0,0,0,0,0,0,0,0,0
310028,2,1,0,0,0,0,0,0,0,0,0,0
310029,1,1,0,0,0,0,0,0,0,0,0,0
310029,2,1,0,0,0,0,0,0,0,0,0,0
310030,1,1,0,0,0,0,0,12,0,17,20,0
310030,2,1,17,0,0,0,0,0,0,0,0,0
310031,1,1,0,0,0,0,0,0,0,0,0,0
310031,2,1,0,0,0,0,0,0,0,0,0,0
310032,1,1,0,0,0,0,0,0,0,0,0,0
310033,1,1,16,16,16,16,16,16,16,16,16,16
310034,1,1,0,0,0,0,0,0,0,0,0,0
310035,1,1,0,0,0,0,0,0,0,0,0,0
310036,1,1,11,11,11,11,11,11,11,11,11,11
310037,1,1,0,0,0,0,0,0,0,0,0,0
310038,1,1,0,0,11,28,0,0,15,14,0,0
310039,1,1,0,0,0,0,0,0,0,0,0,0
310039,2,1,0,0,0,0,0,0,0,0,0,0
310040,1,1,15,15,15,15,15,15,15,15,15,15
310040,2,1,0,0,0,0,0,0,0,0,0,0
310041,1,1,0,0,0,17,0,12,0,11,0,0
310042,1,1,0,0,0,0,0,0,0,0,0,0
310043,1,1,0,0,0,0,0,0,0,0,0,0
310043,2,1,2,2,2,2,2,2,2,2,2,2
310044,0,1,0,0,0,0,0,0,0,0,0,0
310044,1,1,0,0,0,0,0,0,0,0,0,0
310045,1,1,0,0,0,0,0,0,0,0,0,0
310045,2,1,0,0,0,0,0,0,0,0,0,0
310046,1,1,6,6,6,6,6,6,6,6,6,6
310046,2,1,0,6,0,8,0,8,23,9,0,0
310047,1,1,0,0,0,0,0,0,0,0,0,0
310047,2,1,0,0,0,0,0,0,0,0,0,0
310048,1,1,14,14,14,14,14,14,14,14,14,14
310049,1,1,17,17,17,17,17,17,17,17,17,17
310050,1,1,25,25,25,25,25,25,25,25,25,25
310051,1,1,28,28,28,28,28,28,28,28,28,28
310052,1,1,40,40,40,40,40,40,40,40,40,40
310053,1,1,0,0,0,0,0,0,0,0,0,0
310053,2,1,0,0,0,0,0,0,0,0,0,0
310054,1,1,0,0,0,0,0,0,0,0,0,0
310054,2,1,0,0,0,0,0,0,0,3,0,0
310055,1,1,0,0,0,0,0,0,0,0,0,0
310055,2,1,0,0,0,0,0,0,0,0,0,0
310056,1,1,16,0,0,0,0,0,0,0,0,0
310056,2,1,0,0,0,0,0,0,0,0,0,0
310057,1,1,0,0,0,0,0,0,0,0,0,0
310058,1,1,0,0,0,0,0,0,0,0,0,0
310058,2,1,0,0,0,0,0,0,0,0,0,0
310059,1,1,0,0,0,0,0,0,0,0,0,0
310059,2,1,0,0,0,0,0,0,0,0,0,0
310060,1,1,0,0,0,0,0,0,0,0,0,0
310060,2,1,14,14,14,14,14,14,14,14,14,14
310061,1,1,11,11,11,11,11,11,11,11,11,11
310062,1,1,0,0,0,0,0,0,0,0,0,0
310062,2,1,0,0,0,0,0,0,0,0,0,0
310063,1,1,33,33,33,33,33,33,33,33,33,33
310064,1,1,0,0,0,0,0,0,0,0,0,0
310064,2,1,0,0,0,0,0,0,0,0,0,0
310065,1,1,0,0,0,0,0,0,0,0,0,0
310065,2,1,0,0,0,0,0,0,0,0,0,0
310066,1,1,0,0,0,0,0,0,0,0,0,0
310067,1,1,9,9,9,9,9,9,9,9,9,9
310068,0,1,0,0,13,0,24,0,0,0,14,0
310068,1,1,0,0,0,0,0,0,0,0,0,0
310069,1,1,3,0,32,0,17,14,0,0,0,0
310070,1,1,30,30,30,30,30,30,30,30,30,30
310071,1,1,0,0,0,0,0,0,0,0,0,0
310072,1,1,11,11,11,11,11,11,11,11,11,11
310073,0,1,0,0,0,0,0,0,0,0,0,0
310073,1,1,14,14,14,14,14,14,14,14,14,14
310074,1,1,10,5,19,15,20,19,22,12,18,25
310076,1,1,26,14,41,22,5,24,11,37,12,14
310077,1,1,0,5,24,0,19,0,6,0,0,9
310077,2,1,1,1,1,1,1,1,1,1,1,1
310078,1,1,0,0,0,0,0,0,0,0,0,0
310078,2,1,0,0,0,0,0,0,0,0,0,0
310079,1,1,0,0,0,0,0,0,0,0,0,0
310079,2,1,0,0,0,0,0,0,0,0,0,0
310080,1,1,0,0,0,0,0,11,0,0,0,0
310080,2,1,7,7,7,7,7,7,7,7,7,7
310081,1,1,33,33,33,33,33,33,33,33,33,33
310081,2,1,0,0,0,0,0,0,0,0,0,0
310082,1,1,0,0,0,0,0,0,0,0,0,0
310082,2,1,0,0,0,0,0,0,0,0,0,0
310083,1,1,0,0,0,0,0,0,0,0,0,0
310083,2,1,0,0,0,0,0,0,0,41,0,0
310084,1,1,0,0,0,0,0,0,0,0,0,0
310084,2,1,0,0,0,0,0,0,0,0,0,0
310085,1,1,0,0,0,0,0,0,0,0,0,0
310085,2,1,0,0,0,0,0,0,0,0,0,0
310086,1,1,0,0,0,0,0,0,0,0,0,0
310086,2,1,0,0,0,0,0,0,0,0,0,0
310086,3,1,20,0,0,0,0,0,0,0,11,0
310087,1,1,0,0,0,23,0,0,0,0,0,0
310087,2,1,0,0,0,0,0,0,0,0,0,0
310087,3,1,0,0,0,0,0,0,0,0,0,0
310088,1,1,0,0,0,0,0,0,0,0,0,0
310088,2,1,0,0,0,0,21,0,0,0,0,0
310089,1,1,12,23,0,0,0,0,0,0,17,0
310089,2,1,0,0,0,0,0,21,0,0,0,0
310089,3,1,0,0,0,0,0,0,0,0,0,0
310090,1,1,0,0,0,0,0,0,0,0,0,0
310090,2,1,0,0,0,0,0,0,0,0,0,0
310090,3,1,0,0,0,0,0,0,0,11,0,0
310091,1,1,0,0,0,0,0,0,0,0,0,0
310092,1,1,19,19,19,19,19,19,19,19,19,19
310093,1,1,0,22,13,18,8,10,20,21,23,21
310094,1,1,0,0,0,0,0,0,17,0,0,0
310094,2,1,0,0,0,0,0,0,0,0,0,0
310094,3,1,0,0,0,0,0,0,4,21,0,0
310094,4,1,0,0,0,0,0,0,0,0,0,0
310095,1,1,23,23,23,23,23,23,23,23,23,23
310095,2,1,0,0,0,0,0,0,0,0,0,0
310095,3,1,0,0,0,0,0,0,0,0,0,0
310096,1,1,0,0,0,0,0,29,0,26,14,0
310096,2,1,0,0,0,0,0,0,0,0,0,0
310096,3,1,0,0,0,0,0,0,0,0,0,0
310096,4,1,0,0,0,0,0,0,0,0,0,0
310097,1,1,20,0,29,0,0,0,0,0,0,0
310097,2,1,0,0,10,0,0,0,0,0,0,0
310097,3,1,0,0,0,0,0,0,0,0,0,0
310098,1,1,0,0,0,0,0,0,0,0,0,0
310098,2,1,0,0,0,0,0,0,0,0,0,0
310098,3,1,0,0,0,0,0,0,0,0,0,0
310099,1,1,0,0,0,0,0,0,0,0,0,0
310100,1,1,0,0,0,0,0,0,0,0,0,0
310100,2,1,0,0,0,0,0,0,0,0,0,0
310101,1,1,0,0,0,0,0,0,0,0,0,0
310101,2,1,0,0,0,0,0,0,0,0,0,0
310102,1,1,0,0,0,0,0,0,0,0,0,0
310102,2,1,0,0,0,0,0,0,0,0,0,0
310103,1,1,0,0,0,0,0,0,0,0,0,0
310103,2,1,0,0,0,0,0,0,0,0,0,0
310104,1,1,0,0,0,0,0,0,0,0,0,0
310104,2,1,0,0,0,0,0,0,0,0,0,0
310105,1,1,0,0,0,0,0,0,0,0,0,0
310105,2,1,0,0,0,0,0,0,0,0,0,0
310106,1,1,0,0,0,0,0,0,0,0,0,0
310106,2,1,0,0,0,0,0,0,0,0,0,0
310107,1,1,0,0,0,0,0,0,0,0,0,0
310107,2,1,0,0,0,0,0,0,0,0,0,0
310108,1,1,0,0,0,0,0,0,0,0,0,0
310108,2,1,0,0,0,0,0,0,0,0,0,0
310109,1,1,0,0,0,0,0,0,0,0,0,0
310109,2,1,0,0,0,0,0,0,0,0,0,0
310110,0,1,0,0,0,0,0,0,0,0,0,0
310110,1,1,0,0,0,0,0,0,0,0,0,0
310111,1,1,17,17,17,17,17,17,17,17,17,17
310112,1,1,0,0,0,0,0,0,0,0,0,0
310113,1,1,0,0,0,0,0,0,0,0,0,0
310114,1,1,0,0,0,0,0,0,0,0,0,0
310115,1,1,3,3,3,3,3,3,3,3,3,3
310116,1,1,12,12,12,12,12,12,12,12,12,12
310117,1,1,0,0,0,0,0,0,0,0,0,0
310118,0,1,0,0,0,0,0,0,0,0,0,0
310118,1,1,0,0,0,0,0,0,0,0,0,0
310119,1,1,14,0,0,22,2,0,9,26,32,11
310120,1,1,0,0,0,0,0,0,0,0,0,0
310120,2,1,0,0,0,0,0,0,0,0,0,0
310121,1,1,0,0,0,0,0,0,0,0,0,0
310121,2,1,0,0,0,0,0,0,0,0,0,0
310122,1,1,0,0,0,0,0,0,0,0,0,0
310122,2,1,0,0,0,0,0,0,0,0,0,0
310123,1,1,0,0,0,0,0,0,0,0,0,0
310123,2,1,0,0,0,0,0,0,0,0,0,0
310124,1,1,0,0,0,0,0,0,0,0,0,0
310124,2,1,0,0,0,0,0,0,0,0,0,0
310125,0,1,0,0,0,0,0,0,0,0,0,0
310125,1,1,0,0,0,0,0,0,0,0,0,0
310126,1,1,13,12,13,3,22,12,27,0,17,0
310127,1,1,0,0,0,0,0,0,0,0,0,0
310127,2,1,0,0,0,0,0,0,0,0,0,0
310128,1,1,0,0,0,0,0,0,0,0,0,0
310128,2,1,0,0,0,0,0,0,0,0,0,0
310129,1,1,0,0,0,0,0,0,0,0,0,0
310129,2,1,0,0,0,0,0,0,0,0,0,0
310130,1,1,0,0,0,0,0,0,0,0,0,0
310131,0,1,0,0,0,26,0,33,0,0,16,0
310131,1,1,0,0,0,0,0,0,0,0,0,0
310133,1,1,0,0,0,0,0,0,0,0,0,0
310133,2,1,0,0,0,0,0,0,0,0,0,0
310134,1,1,0,0,0,0,0,0,0,0,0,8
310134,2,1,0,0,0,0,0,0,0,0,0,0
310135,1,1,18,18,18,18,18,18,18,18,18,18
310136,0,1,0,0,0,0,0,0,0,0,0,0
310136,1,1,0,0,0,0,0,0,0,0,0,0
310137,1,1,0,0,0,0,0,0,0,0,0,0
310137,2,1,0,0,0,0,0,0,0,0,0,0
310138,1,1,0,0,0,0,0,0,0,0,0,0
310138,2,1,0,0,0,0,0,0,0,0,0,0
310139,1,1,0,12,0,0,0,15,0,26,0,0
310139,2,1,0,0,0,12,3,0,0,0,0,0
310140,1,1,27,27,27,27,27,27,27,27,27,27
310141,1,1,6,6,6,6,6,6,6,6,6,6
310142,1,1,0,0,0,0,0,0,0,0,0,0
310143,1,1,0,0,0,0,0,0,0,0,0,0
310144,1,1,0,0,0,0,0,0,11,0,0,0
310145,1,1,0,0,0,0,0,0,0,0,0,0
310146,1,1,0,0,0,21,0,0,29,0,0,0
310147,1,1,0,14,0,0,0,0,0,0,18,0
310148,1,1,0,0,0,0,0,0,0,0,0,0
310148,2,1,0,0,0,0,0,0,0,0,0,0
310149,1,1,0,0,0,0,0,0,0,0,0,0
310149,2,1,0,0,0,0,0,0,0,0,0,0
310150,1,1,0,0,0,0,0,0,0,0,0,0
310150,2,1,0,0,0,0,0,0,0,0,0,0
310151,1,1,16,16,16,16,16,16,16,16,16,16
310151,2,1,0,0,0,0,0,0,0,0,0,0
310152,1,1,0,0,0,0,0,0,0,0,0,0
310152,2,1,0,0,0,0,0,0,0,0,0,0
310153,1,1,0,0,0,0,0,0,0,0,0,0
310153,2,1,0,0,0,0,0,0,0,0,0,0
310154,0,1,0,0,25,0,10,0,0,4,0,0
310154,1,1,0,0,0,0,0,0,0,0,0,0
310155,1,1,27,27,27,27,27,27,27,27,27,27
310156,1,1,0,0,0,0,0,0,0,0,0,0
310157,1,1,0,0,0,0,0,0,0,0,0,0
310158,1,1,16,16,16,16,16,16,16,16,16,16
310159,1,1,0,0,0,0,0,0,0,0,0,0
310160,1,1,0,0,0,0,0,0,0,0,0,0
310161,0,1,0,0,0,0,0,0,0,0,0,0
310161,1,1,0,0,0,0,0,0,0,0,0,0
310162,1,1,0,0,0,0,0,0,0,0,0,0
310162,2,1,26,0,0,0,0,0,0,24,0,0
310164,1,1,0,0,0,0,0,0,0,0,0,0
310164,2,1,5,5,5,5,5,5,5,5,5,5
310165,1,1,3,3,3,3,3,3,3,3,3,3
310165,2,1,0,0,0,0,0,0,0,0,0,0
310167,1,1,0,0,0,0,0,0,0,0,0,0
310167,2,1,0,0,0,0,0,0,0,0,16,0
310168,1,1,0,0,0,0,0,0,11,16,0,0
310168,2,1,0,0,0,0,4,0,0,0,0,0
310169,1,1,0,0,0,0,0,0,0,0,0,0
310170,1,1,6,6,6,6,6,6,6,6,6,6
310171,1,1,0,0,0,0,0,0,26,15,0,0
310171,2,1,0,0,0,0,0,0,0,0,0,0
310172,1,1,0,0,0,0,0,0,0,0,0,0
310172,2,1,0,0,0,0,0,0,0,0,0,0
310173,1,1,6,7,15,8,0,0,6,17,16,17
310174,0,1,0,0,0,0,0,0,0,0,0,0
310174,1,1,0,0,0,0,0,0,0,0,0,0
310175,1,1,0,0,0,0,0,0,0,0,0,0
310175,2,1,0,0,0,0,0,0,0,0,0,0
310176,0,1,0,0,0,0,0,0,0,0,0,0
310176,1,1,0,0,0,0,0,0,0,0,0,0
310177,0,1,0,0,0,13,0,10,0,0,13,0
310177,1,1,0,0,0,0,0,0,0,0,0,0
310178,1,1,0,0,0,0,0,0,0,0,0,0
310178,2,1,0,0,0,0,0,0,0,0,0,0
310179,1,1,0,19,0,23,19,0,8,12,14,0
310179,2,1,0,0,0,0,0,0,0,0,0,0
310179,3,1,21,16,0,16,0,0,0,0,0,10
310180,1,1,0,0,0,0,0,0,0,0,0,0
310180,2,1,0,0,0,0,0,0,0,0,0,0
310180,3,1,0,0,0,0,0,0,0,0,0,0
310180,4,1,0,0,0,0,0,0,0,0,0,0
310181,1,1,4,12,0,22,34,13,14,9,8,8
310181,2,1,10,10,10,10,10,10,10,10,10,10
310182,1,1,0,0,0,0,0,0,0,0,0,0
310183,1,1,0,0,0,0,0,0,0,0,0,0
310183,2,1,0,0,0,0,0,0,0,0,0,0
310184,1,1,0,0,0,0,0,0,0,0,0,18
310184,2,1,0,0,0,0,0,0,0,0,0,0
310185,1,1,31,31,31,31,31,31,31,31,31,31
310186,1,1,15,15,15,15,15,15,15,15,15,15
310187,1,1,0,0,0,0,0,0,0,0,0,0
310187,2,1,0,0,0,0,0,0,0,0,0,0
310188,1,1,23,23,23,23,23,23,23,23,23,23
310189,1,1,0,0,0,0,0,0,0,0,0,0
310189,2,1,0,0,0,0,0,0,0,0,0,0
310190,1,1,0,0,0,0,0,0,0,0,0,0
310190,2,1,0,0,0,0,0,0,0,0,0,0
310191,0,1,0,0,10,21,0,0,0,0,0,0
310191,1,1,0,0,0,0,0,0,0,0,0,0