ST_CASE,VEH_NO,PER_NO,P1,P2,P3,P4,P5,P6,P7,P8,P9,P10
310192,1,1,0,0,0,0,0,0,0,0,0,0
310192,2,1,0,0,0,0,0,0,0,0,0,0
310193,1,1,0,0,0,0,0,0,0,0,0,0
310193,2,1,0,0,0,0,0,0,0,0,0,0
310193,3,1,0,0,0,0,0,0,0,0,0,0
310194,0,1,0,0,0,12,26,5,0,0,11,0
310194,1,1,0,23,0,0,0,0,0,0,0,0
310195,1,1,0,0,0,0,0,0,0,0,0,0
310195,2,1,0,0,0,0,0,0,0,0,0,0
310196,0,1,0,0,0,0,0,0,0,0,0,0
310196,1,1,0,0,0,0,0,0,0,0,0,0
310197,1,1,0,0,0,0,0,0,0,0,0,0
310197,2,1,0,0,0,0,0,0,0,0,0,0
310197,3,1,0,0,0,0,0,0,0,0,0,0
310197,4,1,0,0,0,0,0,0,0,0,0,0
310198,1,1,0,0,0,0,0,0,0,0,0,0
310199,1,1,30,16,6,10,18,9,37,8,9,14
310200,1,1,0,0,0,0,0,0,0,0,0,0
310200,2,1,0,0,0,0,0,0,0,0,0,0
310200,3,1,0,0,0,0,0,0,0,0,0,0
310200,4,1,0,0,0,0,0,0,0,0,0,0
310200,5,1,0,0,0,0,0,0,0,0,0,0
310200,6,1,0,0,0,0,0,0,0,0,0,0
310200,7,1,0,0,0,0,0,0,0,0,0,0
310201,0,1,0,0,0,0,0,0,21,30,0,0
310201,1,1,0,0,0,0,0,0,0,0,0,0
310202,1,1,14,28,21,14,30,17,18,14,13,20
310203,1,1,0,14,17,3,10,21,0,14,12,0
310203,2,1,0,0,0,0,0,0,0,0,0,0
310204,1,1,0,0,15,19,19,0,15,12,0,20
310205,1,1,0,0,0,0,0,0,0,0,0,0
310205,2,1,0,0,0,0,0,0,0,0,0,0
310206,1,1,0,0,0,0,0,0,0,0,0,0
310206,2,1,0,0,0,0,0,0,0,0,0,0
310207,1,1,0,0,0,0,0,0,0,0,0,0
310207,2,1,0,0,0,0,0,0,0,0,0,0
310208,1,1,0,0,0,0,0,0,0,0,0,0
310208,2,1,0,0,0,0,0,0,0,0,0,0
310209,1,1,0,0,0,0,0,0,0,0,0,0
310210,1,1,0,0,0,0,0,0,0,0,0,0
310210,2,1,0,0,0,0,0,24,0,0,0,0
310211,1,1,0,0,0,0,0,0,0,0,0,0
310211,2,1,0,0,0,0,0,0,0,0,0,0
310212,1,1,0,0,0,0,0,0,0,0,0,0
310212,2,1,0,0,0,0,9,0,0,0,0,0
310213,0,1,31,26,23,31,11,18,10,10,22,0
310213,1,1,0,0,0,0,0,0,0,0,0,4
310214,1,1,0,0,6,0,0,0,0,0,0,0
310214,2,1,0,0,0,0,0,0,0,0,0,0
310215,1,1,0,0,0,0,0,0,0,0,0,0
310215,2,1,0,0,0,0,0,0,0,0,0,0
310215,3,1,0,0,0,16,16,0,0,0,0,0
310215,4,1,0,0,0,0,0,0,0,0,0,0
310215,5,1,0,0,0,0,0,0,0,0,0,0
310216,1,1,0,0,0,0,0,0,0,0,0,0
310216,2,1,0,0,0,0,0,0,0,0,0,0
310216,3,1,0,0,0,0,0,0,0,0,0,0
310216,4,1,0,0,0,0,0,0,0,0,0,0
310216,5,1,0,0,0,0,0,0,0,0,0,0
310216,6,1,0,0,0,0,0,0,0,0,0,0
310216,7,1,0,0,0,0,0,0,0,0,0,0
310217,1,1,0,21,0,35,0,0,0,0,0,0
320001,0,1,0,0,0,0,0,0,0,0,0,0
320001,1,1,0,0,0,0,0,0,0,0,0,0
320002,0,1,34,34,34,34,34,34,34,34,34,34
320002,1,1,0,0,0,0,0,0,0,0,0,0
320003,0,1,0,0,0,0,0,14,16,0,26,0
320003,1,1,0,0,0,0,0,0,0,0,0,31
320004,1,1,0,0,0,0,0,0,0,0,0,0
320004,2,1,0,0,0,0,0,0,0,0,0,0
320005,0,1,0,0,0,0,0,0,0,0,0,0
320005,1,1,19,19,19,19,19,19,19,19,19,19
320005,2,1,0,0,0,0,0,0,0,0,0,0
320006,0,1,0,0,0,0,0,0,0,0,0,0
320006,1,1,0,0,0,0,0,0,0,0,0,0
320007,1,1,0,0,0,0,0,0,0,0,0,0
320007,2,1,0,0,0,0,0,0,0,0,0,0
320008,1,1,0,0,0,0,0,0,0,0,0,0
320009,1,1,0,0,0,0,0,0,0,0,0,0
320009,2,1,17,17,17,17,17,17,17,17,17,17
320010,0,1,0,0,0,0,0,0,10,0,0,0
320010,1,1,19,19,19,19,19,19,19,19,19,19
320012,0,1,0,0,0,0,0,0,0,0,0,0
320012,1,1,0,0,0,0,0,0,0,0,0,0
320013,0,1,4,4,4,4,4,4,4,4,4,4
320013,1,1,0,0,0,0,0,0,0,0,0,0
320014,1,1,5,5,5,5,5,5,5,5,5,5
320015,1,1,0,0,0,0,0,0,0,0,0,7
320015,2,1,0,0,0,0,0,0,0,0,0,0
320016,0,1,0,0,0,0,0,0,0,0,0,0
320016,1,1,0,0,0,0,0,0,0,0,0,0
320017,1,1,14,14,14,14,14,14,14,14,14,14
320018,0,1,0,0,0,0,0,0,0,0,0,0
320018,1,1,0,0,0,0,0,0,0,0,0,0
320019,0,1,0,0,0,0,0,0,0,0,0,0
320019,1,1,0,0,0,0,0,0,0,0,0,0
320020,1,1,0,0,0,0,0,0,0,0,0,0
320020,2,1,0,0,0,0,0,0,0,0,0,0
320021,0,1,33,33,33,33,33,33,33,33,33,33
320021,1,1,0,0,2,13,0,5,0,0,0,0
320022,1,1,0,0,31,0,0,0,0,0,0,0
320022,2,1,0,0,0,0,0,0,0,0,0,0
320023,0,1,30,30,30,30,30,30,30,30,30,30
320023,1,1,0,0,6,0,0,0,8,0,0,0
320024,1,1,2,2,2,2,2,2,2,2,2,2
320024,2,1,0,0,0,0,0,0,0,0,0,0
320025,0,1,0,0,0,0,0,0,0,0,0,0
320025,1,1,0,0,0,0,0,0,0,0,0,0
320026,1,1,0,0,0,0,0,0,0,0,0,0
320026,2,1,0,0,0,27,0,0,0,0,0,0
320027,1,1,0,0,0,0,0,0,0,0,0,0
320027,2,1,0,0,0,0,0,0,0,0,0,0
320028,1,1,0,0,0,0,0,0,0,0,0,0
320028,2,1,0,0,0,0,0,0,0,0,0,0
320029,1,1,0,0,0,0,0,0,0,0,0,0
320029,2,1,0,0,0,0,0,0,0,0,0,0
320029,3,1,0,0,0,0,0,0,0,0,0,0
320029,4,1,0,0,0,0,0,0,0,0,0,0
320029,5,1,0,0,0,0,0,0,0,0,0,0
320029,6,1,0,0,0,0,0,0,0,0,0,0
320029,7,1,0,0,0,0,0,0,0,0,0,0
320030,1,1,0,22,0,0,0,0,0,0,0,16
320031,1,1,15,15,15,15,15,15,15,15,15,15
320032,1,1,20,20,20,20,20,20,20,20,20,20
320033,1,1,0,0,0,0,0,0,0,0,0,0
320033,2,1,0,0,0,0,0,0,0,0,0,0
320034,0,1,16,16,16,16,16,16,16,16,16,16
320034,0,2,31,0,24,0,0,0,0,0,21,21
320034,0,3,0,0,0,0,13,0,0,25,0,18
320034,1,1,0,0,0,0,0,0,0,0,0,0
320035,1,1,0,0,0,0,0,0,0,0,0,0
320035,2,1,7,0,0,0,0,0,0,0,0,0
320036,0,1,34,34,34,34,34,34,34,34,34,34
320036,1,1,0,0,0,18,0,31,3,6,30,11
320037,1,1,2,2,2,2,2,2,2,2,2,2
320037,2,1,0,0,0,18,0,0,2,0,0,0
320038,0,1,0,6,0,0,0,22,0,21,0,0
320038,1,1,0,0,0,0,0,0,0,0,0,0
320039,0,1,0,0,0,0,0,0,0,0,0,0
320039,1,1,0,18,0,0,0,0,0,0,0,0
320040,0,1,0,0,0,0,0,0,0,0,0,0
320040,0,2,0,45,0,9,0,0,45,0,0,20
320040,1,1,0,0,0,0,0,0,0,0,0,0
320041,0,1,0,0,0,0,0,0,0,0,0,0
320041,1,1,0,0,0,0,0,0,0,0,0,0
320042,1,1,0,0,0,0,0,0,0,0,0,0
320042,2,1,0,0,0,0,0,0,0,0,0,0
320043,0,1,0,0,0,0,0,0,0,0,0,0
320043,1,1,0,0,0,0,0,0,0,0,0,0
320044,1,1,0,12,0,0,11,0,0,18,0,0
320045,1,1,0,0,0,0,0,0,0,0,0,0
320045,2,1,0,0,0,0,0,0,0,0,0,0
320046,0,1,0,0,0,0,0,0,0,0,0,0
320046,1,1,0,0,0,0,0,0,0,0,0,0
320047,0,1,30,23,0,0,0,0,23,0,0,3
320047,1,1,17,17,17,17,17,17,17,17,17,17
320048,0,1,0,0,0,0,0,0,0,0,0,0
320048,1,1,0,0,0,0,0,0,0,0,0,0
320049,1,1,0,0,0,0,0,0,0,0,0,0
320049,2,1,0,0,0,0,0,0,0,0,0,0
320050,1,1,0,0,0,0,0,0,0,0,0,0
320050,2,1,25,0,0,0,0,0,0,0,0,0
320051,0,1,0,0,0,0,0,0,0,0,0,0
320051,1,1,0,0,0,0,0,0,0,0,0,0
320052,1,1,23,18,0,0,0,0,0,23,25,0
320052,2,1,25,25,25,25,25,25,25,25,25,25
320053,1,1,17,17,17,17,17,17,17,17,17,17
320054,0,1,0,0,0,0,0,0,0,0,0,0
320054,1,1,0,0,0,0,0,0,0,0,0,0
320055,0,1,0,0,0,0,0,0,0,0,0,0
320055,1,1,0,0,0,0,0,0,0,0,0,0
320056,0,1,0,0,0,0,0,0,0,0,0,0
320056,1,1,23,23,23,23,23,23,23,23,23,23
320056,2,1,0,0,0,0,0,0,0,0,0,0
320056,3,1,0,0,14,2,0,6,0,0,0,14
320057,1,1,23,23,23,23,23,23,23,23,23,23
320058,1,1,15,15,15,15,15,15,15,15,15,15
320058,2,1,0,0,0,0,0,0,0,0,0,0
320059,1,1,0,0,0,0,0,0,0,0,0,6
320059,2,1,0,0,0,0,0,0,0,0,0,0
320059,3,1,0,0,0,0,0,0,0,0,0,0
320060,1,1,0,0,0,0,0,0,0,0,0,0
320061,0,1,0,0,0,42,19,0,0,0,0,0
320061,1,1,1,1,1,1,1,1,1,1,1,1
320062,0,1,20,0,0,0,36,0,0,0,0,3
320062,1,1,2,2,2,2,2,2,2,2,2,2
320063,1,1,0,0,0,0,0,0,0,0,0,0
320063,2,1,5,5,5,5,5,5,5,5,5,5
320064,1,1,9,9,9,9,9,9,9,9,9,9
320065,1,1,0,0,0,0,0,0,0,0,0,0
320065,2,1,0,0,0,0,0,0,0,0,0,0
320066,1,1,0,0,0,0,0,0,0,0,0,0
320066,2,1,0,0,0,0,0,0,0,0,0,0
320067,0,1,0,0,0,31,27,0,0,0,0,0
320067,0,2,0,0,6,0,0,0,0,0,0,0
320067,1,1,17,17,17,17,17,17,17,17,17,17
320067,2,1,0,11,0,0,0,25,0,0,0,0
320067,3,1,0,0,0,0,0,0,0,0,0,0
320067,4,1,0,0,0,0,0,5,0,0,0,0
320068,1,1,0,0,0,0,0,0,0,0,0,0
320068,2,1,0,0,0,0,0,0,0,0,0,0
320068,3,1,0,0,0,0,0,0,0,0,0,0
320069,1,1,16,16,16,16,16,16,16,16,16,16
320069,2,1,20,20,20,20,20,20,20,20,20,20
320070,1,1,0,0,0,0,0,8,0,0,13,0
320071,1,1,6,6,6,6,6,6,6,6,6,6
320071,2,1,0,0,0,0,0,0,0,0,0,0
320072,0,1,0,0,0,0,0,0,0,0,0,0
320072,1,1,0,0,0,0,0,0,0,0,0,0
320073,0,1,0,0,0,0,0,0,0,0,0,23
320073,1,1,7,0,0,0,0,0,0,0,0,0
320073,2,1,0,0,0,0,0,0,0,0,0,0
320074,1,1,24,0,0,0,7,0,0,0,0,4
320074,2,1,0,0,0,0,0,0,0,0,0,0
320075,1,1,17,17,17,17,17,17,17,17,17,17
320076,0,1,0,0,0,0,0,0,0,0,0,0
320076,1,1,0,0,0,0,0,0,0,0,0,0
320077,0,1,3,3,3,3,3,3,3,3,3,3
320077,1,1,0,0,0,0,0,0,0,0,0,0
320078,0,1,18,18,18,18,18,18,18,18,18,18
320078,1,1,31,31,31,31,31,31,31,31,31,31
320079,1,1,25,25,25,25,25,25,25,25,25,25
320080,1,1,0,0,0,0,0,0,0,0,0,0
320081,1,1,0,0,0,43,0,0,0,5,0,0
320082,1,1,16,16,16,16,16,16,16,16,16,16
320083,1,1,0,0,0,0,0,0,0,0,0,0
320083,2,1,0,0,0,0,0,0,0,0,0,0
320084,1,1,21,21,21,21,21,21,21,21,21,21
320085,1,1,0,0,0,0,0,0,0,0,0,0
320086,1,1,0,0,0,0,0,0,0,0,9,0
320087,1,1,14,14,14,14,14,14,14,14,14,14
320088,1,1,0,0,0,0,0,0,0,9,0,0
320088,2,1,0,0,0,0,0,0,0,0,0,0
320089,1,1,0,0,13,0,0,0,0,0,0,0
320090,1,1,0,0,0,0,0,0,0,0,0,0
320090,2,1,0,0,0,0,0,0,0,0,0,0
320091,0,1,0,0,0,0,0,0,0,0,0,0
320091,1,1,10,18,6,18,18,18,18,24,5,8
320092,1,1,0,0,0,0,0,0,0,0,0,0
320092,2,1,0,0,0,0,0,0,0,0,0,0
320093,1,1,1,1,1,1,1,1,1,1,1,1
320093,2,1,0,0,0,0,0,0,0,0,0,0
320094,0,1,0,0,0,0,0,0,0,0,0,0
320094,1,1,0,0,0,0,0,0,0,0,0,0
320095,1,1,0,0,0,0,0,0,0,0,16,0
320095,2,1,0,0,0,0,0,0,0,0,0,0
320096,1,1,8,8,8,8,8,8,8,8,8,8
320097,1,1,21,0,0,13,8,0,0,10,0,8
320097,2,1,0,0,0,0,0,0,0,16,0,0
320098,0,1,7,7,7,7,7,7,7,7,7,7
320098,1,1,16,0,0,0,0,0,0,0,0,0
320099,1,1,25,25,25,25,25,25,25,25,25,25
320100,1,1,0,0,0,0,0,0,0,0,0,0
320101,1,1,3,3,3,3,3,3,3,3,3,3
320102,1,1,0,0,0,0,0,0,0,0,0,0
320102,2,1,0,0,0,0,0,0,0,0,0,0
320103,1,1,13,13,13,13,13,13,13,13,13,13
320104,1,1,0,18,0,0,0,0,0,0,0,0
320104,2,1,0,0,0,0,0,0,0,0,0,0
320104,3,1,0,20,0,0,0,0,0,0,0,0
320104,4,1,15,0,0,0,0,0,0,0,0,0
320104,5,1,0,0,19,0,0,0,0,0,0,0
320104,6,1,0,0,0,0,0,0,0,0,0,0
320104,7,1,0,0,0,0,0,0,0,0,0,0
320104,8,1,0,0,0,0,0,0,0,0,7,0
320105,1,1,16,16,16,16,16,16,16,16,16,16
320105,2,1,0,0,0,0,0,0,0,0,0,0
320106,0,1,5,5,5,5,5,5,5,5,5,5
320106,1,1,0,0,0,0,0,0,0,0,0,0
320106,2,1,8,0,0,0,0,5,0,13,0,0
320106,3,1,0,0,0,0,0,0,0,0,0,0
320107,1,1,0,0,0,0,0,0,0,0,0,0
320107,2,1,1,1,1,1,1,1,1,1,1,1
320108,0,1,0,0,0,0,0,0,0,0,0,0
320108,1,1,0,0,0,0,0,0,0,0,0,0
320109,0,1,0,0,0,0,0,0,0,0,0,0
320109,1,1,0,0,0,0,0,0,0,0,0,0
320110,1,1,4,4,4,4,4,4,4,4,4,4
320110,2,1,0,0,0,0,0,0,0,0,0,0
320111,0,1,0,0,0,0,0,0,0,0,0,0
320111,1,1,0,0,0,0,0,0,0,0,0,0
320112,0,1,0,0,0,0,0,0,0,0,0,6
320112,1,1,0,0,0,0,0,0,0,0,0,0
320113,0,1,0,0,0,0,0,0,0,0,0,0
320113,1,1,20,20,20,20,20,20,20,20,20,20
320114,1,1,0,0,0,0,0,0,0,0,0,0
320115,1,1,0,0,0,0,0,0,0,0,0,0
320115,2,1,0,0,0,0,0,0,0,0,0,0
320116,1,1,0,0,0,0,0,0,0,0,0,0
320117,1,1,15,15,15,15,15,15,15,15,15,15
320117,2,1,0,0,0,0,0,0,0,0,0,0
320117,3,1,0,0,0,0,0,0,0,0,0,0
320117,4,1,0,0,0,0,0,18,0,0,0,0
320118,1,1,27,27,27,27,27,27,27,27,27,27
320119,0,1,12,12,12,12,12,12,12,12,12,12
320119,1,1,0,0,0,0,0,0,0,0,0,0
320119,2,1,0,0,0,0,0,0,0,0,0,0
320120,1,1,24,24,24,24,24,24,24,24,24,24
320121,1,1,0,0,0,0,0,0,0,0,14,0
320121,2,1,0,0,0,0,27,0,0,0,22,0
320122,0,1,0,0,0,0,15,36,0,11,15,0
320122,1,1,0,0,0,0,23,0,3,0,0,0
320123,1,1,0,0,0,0,0,0,0,0,0,0
320123,2,1,0,0,0,0,0,0,0,0,0,0
320124,1,1,16,16,16,16,16,16,16,16,16,16
320125,1,1,0,0,0,0,0,0,0,0,0,0
320125,2,1,9,9,9,9,9,9,9,9,9,9
320126,1,1,0,0,24,0,0,0,21,0,11,0
320127,1,1,0,0,0,0,0,0,0,0,0,0
320128,1,1,0,0,0,0,0,0,0,0,0,0
320129,0,1,0,0,0,0,0,0,0,0,0,0
320129,0,2,5,24,0,0,27,0,0,17,14,0
320129,1,1,0,0,0,0,0,0,0,0,0,0
320130,1,1,0,0,0,4,0,0,0,0,0,0
320130,2,1,0,0,0,0,0,0,0,13,0,0
320131,0,1,25,25,25,25,25,25,25,25,25,25
320131,1,1,0,0,0,20,0,0,0,0,0,0
320132,1,1,18,18,18,18,18,18,18,18,18,18
320133,1,1,3,3,3,3,3,3,3,3,3,3
320133,2,1,0,0,0,0,0,0,0,0,0,0
320134,1,1,0,0,0,0,0,0,0,0,0,0
320134,2,1,0,0,0,0,0,0,0,0,0,0
320135,1,1,0,0,0,0,0,0,0,0,0,0
320136,1,1,0,0,0,0,0,0,0,0,0,0
320136,2,1,29,0,0,0,20,0,0,0,0,0
320137,0,1,0,0,0,0,0,0,0,0,0,0
320137,1,1,0,0,0,0,0,0,0,0,0,0
320138,0,1,0,0,0,0,0,0,0,0,0,0
320138,1,1,0,0,0,0,0,0,0,0,0,0
320138,2,1,0,0,0,0,0,0,0,0,0,0
320138,3,1,0,0,0,0,0,0,0,0,0,0
320139,0,1,18,0,10,0,12,0,20,0,17,0
320139,1,1,0,0,0,0,0,0,0,0,0,0
320140,1,1,0,0,0,0,0,0,0,0,0,0
320140,2,1,0,0,0,0,0,0,0,0,0,0
320141,1,1,30,30,30,30,30,30,30,30,30,30
320141,2,1,0,20,0,0,0,0,0,0,0,0
320142,1,1,0,0,0,0,0,0,0,0,0,0
320143,1,1,0,0,0,0,0,0,0,0,0,0
320143,2,1,0,0,0,0,0,0,0,0,0,0
320144,1,1,20,20,20,20,20,20,20,20,20,20
320145,1,1,0,0,0,0,0,0,0,0,0,0
320145,2,1,0,0,0,0,0,0,0,0,0,0
320146,1,1,0,0,0,0,0,0,0,0,0,0
320147,1,1,0,0,0,0,0,0,0,0,0,0
320148,1,1,0,0,0,0,0,0,0,0,0,0
320148,2,1,0,0,0,0,0,16,0,0,0,20
320149,0,1,0,0,0,0,0,0,0,0,0,0
320149,1,1,0,16,0,0,0,0,0,0,0,0
320150,1,1,2,2,2,2,2,2,2,2,2,2
320150,2,1,0,0,0,0,0,0,0,0,0,0
320151,1,1,20,20,20,20,20,20,20,20,20,20
320152,0,1,0,0,0,0,0,0,0,0,0,0
320152,0,2,0,0,0,6,0,0,26,0,0,0
320152,0,3,0,0,26,0,0,0,0,0,0,0
320152,1,1,0,0,0,0,0,0,0,0,0,0
320152,2,1,0,0,0,0,0,0,0,0,17,0
320152,3,1,0,0,0,0,0,0,0,0,0,0
320153,0,1,0,0,34,13,0,0,0,0,0,0
320153,1,1,0,17,11,12,28,0,16,9,22,27
320154,1,1,0,0,0,0,0,0,0,0,0,0
320154,2,1,0,0,0,0,0,0,0,0,0,0
320154,3,1,0,0,0,0,0,0,0,0,0,0
320154,4,1,0,0,0,0,0,0,0,0,0,0
320155,1,1,7,0,0,0,0,15,0,12,0,0
320155,2,1,0,0,0,0,0,0,0,0,0,0
320156,1,1,0,0,0,0,18,0,0,0,0,0
320156,2,1,0,0,0,0,0,0,0,0,0,0
320156,3,1,0,0,0,0,0,0,0,0,0,0
320157,1,1,20,20,20,20,20,20,20,20,20,20
320158,1,1,0,0,0,0,0,0,0,0,0,0
320158,2,1,0,0,0,0,0,0,0,0,0,0
320160,1,1,0,0,0,0,0,0,0,0,0,0
320161,1,1,0,0,0,0,0,0,0,0,0,0
320161,2,1,0,0,0,0,0,0,0,0,0,0
320162,0,1,0,13,7,0,0,25,20,0,0,0
320162,1,1,0,0,0,0,0,0,0,0,0,0
320163,1,1,17,17,17,17,17,17,17,17,17,17
320164,0,1,0,0,0,0,12,18,0,0,0,17
320164,1,1,0,0,0,0,0,0,0,0,0,0
320165,1,1,22,22,22,22,22,22,22,22,22,22
320166,1,1,15,15,15,15,15,15,15,15,15,15
320167,1,1,0,0,0,0,0,0,0,0,0,0
320167,2,1,0,0,0,0,0,0,0,0,0,0
320168,1,1,18,18,18,18,18,18,18,18,18,18
320168,2,1,0,0,0,0,8,0,0,0,0,4
320169,1,1,12,12,12,12,12,12,12,12,12,12
320170,1,1,11,13,0,18,12,3,24,20,31,12
320171,1,1,0,0,0,0,0,0,0,0,0,0
320171,2,1,0,0,0,0,0,0,0,0,0,0
320171,3,1,0,0,0,0,0,0,0,0,0,0
320172,0,1,0,0,11,0,0,0,16,19,0,0
320172,1,1,0,0,0,0,0,0,0,0,0,0
320173,1,1,0,0,0,0,13,0,0,14,26,0
320174,1,1,0,0,0,0,0,0,0,0,0,0
320174,2,1,0,0,0,0,0,0,0,0,0,0
320176,0,1,0,0,0,0,0,0,0,0,0,0
320176,1,1,0,0,0,0,0,0,0,0,0,0
320177,0,1,22,22,22,22,22,22,22,22,22,22
320177,1,1,0,0,0,0,0,7,0,2,0,0
320178,0,1,0,0,0,0,0,0,0,0,0,0
320178,1,1,0,0,0,0,5,0,0,0,13,0
320179,1,1,0,0,0,0,0,0,0,0,0,0
320179,2,1,0,0,0,0,0,0,0,0,0,0
320180,1,1,12,12,12,12,12,12,12,12,12,12
320180,2,1,0,0,0,0,22,0,0,0,0,0
320181,1,1,2,2,2,2,2,2,2,2,2,2
320181,2,1,0,0,0,0,0,0,0,0,0,0
320182,0,1,0,0,0,0,0,0,0,0,0,18
320182,1,1,0,0,0,0,0,0,0,0,0,0
320183,1,1,0,0,0,0,0,0,0,0,0,0
320183,2,1,0,0,0,0,0,0,0,0,0,0
320184,1,1,0,0,0,0,0,0,0,0,0,0
320185,1,1,28,28,28,28,28,28,28,28,28,28
320186,1,1,0,0,0,0,0,0,0,0,0,0
320186,2,1,0,0,0,0,0,0,0,0,0,0
320187,1,1,0,0,0,0,0,0,0,0,0,0
320187,2,1,0,0,0,0,0,0,0,0,0,0
320187,3,1,0,0,0,0,0,0,0,18,0,0
320188,1,1,24,24,24,24,24,24,24,24,24,24
320189,1,1,0,0,0,0,0,0,0,0,0,0
320189,2,1,0,0,0,0,0,0,0,0,0,0
320189,3,1,0,0,0,0,0,0,0,0,0,0
320191,1,1,0,0,0,0,12,10,0,10,0,8
320191,2,1,0,0,0,0,0,0,0,0,0,0
320192,1,1,25,25,25,25,25,25,25,25,25,25
320192,2,1,0,0,0,0,0,0,0,0,0,0
320193,1,1,19,19,19,19,19,19,19,19,19,19
320193,2,1,0,0,0,0,0,0,0,0,0,0
320194,1,1,0,0,0,0,0,0,0,0,0,0
320194,2,1,0,0,0,0,0,0,0,0,0,0
320195,1,1,6,18,10,0,22,37,12,21,20,0
320196,1,1,0,0,0,0,0,0,0,0,0,0
320196,2,1,0,0,0,0,22,0,0,0,0,0
320197,1,1,0,0,0,0,0,0,0,0,0,0
320197,2,1,0,0,0,0,0,0,0,0,0,0
320198,1,1,16,16,16,16,16,16,16,16,16,16
320199,1,1,0,0,0,0,0,0,0,0,0,0
320200,1,1,7,7,7,7,7,7,7,7,7,7
320200,2,1,6,6,6,6,6,6,6,6,6,6
320201,1,1,4,4,4,4,4,4,4,4,4,4
320201,2,1,2,2,2,2,2,2,2,2,2,2
320201,3,1,0,0,0,0,0,0,0,0,0,0
320202,0,1,0,0,0,0,0,0,0,0,0,0
320202,1,1,0,0,0,0,0,0,0,0,0,0
320203,1,1,0,0,0,0,0,0,0,0,0,0
320203,2,1,0,0,0,0,0,0,0,0,0,0
320203,3,1,0,0,0,0,0,0,0,10,0,0
320204,1,1,18,18,18,18,18,18,18,18,18,18
320204,2,1,0,0,0,0,0,0,0,0,0,0
320205,1,1,0,0,0,0,0,0,0,0,0,0
320205,2,1,0,0,0,0,0,0,0,0,0,0
320205,3,1,0,0,0,0,0,0,0,0,0,0
320206,1,1,0,0,0,0,0,0,0,0,0,0
320207,0,1,0,0,0,0,0,0,0,0,0,0
320207,1,1,0,0,0,0,0,0,0,0,0,0
320208,0,1,0,0,0,0,0,0,0,0,0,0
320208,1,1,0,0,0,0,0,0,0,0,0,0
320209,1,1,0,0,0,0,0,0,0,0,0,0
320210,1,1,0,0,0,0,31,0,0,0,29,0
320211,1,1,0,0,0,0,0,0,0,0,0,0
320212,0,1,23,23,23,23,23,23,23,23,23,23
320212,1,1,0,16,0,0,0,0,0,0,0,17
320213,1,1,0,0,0,0,0,0,0,0,0,0
320213,2,1,0,0,0,0,0,0,0,0,6,0
320214,1,1,0,0,0,0,0,0,0,0,0,0
320214,2,1,0,0,0,0,0,0,0,0,0,0
320215,1,1,23,0,0,0,0,0,0,0,13,8
320216,0,1,0,0,0,0,0,0,0,0,0,0
320216,1,1,0,0,0,0,0,0,0,0,0,0
320217,1,1,11,11,11,11,11,11,11,11,11,11
320217,2,1,0,0,0,0,0,0,0,0,0,0
320218,1,1,14,14,14,14,14,14,14,14,14,14
320218,2,1,0,0,0,0,0,0,0,0,0,0
320218,3,1,0,0,0,0,0,0,0,0,0,0
320219,1,1,0,0,0,0,0,0,0,0,0,0
320220,1,1,0,0,0,0,0,0,0,0,0,0
320221,1,1,0,0,0,20,0,0,0,0,31,0
320221,2,1,0,0,0,0,0,0,0,0,0,0
320222,1,1,17,17,17,17,17,17,17,17,17,17
320222,2,1,0,0,0,0,0,0,0,0,0,0
320223,1,1,0,0,0,0,0,0,0,0,0,0
320223,2,1,0,0,0,0,0,0,0,0,0,0
320224,1,1,22,22,22,22,22,22,22,22,22,22
320224,2,1,11,0,0,0,0,0,0,0,0,0
320225,1,1,0,0,0,0,0,0,0,0,0,0
320225,2,1,0,0,0,0,0,3,0,0,0,23
320226,0,1,0,0,0,0,0,0,32,0,0,0
320226,1,1,0,0,0,11,0,0,0,0,0,0
320227,0,1,0,0,0,0,0,0,0,0,0,0
320227,1,1,0,0,0,0,0,0,0,0,0,0
320228,1,1,0,0,0,0,0,0,0,0,0,0
320228,2,1,0,0,6,22,0,0,0,0,0,0
320229,1,1,0,0,0,0,26,0,39,32,28,13
320230,1,1,0,0,0,0,0,0,0,0,0,0
320230,2,1,0,0,0,0,0,0,0,0,0,0
320232,1,1,0,0,0,17,0,0,0,0,0,0
320232,2,1,0,0,0,0,0,0,0,0,0,0
320232,3,1,0,0,0,0,9,0,0,0,0,0
320233,1,1,0,0,0,0,0,0,0,0,0,0
320234,1,1,0,0,0,0,20,0,27,0,0,0
320235,1,1,0,0,0,0,0,0,0,0,0,0
320235,2,1,0,0,0,0,0,0,0,0,0,0
320236,1,1,28,28,28,28,28,28,28,28,28,28
320237,1,1,0,0,0,0,0,0,0,0,0,0
320237,2,1,14,14,14,14,14,14,14,14,14,14
320237,3,1,0,0,0,0,0,0,0,0,12,0
320238,0,1,0,0,0,0,0,0,0,0,0,0
320238,1,1,0,0,0,0,0,0,0,0,0,0
320239,1,1,20,20,20,20,20,20,20,20,20,20
320239,2,1,0,0,0,0,0,0,0,0,0,0
320239,3,1,0,0,22,0,0,0,0,6,0,0
320239,4,1,0,0,0,0,0,0,0,0,0,0