ST_CASE,VEH_NO,PER_NO,P1,P2,P3,P4,P5,P6,P7,P8,P9,P10
360386,0,1,0,0,0,0,0,0,0,0,0,0
360386,1,1,0,0,0,0,19,0,21,0,0,15
360387,1,1,0,0,7,24,0,0,0,0,19,10
360387,2,1,0,0,0,0,0,0,3,0,0,0
360388,1,1,0,0,0,0,0,0,0,0,0,0
360388,2,1,0,0,0,0,0,0,0,0,0,0
360388,3,1,0,19,0,0,0,0,0,0,0,0
360388,4,1,0,0,0,0,16,0,0,0,0,0
360389,1,1,0,0,0,0,0,0,0,0,0,0
360390,0,1,0,0,0,0,0,0,0,0,0,0
360390,1,1,0,0,0,20,0,0,0,0,0,0
360391,1,1,0,0,0,0,0,8,0,0,0,0
360391,2,1,0,0,0,0,0,0,0,0,0,0
360392,1,1,0,0,0,0,0,0,0,0,0,0
360393,1,1,0,0,0,0,0,0,0,0,0,0
360393,2,1,0,0,0,0,0,0,0,0,0,0
360394,1,1,0,16,0,15,5,9,11,0,0,22
360395,1,1,11,8,11,8,4,12,29,12,10,21
360395,2,1,0,0,20,0,0,4,0,0,0,16
360396,1,1,0,0,0,0,0,0,0,0,0,0
360397,1,1,3,3,3,3,3,3,3,3,3,3
360397,2,1,0,0,0,0,0,0,0,0,0,0
360398,0,1,0,19,31,10,0,27,0,0,0,31
360398,1,1,0,0,0,0,0,0,0,0,0,0
360399,1,1,0,7,0,0,16,0,0,0,0,0
360400,1,1,0,42,0,0,9,0,0,0,0,0
360401,1,1,0,0,0,0,0,0,0,0,0,0
360401,2,1,0,0,0,0,0,0,0,0,0,0
360403,1,1,0,0,0,0,0,0,0,0,0,0
360403,2,1,0,0,0,0,0,0,0,0,0,0
360404,1,1,2,2,2,2,2,2,2,2,2,2
360404,2,1,0,0,0,0,0,0,0,0,0,0
360405,1,1,0,0,0,0,0,0,0,0,0,0
360405,2,1,0,0,0,0,0,0,0,0,0,0
360406,1,1,0,0,24,5,7,0,0,0,0,0
360406,2,1,0,0,0,0,0,0,0,0,0,0
360407,0,1,0,0,0,0,0,0,0,0,0,0
360407,1,1,0,0,0,0,0,0,0,0,0,0
360408,0,1,0,0,0,0,0,0,0,0,0,0
360408,1,1,9,0,0,0,0,0,0,0,0,0
360409,1,1,0,0,0,0,0,21,0,0,0,0
360409,2,1,0,4,0,0,0,0,0,0,0,0
360410,0,1,0,0,0,0,0,0,0,0,0,0
360410,0,2,0,7,0,0,0,0,0,0,0,0
360410,1,1,0,0,0,18,0,0,0,0,0,0
360411,1,1,0,0,0,0,0,0,0,0,0,0
360411,2,1,0,0,0,0,0,0,0,0,0,0
360412,0,1,18,18,18,18,18,18,18,18,18,18
360412,1,1,0,15,0,0,0,0,0,0,0,0
360413,1,1,0,0,0,0,0,0,0,0,0,0
360413,2,1,0,0,0,0,0,0,0,0,0,0
360414,1,1,9,9,9,9,9,9,9,9,9,9
360415,1,1,18,25,24,15,0,0,3,10,0,6
360416,1,1,17,17,17,17,17,17,17,17,17,17
360417,0,1,0,0,0,0,0,0,0,0,0,0
360417,1,1,0,0,0,0,0,0,0,0,0,0
360418,0,1,0,0,0,0,0,0,0,0,0,0
360418,1,1,0,0,0,0,0,0,0,0,0,0
360419,1,1,0,0,0,0,0,0,0,0,0,0
360419,2,1,0,0,0,0,0,0,0,0,0,0
360420,0,1,0,0,0,0,0,0,0,0,0,0
360420,1,1,0,6,0,0,8,0,0,0,0,0
360421,1,1,0,0,0,0,0,0,0,0,0,0
360422,0,1,0,0,0,0,0,0,0,0,0,0
360422,1,1,0,0,0,0,0,0,0,0,0,0
360423,0,1,14,14,14,14,14,14,14,14,14,14
360423,1,1,0,0,0,0,12,0,0,0,0,0
360424,1,1,0,0,0,0,0,0,0,0,0,0
360424,2,1,0,0,0,0,0,0,0,0,0,0
360425,1,1,27,27,27,27,27,27,27,27,27,27
360426,1,1,6,0,0,0,0,0,0,0,0,0
360427,1,1,0,0,0,0,0,0,0,0,0,0
360428,1,1,20,20,20,20,20,20,20,20,20,20
360429,1,1,7,7,7,7,7,7,7,7,7,7
360429,2,1,4,5,0,0,3,6,0,26,0,10
360429,3,1,0,6,0,0,10,13,0,11,12,8
360430,1,1,0,0,0,0,0,0,0,0,0,0
360431,0,1,0,0,0,0,0,0,0,0,0,0
360431,1,1,0,0,0,0,0,9,0,0,0,0
360433,1,1,0,0,0,0,0,0,0,0,0,0
360433,2,1,7,7,7,7,7,7,7,7,7,7
360435,1,1,0,0,0,20,0,0,18,0,25,0
360436,1,1,10,10,10,10,10,10,10,10,10,10
360436,2,1,0,0,0,14,0,8,0,0,0,5
360437,1,1,0,0,0,0,0,0,0,0,0,0
360437,2,1,0,0,0,0,0,14,0,8,0,0
360438,0,1,0,0,0,0,0,0,0,0,0,0
360438,1,1,14,0,0,0,0,0,0,0,0,0
360439,1,1,0,0,0,0,0,0,0,0,0,0
360440,1,1,0,4,11,0,0,0,0,0,10,4
360440,4,1,0,22,0,0,0,11,6,0,5,0
360441,1,1,0,0,0,0,0,0,0,0,0,0
360441,2,1,0,0,0,0,0,0,0,0,0,0
360442,1,1,9,18,6,11,13,6,19,13,12,12
360443,0,1,0,0,0,0,13,0,11,40,0,0
360443,1,1,0,10,0,0,0,0,19,0,0,5
360444,0,1,0,0,0,0,0,0,0,0,0,0
360444,1,1,0,0,0,0,0,0,0,0,0,0
360445,0,1,0,0,0,0,0,0,0,0,0,0
360445,1,1,0,0,0,0,0,0,0,0,0,0
360446,1,1,0,0,0,0,0,0,0,0,0,0
360446,2,1,19,0,0,0,0,0,0,14,6,0
360447,0,1,28,28,28,28,28,28,28,28,28,28
360447,1,1,0,0,0,0,0,0,0,0,0,0
360448,1,1,0,0,0,0,0,0,0,0,0,0
360449,1,1,0,0,0,0,0,0,0,0,0,0
360450,0,1,0,0,0,0,0,0,0,0,0,0
360450,1,1,0,0,0,0,5,0,0,0,0,0
360451,1,1,0,11,0,18,19,0,16,10,19,0
360451,2,1,0,0,0,0,5,0,0,0,0,0
360452,0,1,15,15,15,15,15,15,15,15,15,15
360452,1,1,0,0,18,0,0,0,0,0,0,9
360453,1,1,0,0,0,0,0,0,0,0,0,0
360454,1,1,0,0,0,0,0,0,0,0,0,0
360454,2,1,0,0,0,0,0,0,0,0,0,0
360455,1,1,16,0,0,0,23,0,0,0,0,0
360455,2,1,0,0,0,0,0,0,0,0,0,0
360456,1,1,19,19,19,19,19,19,19,19,19,19
360457,0,1,0,0,0,0,0,0,0,0,0,0
360457,1,1,0,0,0,24,12,0,0,0,0,0
360458,1,1,40,0,7,16,22,18,0,0,0,10
360459,1,1,0,0,0,0,0,0,0,0,0,0
360459,2,1,0,30,0,0,0,0,0,0,0,0
360460,0,1,0,0,0,0,0,0,0,0,0,0
360460,1,1,0,0,0,16,0,24,0,0,0,0
360461,0,1,38,38,38,38,38,38,38,38,38,38
360461,1,1,16,0,0,19,27,0,10,0,0,0
360462,1,1,0,0,0,0,0,0,0,0,0,0
360463,0,1,0,0,0,0,0,0,0,0,0,0
360463,1,1,0,0,0,0,0,0,0,0,0,0
360464,0,1,0,0,0,0,0,0,0,0,0,0
360464,1,1,0,0,0,0,10,0,0,0,10,8
360465,0,1,0,0,0,0,0,0,0,21,0,0
360465,1,1,0,0,0,0,0,0,0,0,0,0
360466,1,1,0,0,0,0,0,0,0,0,0,0
360466,2,1,0,0,0,0,0,0,0,0,0,0
360467,1,1,0,0,0,9,2,0,0,27,0,21
360467,2,1,0,0,0,0,0,0,0,0,0,0
360468,0,1,2,2,2,2,2,2,2,2,2,2
360468,0,2,14,8,31,0,0,8,26,6,41,20
360468,1,1,0,14,0,0,22,0,0,0,30,0
360469,1,1,0,0,0,0,0,0,0,0,0,0
360469,2,1,0,3,0,13,0,4,30,6,0,0
360470,1,1,14,14,14,14,14,14,14,14,14,14
360471,0,1,0,0,0,0,0,0,0,14,0,0
360471,1,1,0,0,0,0,0,0,0,0,0,0
360471,2,1,0,0,0,0,0,0,0,0,0,0
360472,0,1,0,0,0,0,0,0,0,0,0,0
360472,1,1,0,0,0,0,0,0,0,0,0,0
360473,0,1,0,0,0,0,0,0,0,0,0,0
360473,0,2,0,0,8,0,6,0,0,0,0,27
360473,1,1,0,27,29,4,11,18,5,0,13,9
360474,1,1,0,18,0,12,10,0,0,0,0,0
360474,2,1,0,0,0,0,0,0,0,0,0,0
360475,1,1,17,0,29,0,3,0,0,0,0,11
360475,2,1,0,0,20,13,0,0,0,11,0,0
360476,1,1,5,0,0,0,23,12,0,0,0,0
360476,2,1,25,25,25,25,25,25,25,25,25,25
360477,0,1,0,0,0,0,0,0,0,0,0,0
360477,1,1,0,0,0,0,0,0,0,0,0,0
360478,1,1,2,2,2,2,2,2,2,2,2,2
360479,1,1,0,0,0,0,0,0,0,0,0,0
360479,2,1,0,0,0,0,0,0,0,0,0,0
360480,1,1,0,0,0,0,0,0,0,0,0,0
360481,1,1,0,0,0,0,0,0,0,0,0,0
360481,2,1,0,0,0,0,40,0,24,0,0,0
360482,1,1,0,0,0,0,0,0,0,0,0,0
360482,2,1,0,0,0,0,11,0,0,0,0,0
360483,0,1,1,1,1,1,1,1,1,1,1,1
360483,1,1,0,0,0,0,0,0,32,23,19,31
360484,1,1,0,0,0,0,0,0,0,0,0,0
360484,2,1,0,13,0,0,0,0,4,2,0,0
360485,1,1,0,0,0,24,0,0,0,0,0,0
360486,1,1,0,6,19,0,0,0,0,0,0,0
360487,1,1,0,0,0,24,0,24,12,0,13,0
360487,2,1,26,0,0,0,0,0,0,0,0,0
360489,1,1,0,0,0,0,0,0,0,0,0,0
360490,1,1,12,0,36,23,35,8,15,0,0,0
360491,1,1,19,0,0,0,0,0,0,0,0,0
360491,2,1,0,0,0,0,0,0,0,0,0,0
360492,1,1,0,0,0,15,0,0,0,0,0,0
360492,2,1,0,0,0,0,0,0,0,0,0,0
360493,1,1,26,26,26,26,26,26,26,26,26,26
360494,1,1,30,0,0,17,0,19,0,42,28,0
360495,1,1,0,0,0,0,0,0,0,0,0,0
360496,1,1,0,0,0,0,0,0,0,0,9,0
360496,2,1,0,19,0,0,0,0,0,0,6,27
360497,1,1,0,0,0,0,0,0,0,0,0,0
360497,2,1,0,0,0,0,0,0,0,0,0,0
360498,0,1,0,0,0,0,0,0,0,0,0,0
360498,1,1,0,0,0,0,10,0,0,0,0,0
360499,1,1,16,26,12,15,2,3,0,16,6,17
360500,0,1,0,0,0,23,0,0,0,0,0,0
360500,1,1,0,0,0,0,0,0,0,0,9,0
360501,1,1,0,0,0,0,0,0,0,0,0,0
360501,2,1,0,0,0,0,0,0,0,0,0,0
360501,3,1,0,0,0,0,0,0,0,0,0,0
360502,1,1,21,21,21,21,21,21,21,21,21,21
360503,1,1,17,17,17,17,17,17,17,17,17,17
360504,1,1,0,0,0,0,0,0,0,0,0,0
360504,2,1,0,10,0,14,0,0,0,0,0,0
360505,1,1,0,0,0,0,0,0,0,23,12,5
360506,1,1,0,0,0,0,0,0,0,0,0,0
360507,1,1,18,18,18,18,18,18,18,18,18,18
360508,1,1,18,16,12,23,15,13,12,13,22,19
360509,1,1,0,0,0,0,0,0,0,0,20,0
360509,2,1,0,31,0,13,0,10,7,0,18,0
360510,1,1,0,4,0,12,23,0,17,6,0,0
360511,1,1,14,5,25,22,0,22,26,8,23,22
360512,0,1,0,0,0,0,0,0,0,0,0,0
360512,1,1,28,19,21,20,21,31,5,18,7,13
360513,0,1,0,0,0,0,0,0,0,0,0,31
360513,1,1,0,0,0,0,0,0,0,0,0,0
360514,1,1,18,18,18,18,18,18,18,18,18,18
360515,0,1,4,4,4,4,4,4,4,4,4,4
360515,1,1,0,0,0,21,0,0,0,0,0,0
360516,1,1,0,0,0,0,0,0,0,0,0,0
360516,2,1,0,0,30,0,0,0,0,0,0,0
360517,1,1,0,0,0,0,0,0,0,0,0,0
360518,0,1,0,0,0,0,0,0,0,0,0,0
360518,1,1,0,0,0,0,0,0,0,0,0,0
360519,0,1,1,1,1,1,1,1,1,1,1,1
360519,1,1,23,0,0,0,12,25,0,0,10,0
360520,1,1,0,0,0,0,0,0,0,0,0,5
360520,2,1,0,0,0,0,0,0,0,0,0,0
360521,1,1,9,12,0,0,0,0,0,0,11,12
360522,0,1,0,0,0,0,0,0,0,0,0,0
360522,1,1,0,0,0,0,0,0,0,0,0,0
360523,0,1,0,0,0,0,0,0,0,0,0,0
360523,1,1,0,0,0,0,0,0,0,22,0,0
360524,0,1,20,20,20,20,20,20,20,20,20,20
360524,1,1,0,14,24,0,14,0,27,0,0,22
360525,1,1,0,0,0,0,0,0,0,0,0,0
360526,1,1,6,6,6,6,6,6,6,6,6,6
360526,2,1,0,22,0,0,0,0,0,0,0,0
360527,1,1,0,0,0,0,0,0,0,0,0,0
360527,2,1,0,0,0,0,37,0,18,16,16,0
360528,1,1,0,0,0,0,0,0,0,0,0,0
360528,2,1,0,0,9,17,14,0,25,0,19,23
360529,1,1,0,0,0,0,0,0,0,0,0,0
360529,2,1,0,0,0,0,0,0,0,0,0,0
360530,1,1,20,20,20,20,20,20,20,20,20,20
360530,2,1,0,0,0,0,0,0,0,0,0,0
360531,1,1,0,0,0,0,0,0,0,0,0,0
360531,2,1,0,8,0,0,0,0,15,0,0,0
360532,1,1,1,1,1,1,1,1,1,1,1,1
360533,1,1,19,19,19,19,19,19,19,19,19,19
360534,1,1,21,21,21,21,21,21,21,21,21,21
360535,1,1,0,0,0,0,0,0,0,0,0,0
360536,0,1,0,0,0,0,0,0,0,0,0,0
360536,1,1,0,0,0,0,0,0,0,0,0,0
360537,1,1,0,18,16,0,0,0,0,0,0,0
360537,2,1,0,0,0,0,0,0,0,0,0,0
360538,1,1,0,0,0,0,0,0,0,0,0,0
360539,1,1,0,0,11,0,0,0,0,0,18,18
360539,2,1,0,0,27,0,5,0,0,0,0,41
360540,1,1,0,0,0,0,0,0,0,0,0,0
360540,2,1,0,0,0,0,0,0,0,0,0,0
360541,1,1,0,0,0,0,0,0,0,0,0,0
360541,2,1,0,0,8,0,0,0,0,0,0,0
360542,1,1,0,0,0,0,0,19,0,0,0,0
360543,0,1,0,0,0,0,0,0,0,0,0,0
360543,1,1,0,14,0,0,8,0,0,0,0,0
360545,1,1,20,20,20,20,20,20,20,20,20,20
360546,1,1,0,0,0,1,12,15,0,0,0,0
360546,2,1,0,0,0,0,0,0,5,0,0,0
360547,1,1,8,8,8,8,8,8,8,8,8,8
360548,0,1,0,0,0,0,0,0,0,0,0,0
360548,1,1,0,0,0,0,0,0,0,0,0,0
360549,1,1,19,19,19,19,19,19,19,19,19,19
360550,1,1,9,9,9,9,9,9,9,9,9,9
360551,1,1,0,0,0,0,0,0,0,0,0,0
360552,0,1,32,32,32,32,32,32,32,32,32,32
360552,1,1,0,0,0,0,0,0,0,0,0,0
360553,0,1,0,0,0,0,0,0,0,0,0,0
360553,0,2,0,0,0,0,0,0,0,13,0,0
360553,1,1,0,0,0,0,0,0,0,0,0,0
360554,1,1,0,0,0,0,0,0,0,0,0,0
360554,2,1,0,0,0,0,0,0,0,0,0,0
360555,1,1,0,0,0,0,0,11,0,5,0,14
360556,1,1,0,0,12,0,0,0,0,0,0,25
360557,0,1,4,4,4,4,4,4,4,4,4,4
360557,1,1,16,8,0,9,13,5,17,18,26,0
360558,0,1,1,1,1,1,1,1,1,1,1,1
360558,1,1,13,17,14,29,11,14,15,0,23,9
360559,1,1,0,0,0,0,0,15,14,16,0,0
360560,1,1,0,0,0,0,0,0,0,0,0,0
360560,2,1,0,0,0,8,0,0,4,0,0,0
360560,3,1,0,0,0,0,0,0,11,7,5,0
360561,1,1,0,30,0,0,6,0,0,29,27,0
360561,2,1,0,0,0,0,11,0,0,0,0,13
360562,1,1,15,0,0,0,10,0,0,0,0,0
360563,0,1,0,0,0,0,0,0,0,0,0,0
360563,1,1,0,0,0,0,0,0,0,0,0,0
360564,1,1,0,12,0,0,0,0,0,0,0,0
360564,2,1,0,0,0,17,0,0,14,0,0,0
360565,0,1,0,0,0,0,0,0,0,0,0,0
360565,1,1,0,0,0,0,13,0,9,0,0,0
360566,1,1,0,0,0,0,0,0,0,0,0,0
360566,2,1,0,0,0,0,0,0,0,0,0,0
360567,1,1,36,0,0,8,0,0,0,0,25,0
360568,1,1,0,0,0,0,0,0,0,0,0,0
360568,2,1,0,0,0,0,0,0,0,0,0,0
360569,1,1,0,0,12,7,10,9,0,12,0,0
360571,0,1,0,0,0,0,0,0,0,0,0,0
360571,1,1,10,20,34,0,26,27,0,9,36,0
360572,1,1,36,0,0,0,0,0,0,0,0,0
360573,1,1,0,0,0,7,7,0,0,0,0,0
360573,2,1,0,0,0,0,0,0,0,0,0,0
360574,1,1,0,0,0,0,0,0,0,0,26,5
360574,2,1,0,0,0,0,0,0,0,0,0,0
360575,1,1,12,0,16,15,8,16,0,11,23,21
360576,0,1,22,22,22,22,22,22,22,22,22,22
360576,1,1,0,0,0,0,0,0,0,0,0,0
360577,1,1,0,0,0,0,0,0,0,0,0,0
360577,2,1,0,0,0,0,0,0,0,0,0,0
360578,1,1,0,0,0,0,0,0,0,0,0,0
360578,2,1,0,0,0,0,0,0,0,0,0,0
360580,1,1,0,0,12,0,0,0,0,0,0,0
360580,2,1,0,0,0,0,0,0,0,0,0,0
360581,1,1,31,31,31,31,31,31,31,31,31,31
360582,0,1,0,0,0,0,0,0,0,0,0,0
360582,1,1,0,0,0,23,23,0,0,0,0,0
360583,0,1,0,0,0,0,0,0,0,0,0,0
360583,1,1,6,0,20,0,32,0,0,0,0,0
360585,1,1,4,4,4,4,4,4,4,4,4,4
360585,2,1,0,0,0,0,0,0,0,0,0,0
360586,1,1,0,0,0,0,0,0,0,0,0,0
360587,1,1,0,0,0,0,0,0,0,0,0,0
360587,2,1,0,0,0,0,0,0,0,5,0,0
360589,0,1,19,19,19,19,19,19,19,19,19,19
360589,1,1,0,0,0,0,0,11,12,0,0,0
360590,0,1,0,0,0,0,0,0,0,0,0,0
360590,1,1,0,26,19,0,0,0,12,0,0,0
360591,0,1,1,1,1,1,1,1,1,1,1,1
360591,1,1,0,0,0,0,0,0,0,0,0,17
360592,1,1,28,16,26,9,15,9,15,0,16,9
360592,2,1,0,0,0,13,0,0,0,0,0,19
360592,3,1,27,27,0,0,0,0,0,0,23,0
360593,0,1,0,0,0,0,0,0,0,0,0,0
360593,1,1,0,18,0,0,0,0,0,0,6,0
360594,0,1,30,30,30,30,30,30,30,30,30,30
360594,1,1,0,18,0,22,25,8,0,0,0,14
360595,1,1,0,0,0,13,0,6,10,6,0,0
360595,2,1,0,0,19,14,0,0,15,0,9,0
360596,0,1,0,0,0,0,0,14,0,0,0,0
360596,1,1,0,0,0,7,0,0,0,0,0,0
360597,0,1,0,0,0,0,0,0,0,0,0,0
360597,1,1,0,0,0,0,0,0,0,0,0,0
360598,1,1,21,20,17,35,16,24,0,13,0,36
360599,1,1,15,11,0,0,0,0,0,23,0,0
360600,1,1,0,0,0,21,0,0,0,0,0,18
360601,1,1,0,0,0,0,0,0,0,0,0,0
360602,1,1,0,0,0,0,0,12,16,0,0,0
360602,2,1,0,0,24,0,0,0,0,0,15,0
360603,1,1,0,0,0,0,0,0,0,0,0,0
360603,2,1,0,0,10,0,0,0,0,0,0,0
360604,1,1,10,10,10,10,10,10,10,10,10,10
360604,2,1,0,0,0,18,0,0,0,0,0,0
360605,1,1,0,0,0,0,0,0,0,0,0,0
360606,0,1,20,15,10,0,9,0,0,0,0,0
360606,1,1,0,0,0,0,0,0,16,0,0,0
360607,1,1,0,0,0,0,0,0,0,0,0,0
360608,1,1,30,0,0,0,12,0,0,0,14,0
360609,2,1,0,0,0,0,0,0,0,0,0,0
360609,3,1,18,0,0,0,0,0,0,0,0,0
360610,0,1,0,32,0,0,17,0,0,0,0,0
360610,1,1,0,22,0,0,0,0,0,0,0,0
360611,1,1,13,13,13,13,13,13,13,13,13,13
360612,1,1,0,21,12,16,42,0,11,0,0,37
360613,1,1,0,0,0,0,0,0,0,0,0,0
360613,2,1,0,0,0,0,0,0,0,0,0,0
360614,0,1,0,0,0,0,0,0,0,0,0,0
360614,1,1,0,0,0,7,0,0,0,0,9,0
360615,0,1,0,0,40,0,0,0,0,0,0,0
360615,0,2,0,3,0,0,0,0,0,0,14,0
360615,0,3,0,0,18,0,0,0,15,0,0,0
360615,1,1,0,0,0,0,0,0,0,0,0,14
360616,1,1,0,0,0,0,0,0,0,0,0,0
360617,1,1,0,0,0,0,0,0,0,0,0,0
360618,0,1,0,0,0,0,0,0,0,0,0,0
360618,1,1,0,0,0,0,0,0,0,0,0,0
360619,0,1,0,0,0,0,0,0,0,0,0,0
360619,1,1,0,0,0,0,0,0,0,0,0,0
360620,1,1,16,16,16,16,16,16,16,16,16,16
360621,1,1,0,14,0,0,0,0,0,0,0,0
360621,2,1,0,0,0,0,0,0,0,0,0,0
360622,1,1,0,0,0,0,0,0,0,0,0,0
360623,1,1,0,0,0,0,12,0,15,0,10,13
360624,0,1,0,0,28,0,0,0,0,23,0,9
360624,1,1,0,0,0,0,0,0,0,14,0,0
360625,1,1,11,8,0,0,16,0,20,0,9,21
360626,1,1,0,0,0,0,0,0,0,0,0,0
360627,1,1,0,0,0,16,11,0,0,0,0,0
360627,2,1,0,18,0,0,0,0,0,0,0,0
360627,3,1,0,0,0,0,0,0,0,0,0,0
360627,4,1,0,0,0,0,0,0,0,0,0,0
360628,1,1,5,5,5,5,5,5,5,5,5,5
360628,2,1,0,0,0,0,0,0,0,0,0,0
360629,0,1,0,0,0,0,0,0,0,0,0,0
360629,1,1,0,0,0,0,0,0,0,0,0,0
360630,0,1,0,0,0,0,0,0,0,0,0,0
360630,1,1,0,0,0,0,0,0,0,0,0,24
360631,0,1,0,11,26,17,8,0,0,0,0,0
360631,1,1,11,0,17,30,0,0,19,20,29,43
360632,1,1,19,33,10,16,26,19,21,15,27,15
360633,1,1,0,0,0,0,0,0,0,0,0,0
360633,2,1,0,0,0,0,0,0,0,0,0,0
360634,1,1,0,0,0,0,0,0,0,0,0,15
360635,1,1,0,0,0,0,0,0,0,0,0,0
360636,1,1,0,0,0,0,0,0,0,0,0,0
360636,2,1,0,0,0,0,0,0,0,0,0,0
360637,0,1,0,0,0,0,0,0,0,0,0,0
360637,1,1,0,0,0,0,0,0,0,18,0,0
360638,0,1,0,0,0,0,0,0,0,0,0,0
360638,1,1,0,0,0,0,0,0,0,0,0,0
360639,1,1,0,0,0,0,0,0,0,0,0,0
360639,2,1,0,0,0,0,0,0,0,0,0,0
360640,1,1,0,0,0,0,0,0,0,0,16,0
360640,2,1,0,0,0,9,0,0,0,4,0,0
360641,1,1,47,0,0,0,0,0,0,0,0,14
360642,1,1,19,19,19,19,19,19,19,19,19,19
360642,2,1,13,18,0,0,0,0,0,16,0,0
360642,3,1,14,0,0,0,0,11,0,25,33,0
360643,0,1,0,0,0,0,0,0,0,0,0,0
360643,1,1,0,0,6,0,0,16,22,0,0,0
360644,1,1,8,10,0,0,0,29,0,17,11,0
360644,2,1,0,15,0,0,0,0,0,8,0,6
360645,1,1,0,0,0,0,5,0,0,12,0,0
360646,3,1,0,0,0,0,0,0,0,0,0,0
360647,1,1,0,0,0,0,0,0,0,0,0,0
360648,1,1,0,0,0,0,0,0,0,0,0,0
360649,1,1,21,21,21,21,21,21,21,21,21,21
360650,0,1,0,0,0,0,0,0,0,4,0,0
360650,0,2,0,0,0,0,0,0,0,0,0,0
360650,1,1,0,0,0,0,16,0,0,0,0,0
360651,1,1,25,21,12,18,8,6,17,16,22,11
360651,2,1,0,0,20,18,7,0,21,0,0,29
360652,1,1,0,2,0,0,0,0,0,0,0,0
360652,2,1,0,0,0,0,0,0,0,0,0,0
360653,0,1,0,0,0,0,0,0,0,0,0,0
360653,1,1,0,0,0,0,0,0,0,0,0,0
360654,0,1,0,0,0,0,0,0,0,0,0,0
360654,1,1,0,0,0,0,0,0,0,0,0,0
360655,1,1,0,0,0,0,0,0,0,0,0,0
360656,0,1,0,34,15,32,10,16,0,12,0,15
360656,1,1,27,22,13,0,0,22,0,0,15,8
360657,1,1,20,17,0,0,0,0,0,0,0,0
360658,0,1,0,0,0,0,0,0,0,0,0,0
360658,1,1,9,9,9,9,9,9,9,9,9,9
360659,1,1,0,0,0,0,0,0,0,0,0,0
360659,2,1,0,0,0,0,0,0,0,0,0,0
360659,3,1,0,0,0,0,0,0,0,0,0,0
360660,1,1,5,0,0,0,0,0,0,0,0,0
360660,2,1,20,20,20,20,20,20,20,20,20,20
360661,1,1,6,0,0,0,0,0,8,0,0,2
360661,2,1,0,0,0,0,0,0,0,0,0,0
360662,0,1,0,0,0,0,0,21,0,0,0,17
360662,1,1,0,0,0,0,0,0,0,0,0,0
360663,1,1,0,20,0,15,0,11,0,21,0,15
360664,0,1,0,0,0,10,0,0,19,0,0,0
360664,1,1,0,0,0,0,0,0,0,0,0,0
360665,0,1,43,43,43,43,43,43,43,43,43,43
360665,1,1,0,0,0,19,13,0,0,0,0,19
360666,0,1,15,24,18,14,0,22,11,20,12,0
360666,1,1,18,18,18,18,18,18,18,18,18,18
360667,1,1,0,0,0,0,0,0,0,0,18,0
360668,0,1,0,31,0,38,0,0,26,13,0,0
360668,1,1,19,19,19,19,19,19,19,19,19,19
360669,1,1,36,19,0,8,0,32,0,0,7,9
360670,1,1,0,0,0,0,0,0,0,0,0,0
360670,2,1,0,0,0,0,0,0,0,0,0,0
360671,1,1,22,22,22,22,22,22,22,22,22,22
360671,2,1,0,36,0,0,11,0,0,0,0,31
360671,3,1,0,24,0,0,0,0,0,0,8,9
360672,0,1,0,0,0,0,0,0,0,0,0,0
360672,1,1,0,0,0,0,0,0,0,0,0,0
360673,1,1,0,0,0,0,0,0,0,0,0,0
360673,2,1,0,0,0,0,0,0,0,0,0,0
360674,1,1,14,0,0,12,11,20,0,0,14,0
360675,0,1,0,0,0,0,0,0,0,0,0,0
360675,1,1,0,18,0,0,0,0,0,0,0,0
360676,0,1,22,0,0,0,0,0,0,0,0,0
360676,1,1,0,0,0,0,0,0,0,0,0,0
360677,1,1,9,0,23,16,0,9,7,0,0,0
360677,2,1,0,0,0,0,0,0,0,0,0,0
360678,0,1,0,0,0,0,0,0,0,0,0,0
360678,1,1,14,0,0,0,0,0,0,0,0,0
360679,1,1,0,0,0,0,0,0,0,29,0,0
360680,1,1,0,0,0,0,0,0,8,0,0,0
360680,2,1,0,0,0,0,0,0,0,0,0,0
360681,0,1,0,0,0,0,0,0,0,0,0,0
360681,1,1,0,0,0,0,0,0,0,0,0,0
360682,1,1,0,0,0,14,18,0,0,18,0,0
360682,2,1,0,0,0,0,0,0,0,0,0,0
360683,0,1,0,0,0,0,0,0,0,0,0,0
360683,1,1,0,0,0,0,0,0,0,0,0,0
360684,0,1,20,20,20,20,20,20,20,20,20,20
360684,1,1,0,0,4,0,0,0,0,0,0,0
360685,1,1,0,0,18,0,18,0,0,19,0,18
360685,2,1,5,5,5,5,5,5,5,5,5,5
360686,1,1,21,21,21,21,21,21,21,21,21,21
360687,0,1,10,0,0,6,19,0,0,30,35,14
360687,1,1,0,0,17,0,0,0,22,0,0,0
360688,1,1,0,0,0,0,0,0,0,0,0,0
360688,2,1,0,0,0,0,0,0,0,0,0,0
360689,0,1,3,0,35,0,0,18,0,0,9,15
360689,1,1,25,0,0,0,0,0,0,0,0,0
360690,0,1,0,0,0,0,0,0,0,0,0,0
360690,1,1,0,0,0,0,0,0,0,0,0,0
360691,1,1,0,0,0,0,0,0,0,0,0,0