ST_CASE,VEH_NO,PER_NO,P1,P2,P3,P4,P5,P6,P7,P8,P9,P10
370994,2,1,0,0,0,0,0,0,0,0,0,0
370995,1,1,35,35,35,35,35,35,35,35,35,35
370996,1,1,0,0,0,0,0,0,0,0,13,0
370997,1,1,43,0,0,27,0,0,0,0,37,0
370998,1,1,19,19,19,19,19,19,19,19,19,19
370999,1,1,12,12,12,12,12,12,12,12,12,12
370999,2,1,0,16,0,0,16,0,18,0,0,18
371000,1,1,7,0,0,0,0,0,0,0,0,11
371000,2,1,0,0,0,0,0,0,0,0,13,0
371001,1,1,0,0,0,0,0,0,0,0,0,0
371001,2,1,0,0,0,0,0,0,0,0,0,0
371001,3,1,0,0,0,0,0,0,0,0,0,0
371002,0,1,0,0,0,0,0,0,0,0,0,0
371002,1,1,0,0,11,0,0,0,28,0,0,13
371003,1,1,7,26,8,11,15,7,0,3,16,13
371004,1,1,20,21,0,14,0,0,0,19,19,0
371004,2,1,0,0,0,0,0,0,0,0,0,0
371005,1,1,0,0,0,0,0,0,0,0,0,0
371005,2,1,0,0,0,0,0,0,0,0,0,0
371006,1,1,0,0,18,0,0,0,0,0,17,0
371007,1,1,0,8,0,0,0,0,20,0,0,26
371008,1,1,0,0,0,0,0,0,0,0,0,0
371008,2,1,0,0,0,0,0,0,0,0,0,0
371009,0,1,0,0,0,0,0,0,0,0,0,0
371009,1,1,0,0,0,0,0,0,0,0,0,0
371010,1,1,0,21,21,0,0,0,31,0,0,0
371011,1,1,0,0,0,0,0,0,0,0,0,15
371011,2,1,0,0,0,0,0,0,0,0,0,0
371011,3,1,0,0,0,0,0,0,0,0,16,0
371012,1,1,0,0,0,0,0,0,0,0,0,0
371012,2,1,0,0,0,0,0,0,0,0,0,0
371013,1,1,0,0,0,0,0,9,0,0,0,0
371013,2,1,0,0,0,0,0,0,0,0,0,0
371014,1,1,0,0,0,0,0,0,0,0,0,0
371014,2,1,0,0,0,0,0,0,0,0,0,0
371015,1,1,0,0,0,0,18,0,0,0,0,18
371015,2,1,0,0,6,0,0,0,0,0,0,0
371015,3,1,0,0,0,0,0,0,0,0,0,0
371016,1,1,0,0,0,0,0,0,0,0,0,0
371016,2,1,0,0,0,0,0,0,0,0,0,0
371017,1,1,8,6,18,7,19,25,15,9,20,44
371018,1,1,0,0,0,0,0,0,20,0,0,0
371018,2,1,0,0,0,0,0,0,0,0,0,0
371019,1,1,0,0,0,0,0,0,0,0,0,0
371019,2,1,0,0,0,0,0,0,0,18,0,0
371020,0,1,10,21,0,0,0,0,9,0,0,29
371020,1,1,0,0,0,0,0,0,0,0,0,0
371021,1,1,0,0,0,0,0,0,0,0,0,0
371022,1,1,0,0,29,16,20,27,10,18,27,0
371023,1,1,0,0,0,0,0,0,0,0,0,0
371023,2,1,0,0,0,0,0,0,0,0,0,0
371024,1,1,0,0,0,0,0,0,0,0,0,0
371024,2,1,0,0,0,0,0,0,0,0,0,0
371024,3,1,0,0,0,0,0,0,0,0,0,0
371025,1,1,21,22,8,10,37,26,24,0,11,0
371026,1,1,0,0,0,12,13,0,0,26,0,0
371027,0,1,0,5,0,0,0,0,0,0,0,0
371027,1,1,0,0,0,0,0,0,0,0,0,0
371028,1,1,0,7,0,0,0,0,0,0,0,0
371029,1,1,0,0,0,0,0,0,0,0,0,21
371029,2,1,0,14,0,0,0,0,0,0,0,0
371030,0,1,0,0,0,24,36,0,16,0,0,0
371030,1,1,0,0,0,0,0,11,0,0,0,0
371031,1,1,0,0,0,0,0,0,0,0,0,0
371031,2,1,0,0,0,0,0,0,0,0,0,0
371032,1,1,33,0,0,7,0,0,0,0,11,0
371033,1,1,0,0,0,0,0,0,0,0,0,0
371033,2,1,0,0,0,0,0,0,0,0,0,0
371034,1,1,0,12,0,4,0,0,0,19,0,0
371035,1,1,0,0,0,0,0,0,0,0,0,0
371035,2,1,0,0,0,0,0,0,0,0,0,3
371036,1,1,0,0,0,0,0,0,3,0,0,0
371036,2,1,0,0,0,0,0,0,0,0,0,0
371036,3,1,0,0,0,0,0,0,0,0,0,0
371036,4,1,0,0,0,0,0,0,0,0,0,0
371037,1,1,0,0,34,0,25,0,23,0,0,22
371038,1,1,7,0,0,7,0,0,0,0,0,19
371038,2,1,0,0,0,0,0,0,0,0,0,0
371039,1,1,0,0,0,0,0,0,0,0,0,0
371040,1,1,0,0,0,0,0,0,0,0,0,0
371041,1,1,0,0,0,0,0,0,0,0,0,0
371041,2,1,0,0,0,0,0,0,0,0,0,0
371042,0,1,2,2,2,2,2,2,2,2,2,2
371042,1,1,20,20,20,20,20,20,20,20,20,20
371043,1,1,0,0,0,0,15,0,0,0,0,37
371043,2,1,0,0,0,0,0,0,0,0,0,0
371044,0,1,0,0,0,0,0,0,0,0,0,0
371044,1,1,23,29,28,4,31,22,20,13,34,2
371045,1,1,14,14,14,14,14,14,14,14,14,14
371047,1,1,0,0,0,0,0,0,0,0,0,0
371047,2,1,0,0,0,0,0,0,0,0,0,0
371048,0,1,0,0,11,8,12,25,0,0,0,0
371048,1,1,22,0,3,0,28,0,0,0,10,0
371049,1,1,0,0,0,0,0,0,0,0,0,0
371049,2,1,0,0,0,0,0,0,0,0,0,0
371049,3,1,0,0,0,0,0,0,0,0,0,0
371049,4,1,0,0,0,0,0,0,0,0,0,0
371050,0,1,19,19,19,19,19,19,19,19,19,19
371050,1,1,0,4,0,0,0,14,12,0,0,10
371051,1,1,13,12,8,6,17,7,14,23,15,8
371052,0,1,7,44,0,0,0,0,0,0,0,0
371052,1,1,29,0,0,0,0,0,0,0,0,0
371053,1,1,0,0,0,0,0,0,0,0,15,0
371054,1,1,0,0,0,0,0,0,0,0,0,0
371054,2,1,0,0,0,0,0,0,0,0,0,0
371055,0,1,0,0,17,0,0,0,0,0,0,0
371055,1,1,0,35,14,2,13,11,8,32,0,10
371056,1,1,26,22,10,26,7,33,18,24,26,13
371057,1,1,0,16,29,0,0,31,20,13,0,0
371058,1,1,0,0,0,0,0,0,0,0,0,0
371059,1,1,0,0,0,0,0,0,0,0,0,0
371060,0,1,40,20,0,0,0,0,0,0,0,0
371060,1,1,0,0,0,0,0,0,0,0,0,0
371061,1,1,0,0,0,0,0,0,0,0,0,0
371062,1,1,0,0,0,20,6,28,12,17,0,10
371063,1,1,19,19,19,19,19,19,19,19,19,19
371064,1,1,10,18,16,21,17,0,0,5,0,0
371065,1,1,0,0,0,0,0,0,0,0,0,3
371065,2,1,0,0,0,0,0,0,0,0,0,0
371067,1,1,0,0,0,0,0,0,10,0,18,0
371067,2,1,0,0,0,0,0,0,0,0,0,0
371068,0,1,0,0,17,0,0,0,0,0,0,0
371068,1,1,0,0,0,0,0,0,0,0,0,0
371069,1,1,0,0,0,0,0,0,16,0,0,0
371069,2,1,0,0,0,0,0,0,0,0,0,0
371070,1,1,0,0,0,0,0,0,0,0,0,0
371070,2,1,12,12,12,12,12,12,12,12,12,12
371071,1,1,0,0,0,0,0,0,0,0,0,0
371071,2,1,0,0,0,0,0,0,0,0,0,0
371072,1,1,0,0,0,0,7,0,0,0,0,0
371073,1,1,0,0,0,0,0,0,0,0,0,0
371073,2,1,0,0,8,0,0,0,0,0,0,0
371074,0,1,11,11,11,11,11,11,11,11,11,11
371074,1,1,0,0,0,0,0,0,0,0,0,0
371075,1,1,0,0,0,0,0,0,0,0,0,0
371075,2,1,0,0,0,0,0,0,0,0,0,0
371075,3,1,0,0,0,0,0,0,0,0,0,0
371075,4,1,0,0,0,0,0,0,0,0,0,0
371076,1,1,0,0,0,0,0,0,0,0,0,0
371077,0,1,16,16,12,28,27,37,0,0,0,12
371077,1,1,0,0,28,0,0,0,0,13,0,0
371078,0,1,4,0,0,0,0,0,0,0,0,0
371078,1,1,0,0,0,0,0,0,0,0,0,0
371079,1,1,0,0,0,0,0,0,0,0,0,0
371080,1,1,0,22,0,17,0,26,0,0,9,20
371081,1,1,0,0,0,0,0,0,0,0,0,0
371081,2,1,0,0,0,0,0,0,0,0,0,0
371083,1,1,0,0,0,0,0,0,0,0,0,0
371084,1,1,0,23,0,0,0,0,0,4,9,7
371084,2,1,0,0,0,0,0,0,0,0,0,0
371084,3,1,0,0,0,0,0,0,0,0,0,0
371085,0,1,20,20,20,20,20,20,20,20,20,20
371085,1,1,9,9,9,9,9,9,9,9,9,9
371086,1,1,0,0,0,0,0,0,0,0,0,0
371087,0,1,8,0,20,0,0,0,0,0,0,0
371087,1,1,5,0,0,0,0,2,0,0,0,0
371087,2,1,0,0,0,0,0,0,0,0,0,0
371088,1,1,0,8,0,0,10,0,0,0,0,0
371088,2,1,0,0,0,0,0,0,0,0,0,0
371089,0,1,43,43,43,43,43,43,43,43,43,43
371089,1,1,0,24,10,0,0,0,0,0,0,0
371090,0,1,6,6,6,6,6,6,6,6,6,6
371090,1,1,0,0,0,12,30,0,0,7,0,0
371091,1,1,0,0,0,0,0,0,0,0,0,0
371091,2,1,0,0,0,0,0,0,0,0,0,0
371092,1,1,11,16,12,19,8,9,0,0,9,16
371093,1,1,0,0,0,0,0,0,0,0,0,0
371094,1,1,0,0,0,0,0,0,0,0,0,0
371094,2,1,0,10,4,0,0,0,0,0,0,0
371095,0,1,0,12,12,0,31,6,16,30,10,0
371095,2,1,0,0,0,0,0,0,0,0,0,0
371096,1,1,0,0,0,0,0,0,0,0,0,0
371096,2,1,0,0,0,0,0,0,0,0,0,0
371097,1,1,15,15,15,15,15,15,15,15,15,15
371097,2,1,0,0,0,17,0,25,0,0,0,0
371098,1,1,0,0,0,0,0,0,0,0,0,0
371098,2,1,0,0,0,0,0,0,0,0,0,0
371099,1,1,0,0,26,19,0,7,0,0,0,16
371100,0,1,0,0,10,0,0,0,0,0,0,0
371100,1,1,0,0,0,0,0,0,0,0,3,0
371101,1,1,15,0,0,0,13,0,0,0,0,0
371101,2,1,0,0,0,0,0,0,0,0,0,0
371102,0,1,18,18,18,18,18,18,18,18,18,18
371102,1,1,0,0,0,0,20,0,0,0,0,0
371103,1,1,12,12,12,12,12,12,12,12,12,12
371104,1,1,14,9,19,4,25,5,7,16,20,6
371104,2,1,0,0,0,0,0,0,0,0,0,0
371105,1,1,0,0,0,0,0,0,0,0,0,0
371106,1,1,15,15,15,15,15,15,15,15,15,15
371107,1,1,0,0,0,0,0,0,0,0,0,0
371107,2,1,0,0,21,0,0,0,0,0,0,0
371108,0,1,0,23,0,0,0,0,0,20,0,0
371108,1,1,0,0,0,0,0,0,0,0,0,0
371108,2,1,0,0,0,0,0,0,0,0,0,0
371109,1,1,15,0,0,22,0,0,24,0,0,0
371110,1,1,0,0,0,0,0,0,0,0,0,0
371110,2,1,0,0,0,0,0,0,0,0,0,0
371111,0,1,0,0,0,3,0,0,0,0,31,0
371111,1,1,0,0,0,0,0,0,0,0,0,0
371112,1,1,0,0,0,0,0,0,0,0,0,0
371112,2,1,0,11,0,0,0,0,0,0,0,0
371113,1,1,0,0,0,0,0,0,0,0,9,0
371113,2,1,0,0,0,0,0,0,0,0,0,0
371114,1,1,11,0,0,0,0,0,21,0,0,0
371114,2,1,0,0,0,0,0,0,0,0,0,0
371115,1,1,0,0,16,0,0,6,0,0,0,0
371116,1,1,0,0,0,0,0,0,0,0,0,0
371116,2,1,0,0,0,0,0,0,0,0,0,0
371117,1,1,0,0,0,0,0,0,0,19,0,0
371118,1,1,0,0,0,0,0,0,0,0,0,0
371118,2,1,0,0,18,0,0,0,0,0,0,0
371118,3,1,0,18,8,0,0,0,0,13,0,0
371118,4,1,0,0,0,0,0,0,0,0,0,0
371118,5,1,0,0,0,0,18,0,0,14,0,0
371119,0,1,0,0,0,0,0,0,0,0,0,0
371119,1,1,0,0,0,0,0,0,0,0,0,0
371120,1,1,0,0,0,0,25,0,0,0,0,0
371120,2,1,0,0,0,0,0,0,0,0,26,0
371121,1,1,0,0,0,0,9,0,0,0,10,0
371122,1,1,12,12,12,12,12,12,12,12,12,12
371123,1,1,0,0,0,0,0,0,0,0,0,0
371123,2,1,0,0,0,0,0,0,0,0,0,0
371124,0,1,0,0,24,0,13,0,0,0,0,32
371124,1,1,0,0,0,0,0,0,0,0,0,0
371125,0,1,0,0,33,18,0,0,0,0,15,0
371125,1,1,0,0,0,0,0,0,0,0,0,0
371126,0,1,0,0,0,0,0,0,0,0,0,0
371126,1,1,0,0,0,0,0,0,0,0,0,0
371127,1,1,0,0,0,0,0,0,0,0,0,0
371127,2,1,0,0,0,0,0,0,0,0,0,0
371127,3,1,0,0,0,0,0,0,0,0,0,0
371128,1,1,0,0,0,0,0,0,0,0,0,0
371129,1,1,0,0,0,0,0,0,0,0,0,0
371129,2,1,0,0,0,0,0,0,0,0,0,0
371130,1,1,0,0,13,0,14,0,0,0,0,0
371130,2,1,0,0,0,0,0,0,0,0,0,0
371130,3,1,0,0,0,0,0,0,0,0,0,0
371131,1,1,7,15,16,13,21,7,15,4,24,24
371132,0,1,15,15,15,15,15,15,15,15,15,15
371132,1,1,16,0,0,0,0,0,10,0,0,0
371133,1,1,18,10,19,11,14,19,27,15,24,10
371134,1,1,0,0,17,0,0,0,0,0,0,0
371135,1,1,0,0,0,0,0,0,0,0,0,0
371136,1,1,0,0,0,0,0,0,0,0,0,0
371136,2,1,0,0,0,0,9,0,0,0,0,0
371136,3,1,0,0,0,0,0,0,0,0,0,0
371137,1,1,0,0,0,0,0,0,0,0,0,0
371137,2,1,0,0,0,0,0,0,0,0,0,0
371137,3,1,0,0,0,0,0,0,0,0,0,0
371137,4,1,0,0,0,0,0,0,0,0,0,0
371138,1,1,0,0,0,0,23,0,0,13,0,8
371139,1,1,0,0,0,0,0,0,0,0,0,0
371139,2,1,0,0,0,0,0,0,0,0,0,0
371140,1,1,0,0,0,0,0,0,0,0,0,0
371140,2,1,0,0,0,0,0,0,0,0,0,0
371141,0,1,0,0,0,0,0,0,0,0,0,0
371141,1,1,0,0,0,0,0,0,0,0,0,0
371142,0,1,0,15,0,0,0,0,0,0,0,0
371142,1,1,0,9,30,46,17,25,18,0,25,13
371143,1,1,34,17,0,28,35,11,0,24,0,22
371144,1,1,0,0,0,0,0,0,0,0,0,0
371145,1,1,0,0,0,0,0,0,0,0,0,0
371146,1,1,0,0,0,0,0,0,0,0,0,0
371146,2,1,0,0,0,16,0,0,0,0,0,0
371147,1,1,28,17,17,33,20,14,12,14,17,16
371148,1,1,0,0,0,0,0,0,0,0,0,0
371148,2,1,0,0,0,0,0,0,0,0,0,0
371149,1,1,0,0,0,0,0,0,0,0,0,0
371149,2,1,0,0,0,0,0,0,0,0,0,0
371150,1,1,20,18,20,24,12,16,10,32,8,42
371151,1,1,0,0,0,0,0,0,16,0,0,0
371151,2,1,14,10,0,28,12,5,19,12,2,16
371152,1,1,0,0,0,0,0,0,0,0,0,0
371152,2,1,0,0,0,0,0,0,0,0,0,0
371153,1,1,0,0,0,0,0,0,0,0,0,0
371153,2,1,8,8,8,8,8,8,8,8,8,8
371154,1,1,0,0,0,0,0,0,0,0,0,0
371154,2,1,0,0,0,0,0,0,0,0,0,0
371155,1,1,0,0,0,0,0,0,0,0,0,0
371155,2,1,0,0,0,0,0,0,0,0,0,7
371156,1,1,0,0,0,0,0,0,0,0,0,0
371156,2,1,0,0,0,0,0,9,0,0,0,0
371157,1,1,8,8,8,8,8,8,8,8,8,8
371158,1,1,0,0,0,0,0,0,0,0,0,0
371158,2,1,0,0,0,0,0,0,0,0,0,0
371159,1,1,0,0,8,0,0,0,0,0,0,0
371160,1,1,0,0,0,0,0,0,0,0,0,13
371161,1,1,11,11,11,11,11,11,11,11,11,11
371161,2,1,9,0,4,0,0,0,0,0,11,0
371162,1,1,0,0,0,0,0,0,0,0,0,0
371162,2,1,0,0,0,7,0,0,0,0,0,0
371163,1,1,0,0,0,0,0,0,0,0,0,0
371164,1,1,0,0,0,0,0,0,0,0,0,0
371164,2,1,0,0,0,0,0,0,0,0,0,0
371165,1,1,15,22,0,0,0,15,18,18,0,22
371166,1,1,0,0,0,0,0,13,0,2,33,8
371167,1,1,12,3,14,14,18,12,21,20,15,14
371168,1,1,0,0,16,0,0,0,0,0,0,0
371168,2,1,0,0,0,0,0,0,0,0,0,0
371169,0,1,0,0,0,0,0,0,0,0,0,0
371169,1,1,29,48,0,0,0,0,0,0,0,0
371170,0,1,0,0,0,22,0,0,0,0,0,0
371170,1,1,0,0,0,0,0,0,0,0,0,0
371170,2,1,0,26,0,0,0,0,0,0,0,0
371171,1,1,13,13,13,13,13,13,13,13,13,13
371172,1,1,19,19,19,19,19,19,19,19,19,19
371173,1,1,8,8,8,8,8,8,8,8,8,8
371173,2,1,8,8,8,8,8,8,8,8,8,8
371174,1,1,0,0,0,0,0,0,0,0,0,0
371174,2,1,0,0,0,0,0,0,0,0,0,17
371175,1,1,8,36,8,14,7,14,24,12,16,14
371175,2,1,19,0,10,5,0,0,0,14,24,0
371176,1,1,0,0,0,0,0,0,0,0,0,0
371176,2,1,0,0,0,0,0,0,0,0,0,0
371177,1,1,24,15,0,5,0,0,0,10,18,0
371178,1,1,0,0,0,0,0,0,0,0,0,0
371179,0,1,0,0,0,0,0,0,0,0,0,0
371179,1,1,0,0,0,0,0,0,0,0,0,0
371180,0,1,0,0,0,0,0,0,0,0,0,0
371180,1,1,0,0,0,0,0,0,0,0,0,0
371180,2,1,12,0,10,0,0,0,0,0,0,0
371181,1,1,0,0,0,0,0,0,21,0,0,35
371182,1,1,4,4,4,4,4,4,4,4,4,4
371183,1,1,0,0,0,0,20,0,0,0,0,0
371183,2,1,0,0,0,0,0,0,0,0,0,0
371183,3,1,0,0,0,0,0,0,0,0,0,0
371184,1,1,0,0,0,0,0,0,0,0,0,0
371184,2,1,0,0,0,0,0,0,0,0,0,0
371185,0,1,22,22,22,22,22,22,22,22,22,22
371185,1,1,0,0,0,4,0,17,0,0,0,0
371186,0,1,17,17,17,17,17,17,17,17,17,17
371186,1,1,0,12,0,0,0,0,0,0,11,16
371186,2,1,0,0,0,0,0,0,0,0,0,0
371187,1,1,0,0,0,0,0,0,0,0,0,0
371187,2,1,0,0,0,0,0,0,0,0,0,0
371188,1,1,21,21,21,21,21,21,21,21,21,21
371189,1,1,29,24,14,14,18,9,10,20,10,11
371190,0,1,0,0,0,17,0,33,17,0,0,0
371190,1,1,13,0,0,0,0,0,0,0,0,0
371191,1,1,25,25,25,25,25,25,25,25,25,25
371192,1,1,15,27,12,17,7,22,0,32,19,29
371192,2,1,0,0,14,0,20,0,0,0,0,0
371192,3,1,0,0,0,0,0,7,0,0,0,0
371193,1,1,22,22,22,22,22,22,22,22,22,22
371194,0,1,0,0,0,0,0,0,0,0,0,0
371194,1,1,0,0,0,0,0,0,0,0,0,0
371195,1,1,11,11,11,11,11,11,11,11,11,11
371196,1,1,0,0,0,0,0,0,0,0,0,0
371196,2,1,0,0,0,0,0,0,0,0,0,0
371197,1,1,0,0,0,0,0,0,0,0,9,0
371197,2,1,0,0,0,0,0,0,0,0,0,0
371198,1,1,0,0,0,0,0,19,0,0,0,0
371199,1,1,14,12,24,18,6,24,25,17,12,17
371200,1,1,22,22,22,22,22,22,22,22,22,22
371201,1,1,11,0,0,0,0,10,18,5,0,0
371202,1,1,0,0,0,0,0,0,0,0,0,0
371202,2,1,0,0,0,10,3,0,0,0,0,0
371203,0,1,0,0,0,0,0,0,0,0,21,0
371203,1,1,0,0,0,0,0,0,0,0,0,0
371204,1,1,0,0,0,0,0,0,0,0,0,0
371204,2,1,0,0,0,0,0,0,18,0,0,0
371204,3,1,0,0,0,0,0,0,0,0,0,0
371205,1,1,0,0,0,0,0,14,0,0,19,31
371206,1,1,22,22,22,22,22,22,22,22,22,22
371207,0,1,6,6,6,6,6,6,6,6,6,6
371207,1,1,0,0,0,19,0,0,0,0,0,0
371208,1,1,0,0,0,0,0,0,0,0,0,0
371208,2,1,0,0,0,0,0,0,0,0,0,0
371209,1,1,28,21,9,33,6,13,14,17,26,20
371210,1,1,0,0,0,0,0,0,0,0,0,0
371210,2,1,0,0,0,0,0,0,0,0,0,0
371211,1,1,0,0,0,0,0,0,0,0,0,0
371211,2,1,0,0,0,0,0,0,0,0,0,0
371211,3,1,0,0,0,0,0,0,0,27,0,0
371212,0,1,0,19,0,31,0,19,5,0,0,0
371212,1,1,0,0,0,0,0,0,0,0,6,0
371213,1,1,13,0,0,0,0,0,0,0,0,11
371214,1,1,0,0,0,0,0,0,0,0,0,0
371214,2,1,0,0,0,0,0,0,0,0,0,0
371215,0,1,0,0,0,0,0,0,0,0,0,0
371215,1,1,0,0,0,0,0,0,10,0,0,0
371216,1,1,5,5,5,5,5,5,5,5,5,5
371217,1,1,0,0,0,0,0,0,32,0,0,0
371217,2,1,18,0,0,0,0,10,0,0,0,0
371218,1,1,18,18,18,18,18,18,18,18,18,18
371219,1,1,0,0,0,0,33,13,0,0,0,0
371220,1,1,0,6,28,0,22,20,22,16,16,14
371221,1,1,0,16,0,0,0,0,0,0,0,0
371221,2,1,0,0,0,0,0,0,0,0,0,0
371222,1,1,0,0,0,0,0,0,0,0,0,0
371223,1,1,0,0,0,0,0,0,0,0,0,11
371223,2,1,16,0,0,0,0,0,0,0,0,0
371223,3,1,0,0,0,0,0,0,21,0,0,0
371223,4,1,0,0,0,0,0,0,0,0,0,0
371223,5,1,0,0,0,0,0,0,0,0,0,0
371223,6,1,0,0,0,0,0,0,0,0,0,0
371223,7,1,0,0,0,0,0,0,0,0,0,0
371224,1,1,0,0,0,0,0,0,0,0,0,0
371225,1,1,0,9,21,18,18,13,11,18,10,14
371225,2,1,0,0,0,0,0,0,0,0,0,12
371225,3,1,0,0,0,0,0,0,0,0,0,0
371226,1,1,22,22,22,22,22,22,22,22,22,22
371226,2,1,0,0,0,0,0,0,0,0,0,0
371227,1,1,0,0,0,0,0,0,0,0,0,0
371227,2,1,0,0,0,0,0,0,0,0,0,0
371227,3,1,0,11,23,29,0,0,0,28,0,0
371228,1,1,0,0,0,0,0,0,0,0,0,0
371229,1,1,12,12,12,12,12,12,12,12,12,12
371230,1,1,0,0,0,0,0,0,0,0,0,0
371231,1,1,0,0,0,0,0,0,0,0,0,0
371231,2,1,0,0,12,0,0,0,0,0,24,0
371232,1,1,0,0,0,0,0,0,0,0,20,0
371233,0,1,0,0,0,0,44,0,0,0,0,0
371233,1,1,0,0,0,0,0,0,0,0,0,0
371234,1,1,0,0,0,0,0,0,0,0,0,0
371234,2,1,0,0,0,0,0,0,0,0,0,0
371234,3,1,0,0,0,0,0,0,0,0,0,0
371235,1,1,0,0,0,0,0,0,0,0,0,0
371236,0,1,0,0,0,0,32,47,0,0,0,1
371236,1,1,0,17,0,0,0,0,0,0,0,0
371237,1,1,0,0,0,0,0,0,0,0,0,0
371237,2,1,0,0,0,0,0,0,0,0,0,0
371237,3,1,0,0,0,0,0,0,0,0,0,0
371238,0,1,0,0,8,0,0,0,0,0,0,0
371238,1,1,0,0,0,0,0,0,0,0,0,0
371239,0,1,0,0,0,0,0,0,0,0,0,0
371239,1,1,0,0,0,0,0,0,0,0,0,0
371240,1,1,0,0,0,0,0,0,0,0,0,0
371240,2,1,0,0,28,0,0,0,0,0,0,0
371241,1,1,8,0,0,0,0,0,0,0,0,0
371242,1,1,21,21,21,21,21,21,21,21,21,21
371243,1,1,0,0,0,0,15,0,0,0,0,0
371244,1,1,0,0,0,0,0,0,0,0,0,0
371244,2,1,0,0,0,0,0,0,0,0,0,0
371244,3,1,0,0,10,0,0,0,0,5,0,0
371246,1,1,0,0,0,0,30,0,0,0,0,0
371247,1,1,0,10,0,0,0,0,0,0,0,0
371247,2,1,0,0,0,0,0,0,0,0,0,0
371248,1,1,9,0,0,0,0,0,13,0,0,0
371248,2,1,0,0,0,0,0,0,0,0,0,0
371249,1,1,0,0,0,0,0,0,0,0,0,0
371249,2,1,0,0,0,0,0,0,17,0,0,0
371250,1,1,0,0,0,29,0,0,0,16,6,18
371250,2,1,0,0,0,0,0,0,0,0,0,0
371251,1,1,0,0,0,0,0,0,0,0,0,0
371251,2,1,0,0,0,0,0,0,0,0,0,0
371252,0,1,27,35,8,3,33,17,10,23,28,36
371252,1,1,15,15,15,15,15,15,15,15,15,15
371253,0,1,7,0,0,0,18,0,33,0,0,0
371253,1,1,0,17,0,0,0,0,23,0,0,0
371254,1,1,0,0,0,0,0,0,0,0,0,0
371254,2,1,0,0,0,0,0,0,0,0,0,0
371255,1,1,0,0,0,0,0,0,0,0,0,0
371255,2,1,0,0,0,0,0,0,0,0,0,0
371256,0,1,0,24,0,0,0,26,27,0,0,0
371256,1,1,0,0,9,0,0,0,0,0,0,0
371257,1,1,23,23,23,23,23,23,23,23,23,23
371258,1,1,7,0,0,0,0,0,0,0,0,0
371258,2,1,0,0,17,20,6,14,13,0,0,9
371259,1,1,0,0,0,14,0,30,0,24,0,0
371259,2,1,0,0,0,0,0,0,0,0,0,0
371260,1,1,0,0,0,0,0,0,0,0,0,0
371260,2,1,0,0,0,0,0,0,0,0,0,0
371260,3,1,0,0,0,0,0,0,0,0,0,0
371261,0,1,9,5,0,14,0,0,0,30,0,28
371261,1,1,0,0,0,0,0,0,0,0,0,0
371262,1,1,0,0,0,0,0,0,0,0,0,0
371263,0,1,0,0,0,27,24,17,0,0,0,0
371263,1,1,7,0,0,0,0,0,0,0,0,0
371264,1,1,0,0,0,19,30,0,18,0,0,0
371265,1,1,0,0,0,12,0,0,0,0,0,0
371266,1,1,0,0,0,0,0,0,0,0,0,0
371266,2,1,0,0,0,14,0,0,0,0,0,0
371267,1,1,0,19,0,0,0,19,0,0,14,0
371268,1,1,0,0,0,0,0,0,0,0,0,0
371268,2,1,0,0,0,0,0,0,0,0,0,0
371269,1,1,0,0,0,0,0,0,0,0,0,0
371269,2,1,0,0,0,0,0,0,0,0,0,0
371269,3,1,0,0,0,0,0,0,0,0,0,0
371269,4,1,0,0,0,0,0,0,0,0,0,0
371270,1,1,0,0,0,0,0,0,0,0,0,0
371270,2,1,0,0,0,0,0,0,8,0,0,0
371271,1,1,0,0,0,0,0,0,0,0,0,0
371271,2,1,0,0,0,0,0,0,0,0,0,39
371272,0,1,23,23,23,23,23,23,23,23,23,23
371272,1,1,0,0,0,0,0,0,0,0,0,0
371273,1,1,0,0,0,0,0,0,0,0,0,0
371273,2,1,0,0,0,0,0,0,0,0,0,0
371274,1,1,0,0,0,0,0,0,0,0,0,0
371274,2,1,3,3,3,3,3,3,3,3,3,3
371275,0,1,0,0,0,0,0,0,0,0,0,0
371275,1,1,0,0,0,0,0,0,0,0,0,0
371276,1,1,0,0,0,0,0,0,0,0,0,0
371276,2,1,0,0,0,0,0,0,0,0,0,0
371277,1,1,0,0,0,0,0,0,0,0,0,0
371277,2,1,0,0,0,0,0,0,0,0,0,0
371278,1,1,9,9,9,9,9,9,9,9,9,9
371279,1,1,0,0,0,3,0,0,16,9,0,19
371280,2,1,0,0,0,0,0,0,0,0,0,0
371281,1,1,0,0,13,14,0,0,0,0,0,0
371281,2,1,8,8,8,8,8,8,8,8,8,8
371282,1,1,8,8,8,8,8,8,8,8,8,8
371283,1,1,0,0,0,0,0,0,0,0,0,0
371283,2,1,0,0,0,0,0,0,0,0,0,0
371283,3,1,0,0,0,0,0,0,0,0,0,0
371284,1,1,0,0,0,0,0,0,28,0,0,4
371285,1,1,29,0,0,0,0,0,0,0,0,8
371285,2,1,2,0,0,0,0,0,0,0,0,0
371286,0,1,0,0,0,24,0,0,0,13,0,64
371286,1,1,0,0,0,0,0,0,0,0,0,0
371287,0,1,26,26,26,26,26,26,26,26,26,26
371287,1,1,0,0,0,0,0,0,0,0,0,0
371288,1,1,0,0,0,0,0,0,0,0,0,0
371289,0,1,27,0,0,8,0,0,15,0,0,0