ST_CASE,VEH_NO,PER_NO,P1,P2,P3,P4,P5,P6,P7,P8,P9,P10
390451,2,1,0,0,0,0,0,0,0,0,0,0
390452,1,1,0,0,0,0,0,0,0,0,0,0
390452,2,1,0,0,0,0,0,0,0,0,0,0
390453,1,1,0,0,0,0,0,0,0,0,0,0
390453,2,1,0,0,0,0,0,0,0,0,0,0
390454,1,1,20,20,20,20,20,20,20,20,20,20
390455,1,1,0,0,0,0,0,0,0,0,0,0
390455,2,1,0,0,0,0,0,0,0,0,0,0
390455,3,1,0,0,0,0,0,0,0,0,0,0
390456,1,1,18,18,18,18,18,18,18,18,18,18
390457,1,1,28,28,28,28,28,28,28,28,28,28
390458,1,1,14,14,14,14,14,14,14,14,14,14
390458,2,1,0,0,0,0,0,0,0,0,0,0
390459,0,1,0,24,21,0,0,0,0,43,0,0
390459,1,1,0,0,11,0,0,0,0,0,8,22
390460,0,1,0,0,0,0,10,0,0,0,0,0
390460,1,1,0,0,0,0,0,0,0,0,0,0
390462,0,1,29,0,0,0,0,25,0,0,0,0
390462,2,1,0,0,0,0,0,0,0,0,0,0
390463,1,1,2,2,2,2,2,2,2,2,2,2
390464,1,1,22,22,22,22,22,22,22,22,22,22
390465,1,1,21,21,21,21,21,21,21,21,21,21
390466,1,1,0,0,0,0,0,0,0,0,0,0
390467,0,1,0,0,0,0,0,0,0,0,0,0
390467,1,1,0,0,0,0,0,0,0,0,0,0
390468,1,1,0,0,0,0,0,0,0,0,0,0
390469,1,1,0,0,0,0,0,0,0,0,0,0
390469,2,1,0,0,0,0,0,0,0,0,0,0
390470,1,1,0,0,0,0,0,26,13,12,13,0
390471,1,1,23,23,23,23,23,23,23,23,23,23
390472,1,1,0,0,0,0,0,0,0,0,0,0
390473,1,1,0,0,0,0,0,0,0,0,0,0
390473,2,1,0,0,0,0,0,0,0,0,0,0
390474,1,1,0,0,0,0,0,0,0,0,0,0
390475,1,1,0,0,0,0,0,0,0,0,0,0
390475,2,1,0,0,0,0,0,0,0,0,0,0
390477,0,1,16,0,0,0,20,0,33,0,0,0
390477,0,2,0,0,0,0,0,0,0,0,0,0
390477,1,1,0,0,12,0,0,14,0,0,0,0
390479,1,1,9,9,9,9,9,9,9,9,9,9
390480,1,1,28,28,28,28,28,28,28,28,28,28
390481,1,1,12,12,12,12,12,12,12,12,12,12
390482,1,1,0,0,0,0,0,0,0,0,0,0
390482,2,1,0,16,0,0,0,0,0,0,0,0
390483,1,1,0,0,0,0,0,0,0,0,0,0
390483,2,1,16,0,0,0,0,0,0,0,0,0
390484,1,1,0,6,0,0,0,25,0,25,0,0
390484,2,1,0,0,0,0,0,0,0,0,0,0
390485,1,1,0,0,0,0,0,0,0,0,0,0
390486,1,1,0,0,0,0,0,0,0,0,0,0
390487,1,1,0,0,0,0,0,0,0,0,0,0
390487,2,1,0,0,0,0,0,0,0,0,0,0
390488,1,1,0,0,0,0,0,0,0,0,0,0
390488,2,1,0,0,0,4,0,0,0,0,0,25
390489,1,1,8,8,8,8,8,8,8,8,8,8
390490,1,1,0,0,0,0,0,0,0,0,0,0
390491,1,1,7,7,7,7,7,7,7,7,7,7
390491,2,1,0,0,0,0,0,0,0,0,0,0
390492,1,1,0,0,0,0,0,0,0,0,0,0
390493,1,1,0,0,0,9,0,0,0,0,0,0
390494,1,1,0,0,0,0,0,0,0,0,0,0
390494,2,1,0,0,0,0,0,0,0,0,0,0
390495,0,1,0,0,0,0,0,0,0,0,0,0
390495,1,1,0,0,0,0,0,0,0,0,0,6
390496,1,1,21,21,21,21,21,21,21,21,21,21
390496,2,1,0,0,0,0,0,0,0,0,0,0
390497,1,1,0,0,0,0,0,0,0,0,0,0
390498,1,1,0,0,0,0,0,0,0,0,0,0
390498,2,1,0,0,0,0,0,0,0,0,0,0
390499,1,1,0,0,0,0,22,0,0,0,20,0
390500,1,1,0,0,0,0,0,0,0,0,0,0
390501,1,1,0,0,0,0,0,0,0,0,0,9
390501,2,1,0,0,0,0,0,0,0,0,0,0
390502,0,1,0,0,0,0,0,0,0,0,0,0
390502,1,1,0,0,0,0,0,0,0,0,0,0
390503,1,2,29,23,26,0,23,0,0,0,0,10
390504,0,1,0,0,0,0,0,0,0,0,0,0
390504,1,1,18,0,0,0,0,0,0,0,0,0
390505,0,1,0,0,0,0,0,0,0,0,0,0
390505,1,1,0,0,0,0,0,0,0,0,0,0
390506,1,1,9,9,9,9,9,9,9,9,9,9
390507,1,1,0,0,0,0,0,0,0,0,0,0
390508,1,1,7,7,7,7,7,7,7,7,7,7
390508,2,1,0,0,0,6,0,0,0,0,0,0
390509,1,1,48,48,48,48,48,48,48,48,48,48
390510,1,1,3,3,3,3,3,3,3,3,3,3
390510,2,1,0,0,0,0,0,0,0,0,0,0
390510,3,1,5,5,5,5,5,5,5,5,5,5
390511,1,1,21,21,21,21,21,21,21,21,21,21
390513,0,1,0,0,0,0,0,0,0,0,0,0
390513,1,1,0,0,0,0,0,0,0,0,0,0
390514,1,1,9,9,9,9,9,9,9,9,9,9
390515,1,1,10,10,10,10,10,10,10,10,10,10
390516,1,1,0,0,0,0,0,0,0,0,0,0
390516,2,1,0,0,0,0,0,0,0,0,0,0
390517,1,1,0,0,0,0,0,0,0,0,0,0
390517,2,1,0,0,0,0,0,0,0,0,0,0
390518,1,1,7,7,7,7,7,7,7,7,7,7
390519,1,1,0,0,0,0,0,0,0,0,0,0
390519,2,1,0,0,0,0,0,0,0,0,0,0
390520,1,1,0,0,0,0,0,0,0,0,0,0
390521,1,1,0,0,0,0,0,0,0,0,0,0
390521,2,1,0,0,0,0,0,0,0,3,0,0
390522,1,1,21,21,21,21,21,21,21,21,21,21
390523,1,1,0,0,0,0,0,0,0,6,0,0
390523,2,1,0,18,0,0,0,0,0,0,0,0
390523,3,1,0,0,0,0,0,0,0,0,0,0
390524,1,1,26,26,26,26,26,26,26,26,26,26
390525,1,1,11,11,11,11,11,11,11,11,11,11
390526,1,1,0,0,0,0,0,0,0,0,0,0
390527,0,1,2,2,2,2,2,2,2,2,2,2
390527,1,1,0,0,0,0,0,0,0,0,10,0
390527,2,1,14,0,0,0,27,0,0,0,0,0
390528,1,1,0,0,0,0,0,0,0,0,0,0
390528,2,1,0,0,0,0,0,0,0,0,0,14
390530,1,1,12,12,12,12,12,12,12,12,12,12
390530,2,1,0,0,0,0,0,0,0,0,0,0
390530,3,1,0,0,0,0,0,0,0,0,0,0
390531,1,1,0,0,0,0,0,0,0,0,0,0
390531,2,1,0,0,0,0,0,0,0,0,0,0
390531,3,1,0,0,0,0,0,0,0,0,0,0
390532,1,1,0,0,0,0,0,0,0,0,0,0
390533,1,1,3,3,3,3,3,3,3,3,3,3
390533,2,1,3,3,3,3,3,3,3,3,3,3
390533,3,1,0,0,8,0,0,0,0,0,0,0
390533,4,1,0,0,0,0,6,4,0,0,13,0
390535,1,1,0,0,0,0,0,0,0,0,0,0
390535,2,1,0,0,0,0,0,0,0,0,0,0
390535,3,1,0,0,0,0,0,0,0,0,0,0
390536,1,1,0,0,0,0,0,0,0,0,0,0
390536,2,1,0,0,0,0,0,0,0,0,0,0
390536,3,1,0,0,0,0,0,0,0,0,0,0
390537,1,1,0,0,0,0,0,0,0,0,0,0
390537,2,1,0,0,0,0,0,0,0,0,0,0
390538,0,1,0,0,0,0,0,0,0,0,0,0
390538,1,1,0,0,0,0,0,0,0,0,0,0
390539,0,1,0,0,0,0,0,0,0,0,0,0
390539,2,1,0,0,0,0,0,0,0,0,0,0
390541,1,1,0,0,0,0,0,0,0,0,0,0
390541,2,1,0,0,0,0,0,0,0,0,0,0
390542,1,1,0,0,0,0,0,0,0,0,0,0
390542,2,1,0,0,0,0,0,0,0,0,0,0
390543,0,1,0,0,0,0,0,0,0,0,0,0
390543,1,1,21,0,0,0,12,0,0,0,0,15
390544,1,1,0,0,0,0,0,0,0,0,0,0
390545,1,1,0,0,0,0,0,0,0,0,0,0
390546,1,1,0,0,0,0,0,0,0,0,0,0
390546,2,1,0,0,0,0,0,0,0,13,0,0
390546,3,1,0,0,0,0,0,0,0,0,0,0
390547,1,1,5,5,5,5,5,5,5,5,5,5
390548,1,1,0,8,0,12,0,0,8,0,0,0
390549,1,1,0,0,0,0,0,0,0,0,0,0
390550,1,1,0,0,0,0,0,0,0,0,0,0
390551,1,1,0,11,0,0,0,0,0,0,0,0
390551,2,1,0,10,0,0,12,0,0,4,0,0
390552,1,1,7,7,7,7,7,7,7,7,7,7
390552,2,1,9,0,0,2,21,0,0,0,0,0
390552,3,1,0,23,29,0,0,0,0,19,0,15
390553,1,1,0,0,31,13,12,16,23,0,5,0
390554,1,1,0,0,0,0,0,0,0,0,0,0
390554,2,1,0,0,0,0,0,0,0,0,0,0
390554,3,1,11,0,11,0,0,0,0,0,0,0
390555,0,1,24,24,24,24,24,24,24,24,24,24
390555,1,1,0,0,0,0,0,0,0,0,0,0
390556,0,1,15,15,15,15,15,15,15,15,15,15
390556,1,1,0,0,0,0,0,0,0,0,0,0
390557,1,1,0,0,0,0,0,0,0,0,0,0
390558,1,1,0,0,0,0,0,0,0,0,0,0
390559,1,1,0,0,0,0,0,0,0,0,0,0
390559,2,1,0,0,0,0,0,0,0,0,0,0
390560,1,1,0,0,0,0,0,0,0,0,0,0
390560,2,1,0,0,0,0,0,0,0,0,0,0
390560,3,1,0,0,0,0,0,0,0,0,0,0
390561,0,1,0,0,0,0,0,0,0,0,0,0
390561,1,1,0,0,0,0,0,0,0,0,0,0
390562,1,1,0,0,0,0,0,0,0,0,0,0
390562,2,1,0,0,0,0,0,0,0,0,0,0
390563,1,1,24,24,24,24,24,24,24,24,24,24
390564,1,1,0,0,0,0,0,0,0,0,0,0
390564,2,1,0,0,0,0,0,0,0,0,0,0
390564,3,1,0,0,0,0,0,0,0,0,0,0
390565,1,1,0,0,0,0,0,0,0,0,0,0
390565,2,1,0,0,0,0,0,0,0,0,0,0
390566,1,1,0,0,0,0,0,0,0,0,0,0
390567,1,1,0,0,0,0,0,0,0,0,0,0
390567,2,1,0,0,0,0,0,0,0,0,0,0
390568,1,1,0,0,0,0,0,0,0,0,0,0
390569,1,1,9,9,9,9,9,9,9,9,9,9
390570,1,1,0,0,0,0,0,0,0,0,0,0
390570,2,1,0,0,0,0,0,0,0,0,0,0
390571,1,1,1,1,1,1,1,1,1,1,1,1
390572,1,1,0,0,0,0,0,0,0,0,0,0
390572,2,1,0,0,0,0,0,0,0,0,0,0
390573,0,1,2,2,2,2,2,2,2,2,2,2
390573,1,1,0,0,0,0,0,0,12,9,0,0
390573,2,1,0,18,0,0,0,0,0,0,0,0
390574,0,1,0,0,0,0,0,0,0,0,0,0
390574,3,1,0,0,0,0,0,0,0,0,0,0
390575,0,1,0,0,0,0,0,0,0,0,0,0
390575,1,1,0,0,0,0,0,0,0,0,0,0
390576,1,1,24,24,24,24,24,24,24,24,24,24
390576,2,1,0,0,0,0,0,17,0,0,0,0
390577,1,1,18,18,18,18,18,18,18,18,18,18
390578,1,1,6,19,12,7,28,23,7,19,17,6
390579,1,1,8,8,8,8,8,8,8,8,8,8
390579,2,1,0,0,0,0,0,0,0,0,0,0
390579,3,1,0,0,0,0,0,0,0,0,0,0
390580,1,1,0,0,0,0,0,0,0,0,0,0
390580,2,1,3,3,3,3,3,3,3,3,3,3
390581,1,1,0,24,0,0,0,0,0,0,0,0
390582,1,1,0,0,0,0,0,0,0,0,0,0
390583,1,1,0,0,0,0,0,0,0,0,0,0
390584,0,1,0,0,0,0,0,0,0,0,0,0
390584,2,1,0,0,0,0,0,0,0,0,0,0
390585,1,1,0,0,0,0,0,0,0,0,0,0
390585,2,1,0,0,0,0,0,0,0,0,0,0
390586,1,1,24,5,16,8,9,17,19,17,8,0
390587,1,1,23,23,23,23,23,23,23,23,23,23
390588,1,1,0,0,0,0,0,0,0,0,0,0
390588,2,1,0,0,0,0,0,0,0,0,0,0
390589,1,1,0,0,0,0,0,0,0,0,0,0
390589,2,1,0,0,0,0,0,0,0,0,0,0
390590,1,1,24,24,24,24,24,24,24,24,24,24
390591,1,1,16,16,16,16,16,16,16,16,16,16
390591,2,1,0,0,0,0,0,0,0,0,0,0
390592,1,1,0,0,0,0,0,0,0,0,0,0
390593,0,1,0,0,0,0,0,0,0,0,0,0
390593,1,1,0,0,0,0,0,0,0,0,0,0
390594,1,1,23,23,23,23,23,23,23,23,23,23
390594,2,1,0,0,0,0,0,0,0,0,0,0
390595,1,1,0,0,0,0,0,0,0,0,0,0
390595,2,1,0,0,0,0,0,0,0,0,0,0
390596,1,3,0,0,16,0,0,0,0,0,0,0
390597,1,1,0,0,0,0,0,0,0,0,0,0
390598,1,1,24,24,24,24,24,24,24,24,24,24
390599,1,1,28,0,0,0,0,0,0,0,0,0
390599,2,1,0,0,0,0,0,0,0,0,0,0
390601,1,1,21,21,21,21,21,21,21,21,21,21
390602,1,1,17,17,17,17,17,17,17,17,17,17
390603,1,1,5,5,5,5,5,5,5,5,5,5
390603,2,1,0,0,0,0,0,0,0,0,0,0
390604,1,1,0,0,0,0,0,0,0,0,0,0
390605,1,1,0,0,0,0,0,0,0,0,0,0
390605,2,1,0,0,0,0,0,0,0,0,0,0
390606,0,1,16,16,16,16,16,16,16,16,16,16
390606,1,1,0,19,0,0,0,0,0,0,0,15
390607,1,1,0,0,25,0,0,0,0,0,0,0
390607,2,1,0,0,23,20,0,0,0,0,0,0
390607,3,1,0,0,0,0,0,0,0,0,0,0
390608,0,1,0,0,0,0,0,21,0,7,54,0
390608,1,1,0,0,0,0,0,0,0,0,0,0
390609,1,1,0,0,0,0,7,0,0,0,0,0
390609,2,1,0,0,0,0,6,0,0,26,0,0
390610,1,1,4,4,4,4,4,4,4,4,4,4
390611,1,1,13,13,13,13,13,13,13,13,13,13
390612,1,1,0,0,0,0,0,0,0,0,0,0
390612,2,1,0,0,0,0,0,0,0,0,0,0
390612,3,1,0,0,0,0,0,0,0,0,0,0
390613,1,1,0,0,0,11,0,0,0,0,0,0
390613,2,1,0,0,0,0,14,0,0,0,0,0
390613,3,1,0,0,0,0,0,0,0,0,0,0
390614,1,1,19,19,19,19,19,19,19,19,19,19
390615,1,1,0,0,0,0,0,0,0,0,0,0
390615,2,1,0,0,0,30,0,0,0,0,0,0
390616,1,1,0,0,0,0,0,0,0,0,0,0
390616,2,1,0,0,0,0,0,0,0,0,0,18
390617,0,1,0,0,0,0,0,0,0,0,0,0
390617,0,2,0,0,0,0,0,22,0,0,0,15
390617,0,3,0,0,0,11,28,0,13,28,0,0
390617,0,4,0,0,0,0,0,0,0,0,0,0
390617,1,1,0,0,33,0,0,0,0,43,0,0
390617,4,1,0,0,0,0,0,0,0,0,0,0
390618,1,1,22,22,22,22,22,22,22,22,22,22
390619,1,1,0,0,0,0,0,0,0,0,0,0
390620,1,1,0,0,0,0,0,0,0,0,0,0
390620,2,1,0,0,0,0,0,0,0,0,0,0
390621,1,1,16,16,16,16,16,16,16,16,16,16
390621,2,1,5,5,5,5,5,5,5,5,5,5
390621,3,1,0,0,0,0,0,0,0,0,0,0
390622,1,1,31,31,31,31,31,31,31,31,31,31
390622,2,1,0,0,0,0,0,0,0,0,0,0
390624,1,1,0,0,0,0,0,0,0,0,0,0
390624,2,1,0,0,0,0,0,0,0,0,0,0
390625,1,1,31,31,31,31,31,31,31,31,31,31
390626,1,1,7,7,7,7,7,7,7,7,7,7
390627,1,1,27,27,27,27,27,27,27,27,27,27
390628,1,1,0,0,0,0,0,0,0,0,0,0
390628,2,1,0,0,0,0,0,0,0,0,0,5
390629,1,1,39,39,39,39,39,39,39,39,39,39
390630,1,1,0,0,0,0,0,0,0,0,0,0
390631,1,1,0,0,0,0,0,0,0,0,0,0
390631,2,1,0,0,0,0,0,0,0,0,0,0
390632,1,1,21,16,6,16,9,6,12,10,29,18
390633,1,1,12,12,12,12,12,12,12,12,12,12
390634,1,1,19,19,19,19,19,19,19,19,19,19
390634,2,1,0,0,0,0,0,0,0,0,0,0
390635,1,1,0,0,0,0,0,0,0,0,0,0
390635,2,1,0,0,0,17,0,0,17,0,0,0
390636,1,1,0,0,0,0,0,0,0,0,0,0
390636,2,1,0,0,0,0,0,0,0,0,0,0
390637,1,1,21,0,0,12,0,0,10,7,0,28
390638,1,1,0,0,0,0,0,0,0,0,0,0
390638,2,1,0,0,0,0,0,0,0,0,0,0
390639,1,1,0,24,0,0,0,0,22,43,0,0
390640,1,1,19,19,19,19,19,19,19,19,19,19
390640,2,1,0,0,0,0,0,0,0,0,0,0
390641,1,1,0,0,0,0,0,0,0,0,0,0
390641,2,1,0,0,0,0,0,0,0,0,0,0
390642,1,1,0,0,0,0,0,0,0,11,0,0
390642,2,1,0,0,8,0,0,0,0,0,10,0
390643,1,1,0,0,0,0,0,0,0,0,0,0
390644,1,1,0,0,0,0,0,0,0,0,0,0
390645,1,1,0,0,0,19,0,0,15,0,0,0
390646,1,1,0,0,0,0,0,0,0,0,0,0
390646,2,1,0,0,0,0,0,0,0,0,0,0
390647,1,1,0,0,0,0,0,0,0,0,0,0
390647,2,1,0,0,0,18,0,0,0,0,0,21
390648,1,1,0,0,19,0,10,0,0,0,0,0
390648,2,1,0,0,0,0,0,0,0,0,0,0
390649,1,1,0,9,0,0,13,7,19,0,0,31
390649,2,1,0,0,0,0,0,26,22,0,0,0
390651,1,1,32,32,32,32,32,32,32,32,32,32
390652,1,1,1,1,1,1,1,1,1,1,1,1
390653,1,1,12,12,12,12,12,12,12,12,12,12
390654,1,1,0,0,0,0,0,0,0,0,0,0
390654,2,1,0,0,0,0,17,0,0,0,0,0
390655,1,1,0,0,0,0,0,0,0,0,10,0
390655,2,1,0,0,0,0,0,10,0,0,0,0
390656,1,1,0,0,0,0,0,0,0,0,0,0
390656,2,1,0,0,0,0,20,0,0,0,0,12
390657,1,1,12,12,12,12,12,12,12,12,12,12
390658,1,1,0,0,0,0,0,0,0,0,0,0
390658,2,1,0,0,0,0,0,0,0,0,0,0
390659,1,1,0,0,0,0,0,0,0,0,0,0
390659,2,1,0,0,0,0,0,0,0,0,0,0
390660,1,1,0,0,13,0,0,10,5,0,0,0
390660,2,1,0,0,0,0,0,0,0,0,0,0
390661,1,1,46,46,46,46,46,46,46,46,46,46
390662,1,1,0,0,0,0,0,0,0,0,0,0
390662,2,1,0,0,0,0,0,0,0,0,0,0
390663,1,1,0,0,0,0,0,0,0,0,0,0
390663,2,1,0,0,0,0,0,0,0,0,0,0
390664,1,1,0,0,0,0,0,0,0,0,0,0
390664,2,1,0,0,0,0,0,0,0,0,0,0
390665,1,1,0,0,0,0,0,0,0,0,0,0
390666,1,1,21,0,0,0,0,0,10,0,0,0
390666,2,1,0,0,0,0,0,0,0,0,0,0
390667,1,1,3,20,29,21,0,16,22,36,9,24
390668,0,1,0,0,0,0,0,0,0,0,0,0
390668,1,1,0,0,0,0,0,0,0,0,0,0
390668,2,1,0,0,0,0,0,0,0,0,0,0
390669,1,1,7,11,9,16,18,31,10,14,15,17
390670,1,1,12,12,12,12,12,12,12,12,12,12
390671,1,1,0,0,0,0,0,0,0,0,0,0
390671,2,1,0,0,0,10,0,0,0,0,0,0
390672,0,1,23,23,23,23,23,23,23,23,23,23
390672,1,1,0,0,0,0,0,0,0,0,0,0
390673,1,1,0,0,0,0,0,0,0,0,0,0
390674,1,1,0,0,0,0,0,0,0,0,0,0
390674,2,1,0,0,0,0,0,0,0,0,0,0
390674,3,1,0,0,14,0,0,0,0,0,0,0
390674,4,1,0,0,0,0,0,0,0,0,0,0
390675,0,1,15,15,15,15,15,15,15,15,15,15
390675,1,1,0,0,0,0,0,0,0,0,0,0
390676,0,1,32,32,32,32,32,32,32,32,32,32
390676,1,1,0,0,0,0,0,18,0,0,0,0
390677,1,1,0,0,0,0,0,0,0,0,0,0
390677,2,1,0,0,0,0,0,0,0,0,0,0
390678,1,1,12,0,10,0,0,0,0,0,0,0
390679,0,1,0,0,0,0,0,0,0,0,0,0
390679,1,1,0,0,0,0,0,0,0,0,0,0
390679,2,1,0,0,0,0,0,0,0,0,0,20
390680,1,1,0,0,0,0,20,0,0,0,0,0
390680,2,1,0,0,0,0,0,0,0,0,0,0
390681,1,1,19,12,21,20,12,11,0,9,7,5
390682,1,1,26,26,26,26,26,26,26,26,26,26
390683,1,1,0,0,0,0,0,0,0,0,0,0
390683,2,1,0,0,0,2,0,0,0,0,0,0
390684,1,1,9,9,9,9,9,9,9,9,9,9
390685,1,1,0,0,0,0,0,0,0,0,0,0
390685,2,1,0,0,0,0,0,0,0,0,0,0
390685,3,1,0,0,0,0,0,0,0,0,0,0
390686,1,1,0,0,0,0,0,0,0,0,0,0
390687,1,1,0,0,0,0,0,0,0,0,0,0
390687,2,1,0,0,0,0,0,0,0,0,0,0
390688,1,1,17,17,17,17,17,17,17,17,17,17
390689,1,1,0,0,0,0,0,0,0,0,0,0
390689,2,1,0,0,0,0,0,0,0,0,0,0
390690,1,1,0,0,0,0,0,0,0,0,0,0
390690,2,1,0,0,20,0,0,0,0,0,0,0
390691,1,1,0,0,0,0,0,21,14,0,0,0
390692,0,1,0,0,0,0,0,0,0,0,0,0
390692,1,1,0,0,0,0,0,0,0,0,0,0
390693,1,1,0,0,0,0,0,0,0,0,0,0
390693,2,1,0,0,0,0,0,0,0,0,0,0
390693,3,1,0,0,0,0,0,0,0,0,0,0
390693,4,1,0,0,0,0,0,0,0,0,0,0
390694,1,1,0,0,0,0,0,0,0,0,0,0
390694,2,1,0,0,0,0,0,0,0,0,0,0
390695,0,1,0,0,0,0,0,0,0,0,0,0
390695,1,1,0,0,0,0,0,0,0,0,0,0
390695,2,1,0,0,0,0,0,0,6,0,0,0
390696,1,1,0,0,0,0,0,0,0,0,0,0
390696,2,1,0,0,0,0,0,0,0,0,0,0
390696,3,1,0,0,0,0,0,0,0,0,0,0
390697,0,1,0,0,0,0,0,0,0,0,0,0
390697,1,1,0,0,0,0,0,0,0,0,0,0
390698,2,1,0,0,0,0,0,0,0,0,0,0
390699,1,1,0,0,0,0,0,30,0,0,15,0
390700,1,1,18,18,18,18,18,18,18,18,18,18
390701,1,1,0,0,0,0,0,0,0,0,0,0
390701,2,1,0,0,0,0,0,0,0,0,0,0
390702,1,1,0,0,0,0,0,0,0,0,0,0
390703,0,1,0,0,0,0,0,0,0,0,0,0
390703,1,1,0,0,0,0,0,0,0,0,0,0
390704,1,1,0,0,0,0,0,0,0,0,0,0
390705,0,1,0,0,0,0,0,0,0,0,0,0
390705,1,1,0,0,0,0,0,0,0,0,0,0
390706,1,1,8,0,0,0,0,21,0,7,0,26
390707,1,1,22,22,22,22,22,22,22,22,22,22
390708,1,1,12,12,12,12,12,12,12,12,12,12
390710,1,1,0,0,0,0,0,0,0,0,0,0
390710,2,1,0,0,0,0,0,0,0,0,0,0
390710,3,1,0,0,0,0,0,0,0,0,0,0
390710,4,1,0,0,0,34,0,0,0,0,0,0
390711,1,1,7,7,7,7,7,7,7,7,7,7
390712,1,1,0,0,0,0,0,0,0,0,0,0
390713,1,1,0,0,0,0,0,0,0,0,0,0
390714,0,1,0,0,0,0,0,0,0,0,0,0
390714,1,1,24,24,24,24,24,24,24,24,24,24
390716,1,1,15,0,0,0,0,0,0,0,0,0
390716,2,1,0,0,0,0,0,0,0,0,0,0
390717,1,1,0,0,0,0,0,0,0,0,0,0
390717,2,1,0,0,0,0,0,0,0,0,0,0
390718,1,1,0,0,0,21,0,0,0,0,0,0
390718,2,1,0,0,0,0,0,0,0,0,0,0
390719,1,1,0,0,0,0,0,0,0,0,0,0
390719,2,1,0,0,0,21,0,0,0,0,33,10
390720,0,1,0,0,0,14,0,0,0,0,0,0
390720,1,1,12,0,0,0,0,0,0,0,0,0
390721,0,1,0,0,0,0,0,0,0,0,0,0
390721,1,1,0,0,19,18,15,0,0,0,0,13
390722,1,1,0,0,0,0,0,0,0,0,0,0
390722,2,1,0,0,0,0,0,0,0,0,0,0
390723,1,1,15,15,15,15,15,15,15,15,15,15
390724,1,1,12,12,12,12,12,12,12,12,12,12
390725,1,1,0,0,0,0,0,0,0,0,0,0
390725,2,1,0,0,0,0,0,0,0,0,0,0
390726,0,1,13,13,13,13,13,13,13,13,13,13
390726,1,1,0,0,0,0,0,0,0,0,0,0
390727,1,1,0,0,0,0,0,0,0,0,0,0
390728,1,1,0,0,0,0,0,0,0,0,0,0
390729,1,1,0,0,0,0,0,0,0,0,0,0
390729,2,1,0,0,0,0,0,0,0,0,0,0
390730,1,1,22,22,22,22,22,22,22,22,22,22
390731,0,1,0,0,0,0,0,0,0,0,0,0
390731,1,1,12,0,0,20,0,0,9,0,0,0
390732,1,1,22,22,22,22,22,22,22,22,22,22
390733,1,1,0,0,0,0,0,0,0,0,9,0
390733,2,1,0,0,0,0,0,0,0,0,0,0
390734,1,1,0,0,0,0,0,8,15,15,0,0
390735,1,1,0,0,0,0,0,0,0,0,0,0
390735,2,1,0,0,0,0,0,0,0,0,0,0
390736,1,1,0,0,0,0,0,0,0,0,0,0
390736,2,1,0,0,0,0,0,0,0,0,0,0
390737,1,1,24,24,24,24,24,24,24,24,24,24
390737,2,1,0,0,0,0,0,0,0,0,0,0
390738,1,1,0,0,0,0,0,0,0,0,0,0
390739,1,1,7,7,7,7,7,7,7,7,7,7
390740,1,1,0,0,0,0,0,0,0,0,0,0
390740,2,1,0,0,0,0,0,0,0,0,0,0
390740,3,1,22,0,0,0,0,0,0,0,0,0
390740,4,1,0,0,0,0,0,0,0,0,0,0
390741,1,1,0,0,0,0,0,0,0,0,0,0
390742,1,1,0,0,0,0,0,0,29,0,0,0
390742,2,1,0,0,0,0,0,0,0,0,0,0
390743,1,1,0,0,0,0,0,0,11,0,0,5
390743,2,1,7,7,7,7,7,7,7,7,7,7
390744,0,1,0,0,0,0,0,0,0,0,0,0
390744,1,1,0,0,0,0,0,0,0,0,0,0
390745,1,1,8,8,8,8,8,8,8,8,8,8
390745,2,1,0,0,0,0,0,0,0,0,0,0
390746,1,1,0,0,0,0,0,0,0,0,0,0
390747,1,1,0,0,0,0,0,0,0,0,0,0
390747,2,1,0,0,0,0,0,0,0,0,0,0
390749,1,1,0,0,0,0,0,0,0,0,0,0
390750,1,1,12,12,12,12,12,12,12,12,12,12
390751,1,1,16,16,16,16,16,16,16,16,16,16
390752,1,1,0,0,0,0,0,0,0,0,0,0
390752,2,1,0,0,0,0,0,0,0,0,0,0
390753,1,1,0,0,0,0,0,0,0,0,0,0
390753,2,1,0,0,0,0,0,0,0,0,0,0
390753,3,1,0,0,16,0,0,0,0,0,0,0
390754,1,1,0,0,0,0,0,0,0,0,0,0
390755,1,1,14,14,14,14,14,14,14,14,14,14
390756,1,1,0,0,0,0,0,0,0,0,0,0
390756,2,1,8,8,8,8,8,8,8,8,8,8
390756,3,1,0,0,0,0,0,0,0,0,0,0
390757,1,1,0,0,0,0,0,0,0,5,0,0
390758,0,1,0,0,0,0,17,0,0,18,0,0
390758,1,1,0,0,0,0,0,0,0,0,0,0
390759,1,1,0,0,0,0,0,0,0,0,0,0
390759,2,1,0,0,0,0,0,0,0,0,0,0
390760,1,1,0,0,0,0,0,0,0,0,0,0
390760,2,1,2,2,2,2,2,2,2,2,2,2
390761,1,1,0,0,0,0,0,0,0,0,0,0
390762,1,1,2,2,2,2,2,2,2,2,2,2
390763,1,1,0,0,0,0,0,0,0,0,0,0
390763,2,1,0,0,0,0,0,0,0,0,0,0
390764,0,1,0,0,0,0,0,28,0,0,0,0
390764,1,1,0,0,0,0,0,14,0,0,0,0
390765,1,1,0,0,0,0,0,0,0,0,0,0
390765,2,1,0,0,0,0,0,0,0,0,0,0
390766,1,1,0,0,0,0,0,0,0,0,0,0