ST_CASE,VEH_NO,PER_NO,P1,P2,P3,P4,P5,P6,P7,P8,P9,P10
391055,0,2,18,18,18,18,18,18,18,18,18,18
391055,1,1,0,0,0,0,10,0,0,0,0,0
391056,1,1,0,0,0,0,0,0,0,0,0,0
391056,2,1,0,0,0,20,0,0,0,7,4,0
391057,1,1,0,0,0,0,0,0,0,0,0,0
391058,1,1,0,0,0,0,0,0,0,0,0,0
391058,2,1,0,0,0,0,0,0,0,0,0,0
391058,3,1,0,0,19,0,0,0,0,16,0,0
391059,1,1,0,0,0,0,0,0,0,0,0,0
391060,0,1,21,21,21,21,21,21,21,21,21,21
391060,1,1,0,0,0,8,0,0,10,15,11,0
391060,2,1,0,0,0,0,0,12,8,0,0,0
391061,1,1,0,0,21,0,0,0,20,0,0,27
391062,0,1,14,14,14,14,14,14,14,14,14,14
391062,1,1,7,29,9,0,12,0,19,14,19,10
391063,0,1,0,0,0,0,0,0,0,0,0,0
391063,1,1,0,0,42,0,17,0,0,20,0,0
391064,1,1,0,0,20,0,0,0,0,0,0,0
391064,2,1,0,24,0,0,0,7,0,0,0,0
391065,1,1,0,0,0,0,0,0,0,0,0,0
391065,2,1,17,33,27,21,36,29,7,21,0,19
391066,1,1,23,23,23,23,23,23,23,23,23,23
391067,1,1,0,0,0,0,0,0,0,0,0,0
391067,2,1,0,16,0,0,0,0,0,0,0,0
391068,1,1,0,0,0,0,0,0,0,0,0,0
391068,2,1,0,0,0,0,0,0,0,0,0,0
391069,1,1,18,18,18,18,18,18,18,18,18,18
391070,1,1,20,20,20,20,20,20,20,20,20,20
391071,1,1,0,9,1,3,0,8,16,0,18,0
391072,0,1,0,0,0,0,0,0,0,0,0,0
391072,1,1,0,0,0,0,0,0,0,34,0,0
391073,1,1,0,0,0,0,0,0,0,0,0,0
391073,2,1,0,15,20,0,0,0,10,0,0,0
391073,3,1,18,0,0,0,0,0,17,0,0,0
391073,4,1,0,0,0,0,0,0,0,0,0,0
391074,1,1,0,0,0,0,0,0,0,0,0,0
391074,2,1,0,0,0,0,0,0,0,0,0,0
391074,3,1,0,0,0,0,0,0,0,11,0,0
391075,0,1,0,0,0,0,0,0,0,0,0,0
391075,1,1,0,0,0,0,0,22,0,0,15,0
391076,1,1,0,18,0,0,0,0,0,0,0,0
391076,2,1,0,0,0,0,0,0,0,0,0,0
391077,0,1,0,0,0,0,0,0,0,0,0,0
391077,1,1,0,0,0,0,0,0,0,13,0,0
391078,0,1,5,5,5,5,5,5,5,5,5,5
391078,1,1,0,0,0,0,0,0,0,0,0,0
391079,0,1,0,0,0,0,0,0,0,0,0,0
391079,1,1,15,0,0,0,11,0,8,20,18,0
391081,1,1,0,0,0,0,0,0,0,0,0,0
391081,2,1,0,0,0,0,0,0,0,0,0,0
391082,0,1,0,0,0,0,0,0,0,0,0,0
391082,1,1,0,0,0,0,0,0,0,0,0,0
400001,1,1,13,13,13,13,13,13,13,13,13,13
400002,1,1,0,0,0,0,0,0,0,0,0,0
400002,2,1,0,0,0,0,0,0,0,0,0,0
400003,1,1,0,0,0,0,0,0,0,0,0,0
400003,2,1,0,0,0,0,0,0,0,0,0,0
400004,0,1,0,0,0,22,0,0,0,16,0,0
400004,1,1,0,0,0,0,0,0,0,0,0,0
400005,1,1,22,22,22,22,22,22,22,22,22,22
400006,1,1,0,0,0,0,0,0,0,0,0,0
400006,2,1,0,0,0,0,0,0,0,0,0,0
400007,1,1,0,0,0,0,0,0,0,0,0,0
400007,2,1,0,0,0,0,0,0,0,0,0,0
400008,1,1,0,0,0,0,0,0,0,0,0,0
400008,2,1,0,0,0,0,0,0,0,0,0,0
400009,1,1,0,0,0,0,0,0,0,0,0,0
400009,2,1,0,0,0,0,0,0,0,0,0,0
400010,1,1,0,0,0,0,0,0,0,0,0,0
400011,1,1,4,4,4,4,4,4,4,4,4,4
400012,0,1,25,25,25,25,25,25,25,25,25,25
400012,1,1,0,0,0,0,0,0,0,0,0,0
400013,1,1,0,0,0,0,0,0,0,0,0,0
400014,1,1,0,0,0,0,0,0,0,0,0,0
400014,2,1,0,0,0,0,0,0,0,0,0,0
400015,1,1,0,0,0,0,0,0,0,0,0,0
400015,2,1,0,29,0,0,0,0,0,0,0,0
400016,1,1,43,43,43,43,43,43,43,43,43,43
400017,0,1,0,0,0,0,0,0,0,0,0,0
400017,1,1,0,0,0,0,0,0,0,0,0,0
400018,1,1,16,16,16,16,16,16,16,16,16,16
400019,1,1,0,0,0,0,0,0,0,0,0,0
400019,2,1,0,0,0,0,0,0,0,0,0,0
400020,1,1,0,0,0,0,0,0,0,0,0,0
400020,2,1,0,0,0,0,0,0,0,0,0,0
400020,3,1,0,0,0,0,12,0,0,0,0,0
400021,1,1,0,0,0,0,0,0,0,0,0,0
400022,0,1,16,16,16,16,16,16,16,16,16,16
400022,1,1,0,0,0,0,0,0,0,0,0,0
400023,1,1,20,20,20,20,20,20,20,20,20,20
400024,0,1,8,9,26,0,35,0,0,7,0,0
400024,1,1,0,0,0,0,0,0,0,0,0,0
400024,2,1,20,0,0,0,0,23,0,30,0,15
400024,3,1,0,0,0,0,0,0,0,0,0,0
400025,1,1,0,0,0,0,0,0,0,0,0,0
400026,1,1,0,0,0,0,0,0,0,0,0,0
400027,1,1,0,0,0,0,0,0,0,0,0,0
400027,2,1,0,0,0,0,0,0,0,0,0,0
400028,1,1,20,20,20,20,20,20,20,20,20,20
400029,1,1,11,11,11,11,11,11,11,11,11,11
400030,0,1,0,0,0,0,0,0,0,0,0,0
400030,1,1,0,0,0,0,0,0,0,0,0,0
400031,1,1,0,0,0,0,0,0,0,0,0,0
400031,2,1,0,0,0,0,0,0,0,0,0,0
400032,1,1,0,0,0,0,0,0,0,0,0,0
400032,2,1,17,0,0,0,0,0,0,0,0,0
400033,1,1,26,26,26,26,26,26,26,26,26,26
400033,2,1,0,0,0,0,0,0,0,0,0,0
400033,3,1,0,0,12,0,0,11,0,0,0,0
400034,1,1,21,21,21,21,21,21,21,21,21,21
400035,0,1,0,0,0,0,0,0,0,0,0,0
400035,1,1,0,0,0,0,0,0,0,0,0,0
400036,1,1,0,0,0,0,0,0,0,0,0,0
400036,2,1,0,0,0,0,0,0,0,0,0,0
400037,1,1,0,0,0,0,0,0,0,0,0,0
400037,2,1,0,0,0,0,0,0,0,0,0,0
400038,1,1,16,16,16,16,16,16,16,16,16,16
400039,1,1,21,21,21,21,21,21,21,21,21,21
400039,2,1,0,0,0,0,6,0,0,0,0,0
400040,1,1,0,0,0,0,0,0,0,0,0,0
400040,2,1,0,0,0,0,0,0,0,0,0,0
400041,0,1,0,0,0,0,0,0,0,0,0,0
400041,1,1,0,0,0,0,0,0,0,18,0,0
400042,0,1,0,0,0,0,0,0,0,0,0,0
400042,1,1,0,0,0,0,0,0,0,0,6,0
400043,1,1,5,5,5,5,5,5,5,5,5,5
400043,2,1,0,0,0,0,0,0,0,0,0,0
400044,1,1,7,7,7,7,7,7,7,7,7,7
400044,2,1,0,0,0,0,0,0,0,0,0,0
400044,3,1,0,0,0,0,0,0,0,0,0,0
400046,0,1,19,19,19,19,19,19,19,19,19,19
400046,1,1,0,0,0,0,0,0,0,0,0,0
400047,1,1,0,0,0,0,0,0,0,0,0,0
400047,2,1,0,0,11,0,0,0,0,0,0,0
400048,1,1,27,27,27,27,27,27,27,27,27,27
400049,0,1,12,12,12,12,12,12,12,12,12,12
400049,1,1,0,0,20,0,0,0,0,0,0,0
400050,1,1,0,0,0,0,0,0,0,0,0,0
400050,2,1,0,0,0,0,0,0,0,0,0,0
400051,1,1,0,0,0,0,0,0,0,0,0,0
400052,1,1,25,25,25,25,25,25,25,25,25,25
400053,0,1,7,7,7,7,7,7,7,7,7,7
400053,1,1,0,0,0,0,0,0,0,0,0,8
400054,1,1,0,0,0,0,0,0,0,0,0,0
400054,2,1,0,0,0,0,0,0,0,0,0,0
400055,1,1,0,0,0,0,0,0,0,0,0,0
400056,1,1,0,0,0,0,0,0,0,0,0,0
400056,2,1,0,0,0,0,0,0,0,0,0,0
400057,1,1,17,17,17,17,17,17,17,17,17,17
400057,2,1,0,0,0,0,0,0,0,0,0,0
400058,1,1,0,0,0,0,0,0,0,0,0,0
400058,2,1,0,0,0,0,0,0,0,0,0,0
400058,3,1,0,0,0,0,0,0,0,0,0,0
400059,1,1,0,0,0,0,0,0,0,0,0,0
400060,0,1,37,37,37,37,37,37,37,37,37,37
400060,1,1,7,7,7,7,7,7,7,7,7,7
400061,0,1,23,23,23,23,23,23,23,23,23,23
400061,1,1,0,0,0,12,0,17,0,0,0,0
400062,1,1,0,0,0,0,0,0,0,0,0,0
400063,1,1,0,0,0,0,0,0,0,0,0,0
400064,1,1,24,24,24,24,24,24,24,24,24,24
400065,1,1,27,27,27,27,27,27,27,27,27,27
400066,1,1,0,0,0,0,0,0,0,0,0,0
400067,1,1,0,0,0,0,0,0,0,0,0,0
400067,2,1,0,0,0,0,0,0,0,0,0,0
400068,1,1,0,0,0,0,0,0,0,0,0,0
400069,1,1,0,0,0,0,0,0,0,0,0,0
400070,1,1,0,0,0,0,0,0,0,0,0,0
400070,2,1,0,0,0,18,0,0,10,24,0,0
400071,0,1,15,15,15,15,15,15,15,15,15,15
400071,1,1,0,0,0,0,0,0,0,0,0,0
400072,1,1,0,0,0,0,0,0,0,0,0,0
400073,0,1,0,0,0,26,22,0,8,13,0,0
400073,1,1,0,0,0,0,9,0,0,0,0,0
400074,1,1,0,0,0,0,0,0,0,0,0,0
400075,0,1,7,7,7,7,7,7,7,7,7,7
400075,1,1,0,0,8,0,0,18,0,0,0,0
400076,0,1,0,0,0,0,14,0,0,0,0,4
400076,1,1,0,35,0,0,0,0,0,0,0,0
400078,1,1,0,0,0,0,0,0,0,0,0,0
400078,2,1,0,0,0,0,0,0,0,0,0,0
400079,1,1,0,0,0,29,28,0,0,0,14,5
400080,1,1,0,0,0,0,0,0,0,0,0,0
400081,1,1,0,0,0,0,0,0,0,0,0,0
400081,2,1,0,0,0,0,0,0,0,0,0,0
400082,1,1,0,0,0,0,0,0,0,0,0,0
400082,2,1,0,0,0,0,0,0,0,0,0,0
400083,1,1,16,16,16,16,16,16,16,16,16,16
400084,1,1,13,13,13,13,13,13,13,13,13,13
400085,1,1,0,0,0,0,0,0,0,0,0,0
400085,2,1,18,18,18,18,18,18,18,18,18,18
400086,1,1,23,23,23,23,23,23,23,23,23,23
400087,1,1,20,20,20,20,20,20,20,20,20,20
400087,2,1,0,0,0,0,0,0,0,0,0,0
400088,1,1,0,0,0,0,0,0,0,0,0,0
400088,2,1,0,0,0,0,0,0,0,0,0,0
400089,1,1,0,0,0,0,0,0,0,0,0,0
400089,2,1,0,0,0,0,0,0,0,0,0,0
400090,1,1,0,0,0,0,0,0,0,0,0,0
400090,2,1,0,0,0,0,0,0,0,0,0,0
400091,1,1,0,0,0,0,0,0,0,0,0,0
400091,2,1,0,0,0,0,0,0,0,0,0,0
400092,1,1,0,40,0,0,0,0,0,0,0,0
400092,2,1,0,0,0,0,0,0,0,0,0,0
400093,1,1,23,23,23,23,23,23,23,23,23,23
400093,2,1,0,0,0,0,0,0,0,0,0,0
400094,1,1,3,3,3,3,3,3,3,3,3,3
400094,2,1,0,0,0,0,0,0,0,0,0,0
400095,1,1,0,0,0,0,0,0,0,0,0,0
400096,1,1,0,0,0,0,0,0,0,0,0,0
400096,2,1,0,0,0,0,0,0,0,0,0,0
400097,1,1,0,0,0,0,0,0,0,0,0,0
400097,2,1,0,0,0,0,0,0,0,0,0,0
400098,1,1,30,30,30,30,30,30,30,30,30,30
400099,1,1,0,0,0,0,0,0,0,0,0,0
400099,2,1,0,0,0,0,0,0,0,0,0,0
400100,1,1,0,0,0,0,0,0,0,0,0,0
400101,1,1,0,0,0,0,0,0,0,0,4,0
400101,2,1,0,0,0,0,0,0,0,0,0,0
400102,1,1,0,0,0,0,0,0,0,0,0,0
400102,2,1,0,0,0,0,0,0,0,0,0,0
400103,1,1,14,14,14,14,14,14,14,14,14,14
400104,0,1,29,29,29,29,29,29,29,29,29,29
400104,1,1,0,0,0,0,0,0,0,0,0,0
400105,1,1,0,0,0,0,0,0,0,0,0,0
400105,2,1,0,0,0,0,0,0,0,0,0,0
400105,3,1,0,0,0,0,0,0,0,0,0,0
400106,1,1,19,0,15,0,0,18,20,0,0,0
400106,2,1,0,0,0,0,0,0,0,0,0,0
400107,1,1,0,0,0,0,0,0,0,0,0,0
400108,1,1,0,0,0,0,0,0,0,0,0,0
400108,2,1,0,0,0,0,0,0,0,0,0,0
400109,1,1,0,15,0,0,0,0,0,0,0,0
400111,0,1,0,0,0,0,0,0,0,0,0,0
400111,1,1,0,0,0,0,0,0,0,0,0,0
400111,2,1,0,0,0,0,0,0,0,0,0,0
400112,1,1,0,0,0,0,0,0,0,0,0,0
400112,2,1,0,0,0,0,0,0,0,0,0,0
400113,1,1,10,10,10,10,10,10,10,10,10,10
400114,1,1,0,0,0,0,0,0,0,0,0,0
400114,2,1,0,0,0,0,0,0,0,0,0,0
400115,1,1,0,0,0,0,0,0,0,0,0,0
400116,0,1,24,24,24,24,24,24,24,24,24,24
400116,1,1,0,0,0,0,0,0,0,0,0,0
400116,2,1,8,0,0,9,0,0,0,0,0,18
400117,1,1,13,13,13,13,13,13,13,13,13,13
400117,2,1,0,0,0,0,0,0,0,0,0,0
400118,1,1,0,0,0,0,0,0,0,0,0,0
400118,2,1,0,0,0,0,0,0,0,0,0,0
400119,1,1,0,0,0,0,0,0,0,0,0,0
400119,2,1,0,0,0,0,0,0,0,0,0,0
400120,1,1,0,0,0,0,0,0,0,0,0,0
400120,2,1,0,0,0,0,0,0,26,0,0,0
400121,1,1,0,0,0,0,0,0,0,0,0,0
400121,2,1,0,0,0,0,0,0,0,0,20,0
400122,1,1,3,3,3,3,3,3,3,3,3,3
400122,2,1,0,0,0,0,0,0,0,0,0,0
400123,1,1,0,0,0,0,0,0,0,0,0,0
400123,2,1,0,23,19,4,0,15,0,0,11,9
400124,1,1,0,0,0,0,0,0,0,0,0,0
400125,0,1,22,22,22,22,22,22,22,22,22,22
400125,1,1,0,0,0,0,36,0,0,0,0,0
400126,1,1,8,8,8,8,8,8,8,8,8,8
400127,1,1,0,0,0,0,0,0,0,0,0,0
400129,1,1,0,0,0,0,0,0,0,0,0,0
400129,2,1,0,0,0,0,0,0,0,0,0,0
400130,1,1,0,0,0,0,0,0,0,0,0,0
400130,2,1,0,0,0,0,0,0,0,0,0,0
400130,3,1,0,0,0,0,0,6,0,0,0,0
400131,1,1,18,18,18,18,18,18,18,18,18,18
400132,1,1,21,21,21,21,21,21,21,21,21,21
400133,0,1,0,0,0,21,47,0,0,34,0,0
400133,1,1,0,0,0,0,0,0,0,0,22,0
400134,0,1,0,0,34,5,19,40,24,0,11,22
400134,0,2,0,0,0,0,0,0,0,0,0,0
400134,1,1,0,0,15,0,8,0,0,0,13,2
400135,1,1,0,0,0,0,0,0,0,0,0,0
400135,2,1,0,0,0,0,0,0,0,0,0,0
400136,1,1,0,0,0,0,0,0,0,0,0,0
400136,2,1,0,0,0,0,0,0,0,0,0,0
400137,1,1,0,0,0,0,0,0,0,0,0,0
400137,2,1,0,0,0,0,0,0,0,0,0,0
400138,1,1,28,28,28,28,28,28,28,28,28,28
400139,1,1,0,0,0,0,0,0,0,0,0,0
400140,1,1,0,0,0,0,0,0,0,0,0,0
400140,2,1,0,0,0,0,0,0,0,0,0,0
400140,3,1,0,0,0,0,0,0,0,0,0,0
400141,0,1,0,0,0,0,0,0,0,0,0,0
400141,1,1,0,0,0,0,0,0,0,0,0,0
400142,1,1,0,0,0,0,0,0,0,0,0,0
400142,2,1,0,0,0,0,0,0,0,0,0,0
400143,1,1,0,0,0,0,0,0,0,0,0,0
400143,2,1,0,0,0,0,0,0,0,0,0,0
400144,1,1,0,0,0,0,0,0,0,0,0,0
400144,2,1,0,0,0,0,0,0,0,0,18,2
400145,1,1,0,0,0,0,0,0,0,0,0,0
400146,1,1,1,1,1,1,1,1,1,1,1,1
400147,1,1,25,25,25,25,25,25,25,25,25,25
400147,2,1,7,7,7,7,7,7,7,7,7,7
400148,1,1,0,0,0,0,0,0,0,0,0,0
400148,2,1,0,0,0,0,0,0,0,0,0,0
400148,3,1,0,0,0,0,0,0,0,0,0,0
400148,4,1,0,0,0,0,0,0,0,0,0,0
400148,5,1,0,0,0,0,24,0,0,0,0,0
400148,6,1,0,0,0,0,0,0,0,0,0,0
400149,1,1,0,17,25,15,12,14,6,15,22,5
400150,1,1,0,0,0,0,0,0,0,0,0,0
400150,2,1,0,0,0,0,0,0,0,0,0,0
400151,1,1,0,0,0,0,0,0,0,0,0,0
400151,2,1,0,0,0,0,0,0,0,0,0,0
400152,0,1,24,24,24,24,24,24,24,24,24,24
400152,1,1,0,0,8,0,0,0,0,0,0,0
400152,2,1,0,0,0,0,0,0,0,0,0,0
400153,1,1,37,37,37,37,37,37,37,37,37,37
400154,1,1,0,0,0,0,0,0,0,0,0,0
400154,2,1,0,0,0,0,0,0,0,0,0,0
400155,1,1,3,3,3,3,3,3,3,3,3,3
400157,1,1,29,29,29,29,29,29,29,29,29,29
400157,2,1,0,0,0,0,0,0,0,0,0,0
400158,0,1,0,0,0,0,0,0,0,0,0,0
400158,1,1,5,5,5,5,5,5,5,5,5,5
400159,1,1,0,0,0,0,0,0,0,0,0,0
400160,1,1,4,4,4,4,4,4,4,4,4,4
400161,1,1,18,18,18,18,18,18,18,18,18,18
400162,1,1,0,13,0,0,0,0,0,0,0,0
400163,1,1,0,0,0,0,0,0,0,0,0,0
400164,1,1,20,20,20,20,20,20,20,20,20,20
400164,2,1,0,0,0,0,0,0,0,0,0,0
400165,1,1,0,0,0,0,0,0,0,0,0,0
400165,2,1,0,0,0,0,0,0,0,0,0,0
400166,0,1,29,29,29,29,29,29,29,29,29,29
400166,1,1,0,0,0,0,0,0,0,0,0,0
400167,1,1,0,0,0,0,0,0,0,0,0,0
400168,1,1,9,0,0,0,0,10,0,29,0,0
400169,0,1,0,0,0,0,0,0,0,0,0,0
400169,1,1,0,0,0,0,0,0,0,0,0,0
400170,1,1,0,0,0,0,0,0,0,0,0,0
400170,2,1,0,0,0,0,0,0,0,0,0,0
400171,1,1,0,0,0,0,0,0,0,0,0,0
400171,2,1,16,0,0,0,0,12,0,0,0,0
400172,1,1,0,0,0,0,0,0,0,0,0,0
400173,1,1,0,0,0,0,0,0,0,0,0,0
400173,2,1,0,0,0,0,0,0,0,0,0,0
400174,1,1,2,2,2,2,2,2,2,2,2,2
400174,2,1,0,0,0,0,0,0,0,0,0,0
400175,1,1,0,0,0,0,0,0,0,0,0,0
400176,1,1,24,24,24,24,24,24,24,24,24,24
400176,2,1,0,0,0,0,0,0,0,0,0,0
400177,1,1,0,0,0,0,0,0,0,0,0,0
400177,2,1,0,0,0,0,0,12,6,0,0,4
400178,1,1,0,0,0,2,0,0,0,0,0,0
400178,2,1,0,0,0,0,0,0,0,0,0,0
400178,3,1,0,0,0,0,0,0,0,0,0,0
400179,1,1,0,0,0,0,0,0,0,0,0,0
400180,1,1,0,0,0,0,0,0,0,0,0,0
400180,2,1,0,0,0,0,0,0,0,0,0,0
400181,1,1,0,0,0,0,0,0,0,0,0,0
400182,1,1,27,27,27,27,27,27,27,27,27,27
400183,1,1,0,0,0,0,0,0,0,0,0,0
400184,1,1,25,25,25,25,25,25,25,25,25,25
400184,2,1,0,0,0,0,0,0,0,0,0,0
400185,1,1,0,0,0,0,0,0,0,0,0,0
400186,1,1,0,0,0,0,0,0,0,0,0,0
400186,2,1,0,0,0,0,0,0,0,0,0,0
400187,1,1,20,20,20,20,20,20,20,20,20,20
400188,1,1,0,0,0,0,0,0,0,0,0,0
400188,2,1,0,0,0,0,0,0,0,0,0,0
400189,1,1,0,0,0,0,0,0,0,0,0,0
400190,1,1,0,0,0,0,0,0,0,0,0,0
400190,2,1,0,0,0,0,0,0,0,0,0,0
400191,0,1,17,17,17,17,17,17,17,17,17,17
400191,1,1,0,0,0,0,0,0,0,0,0,0
400192,1,1,33,33,33,33,33,33,33,33,33,33
400193,1,1,21,21,21,21,21,21,21,21,21,21
400194,1,1,0,0,0,0,0,0,0,0,0,0
400194,2,1,0,0,0,0,0,0,0,0,0,0
400195,1,1,0,0,0,0,0,0,0,0,0,0
400195,2,1,0,0,29,0,0,0,0,0,0,0
400196,1,1,10,10,10,10,10,10,10,10,10,10
400197,1,1,25,25,25,25,25,25,25,25,25,25
400198,1,1,0,0,0,0,0,0,0,0,0,0
400198,2,1,0,0,0,0,0,0,0,0,0,0
400199,0,1,0,0,0,0,0,0,0,0,0,0
400199,1,1,0,0,0,0,0,0,0,0,0,0
400200,1,1,0,0,0,0,0,0,0,0,0,0
400201,1,1,16,16,16,16,16,16,16,16,16,16
400202,1,1,26,26,26,26,26,26,26,26,26,26
400202,2,1,0,0,0,0,0,0,3,0,0,0
400202,3,1,0,0,0,0,0,0,0,0,0,0
400203,1,1,20,20,20,20,20,20,20,20,20,20
400204,0,1,0,0,0,0,0,0,0,0,0,0
400204,1,1,0,0,0,0,0,0,0,0,0,0
400205,1,1,0,0,0,0,0,0,0,0,0,0
400206,1,1,11,11,11,11,11,11,11,11,11,11
400207,1,1,31,31,31,31,31,31,31,31,31,31
400208,1,1,0,0,0,0,0,0,0,0,0,0
400208,2,1,0,0,0,0,0,0,0,0,0,0
400209,1,1,0,0,0,0,0,0,0,0,0,0
400210,1,1,23,23,23,23,23,23,23,23,23,23
400211,1,1,0,0,0,0,0,0,0,0,0,0
400211,2,1,0,0,0,0,0,0,0,0,0,0
400212,1,1,0,0,0,0,0,0,0,0,0,0
400212,2,1,0,0,0,0,0,0,0,0,0,0
400213,1,1,2,2,2,2,2,2,2,2,2,2
400214,1,1,17,17,17,17,17,17,17,17,17,17
400215,1,1,0,0,0,0,0,0,0,0,0,0
400216,0,1,0,0,0,0,0,0,0,0,0,0
400216,1,1,0,6,8,8,13,0,4,22,31,0
400217,1,1,0,0,0,0,0,0,0,0,0,0
400218,1,1,22,22,22,22,22,22,22,22,22,22
400219,0,1,0,0,0,0,0,0,0,0,0,0
400219,1,1,0,0,0,0,0,0,0,0,0,0
400220,1,1,0,0,0,0,0,0,0,0,0,0
400220,2,1,0,0,0,0,0,0,0,0,0,0
400221,1,1,10,10,10,10,10,10,10,10,10,10
400222,1,1,0,0,0,0,0,0,0,0,0,0
400222,2,1,0,0,0,0,0,0,0,0,0,0
400223,0,1,0,0,0,0,0,0,0,0,0,0
400223,1,1,0,0,0,0,0,0,0,0,0,0
400224,1,1,0,0,0,0,0,0,0,0,0,0
400224,2,1,0,0,0,0,0,0,0,0,0,0
400225,1,1,13,13,13,13,13,13,13,13,13,13
400225,2,1,0,0,0,0,0,0,0,0,0,0
400226,1,1,15,15,15,15,15,15,15,15,15,15
400227,1,1,0,21,0,0,0,0,24,0,18,0
400228,1,1,0,0,0,0,0,0,0,0,0,0
400229,1,1,0,0,0,0,0,0,0,0,0,0
400230,1,1,22,22,22,22,22,22,22,22,22,22
400230,2,1,0,0,0,0,0,0,0,0,0,0
400230,3,1,0,0,0,0,0,0,0,0,0,0
400231,1,1,0,0,0,0,0,0,0,0,0,0
400232,1,1,0,0,0,0,0,0,0,0,0,0
400232,2,1,0,0,0,0,0,0,0,0,0,0
400233,1,1,0,0,0,0,0,0,0,0,0,0
400234,1,1,20,20,20,20,20,20,20,20,20,20
400234,2,1,0,0,0,0,0,0,0,0,0,0
400235,1,1,0,0,0,0,0,0,0,0,0,0
400236,1,1,0,0,0,0,0,0,0,0,0,0
400236,2,1,5,5,5,5,5,5,5,5,5,5
400237,1,1,0,0,0,0,0,0,0,0,0,0
400237,2,1,0,0,0,0,0,0,0,0,0,0
400238,1,1,15,15,15,15,15,15,15,15,15,15
400238,2,1,0,0,0,0,0,0,0,0,0,0
400239,1,1,0,0,0,0,0,0,0,0,0,0
400239,2,1,0,0,0,0,0,0,0,0,0,0
400240,0,1,0,0,5,0,0,0,0,0,0,0
400240,1,1,23,0,0,0,0,0,0,0,0,0
400241,1,1,0,0,0,0,0,0,0,0,0,0
400241,2,1,0,0,0,0,0,0,0,0,0,0
400243,1,1,0,0,0,0,0,0,0,0,0,0
400244,1,1,0,0,0,0,0,0,0,0,0,0
400244,2,1,0,0,0,0,0,0,0,0,0,0
400245,1,1,0,0,0,0,0,0,0,0,0,0
400245,2,1,0,0,0,0,0,0,0,0,0,0
400246,1,1,0,0,0,0,0,0,0,0,0,0
400246,2,1,0,0,0,0,0,0,0,0,0,0
400247,0,1,0,0,0,0,0,0,0,0,0,0
400247,1,1,0,0,0,0,0,0,0,0,0,0
400247,2,1,0,0,0,0,0,0,0,0,0,0
400248,1,1,8,8,8,8,8,8,8,8,8,8
400249,1,1,23,23,23,23,23,23,23,23,23,23
400250,1,1,0,0,0,0,0,0,0,0,0,0
400250,2,1,0,0,0,0,0,0,0,0,0,0
400251,1,1,0,0,0,0,0,0,0,0,0,0
400251,2,1,0,0,0,0,0,0,0,0,0,0
400251,3,1,0,0,0,0,0,0,0,0,0,0
400252,1,1,0,0,0,0,0,0,0,0,0,0
400253,1,1,16,16,16,16,16,16,16,16,16,16
400254,1,1,2,2,2,2,2,2,2,2,2,2
400255,1,1,0,0,0,0,0,0,0,0,0,0
400256,1,1,0,0,0,0,0,0,0,0,0,0
400256,2,1,0,0,0,0,0,0,0,0,0,0
400256,3,1,0,0,0,0,0,0,0,0,0,0
400257,1,1,18,18,18,18,18,18,18,18,18,18
400257,2,1,5,5,5,5,5,5,5,5,5,5
400258,1,1,0,0,0,0,0,0,0,0,0,0
400258,2,1,0,0,0,0,0,0,0,0,0,0
400259,1,1,16,16,16,16,16,16,16,16,16,16
400260,1,1,15,15,15,15,15,15,15,15,15,15
400261,1,1,0,0,0,0,0,0,0,0,0,0
400261,2,1,0,0,0,0,0,0,0,0,0,0
400262,1,1,0,0,0,0,0,0,0,0,0,0
400263,1,1,0,17,10,17,0,12,0,0,28,26
400264,1,1,0,0,0,0,0,0,0,0,0,0
400264,2,1,0,0,0,0,0,0,0,0,0,0
400265,1,1,0,0,0,0,0,0,0,5,11,0
400265,2,1,0,0,0,0,0,0,0,0,12,0
400265,3,1,0,0,0,0,0,0,0,0,0,0
400266,1,1,0,0,0,0,0,0,0,0,0,0
400266,2,1,0,0,0,0,0,13,0,0,0,0
400267,0,1,29,29,29,29,29,29,29,29,29,29
400267,1,1,0,0,0,0,0,0,0,0,0,0
400268,1,1,0,0,0,0,0,0,0,0,0,0
400268,2,1,0,0,0,0,0,0,0,0,0,0
400269,1,1,0,0,0,0,0,0,0,0,0,0
400269,2,1,0,0,0,0,0,0,0,0,0,33
400270,1,1,0,0,0,0,0,0,0,0,0,0
400271,1,1,0,0,0,0,0,0,0,0,0,0
400272,1,1,0,0,0,0,0,0,0,0,0,0
400273,1,1,6,0,11,26,13,9,12,17,10,18
400274,1,1,0,0,0,0,0,0,0,0,0,0
400274,2,1,0,0,0,0,0,0,0,0,0,0
400274,3,1,0,0,0,0,0,0,0,0,0,0
400275,1,1,0,0,0,0,0,0,0,0,0,0
400276,1,1,16,16,16,16,16,16,16,16,16,16
400276,2,1,0,0,0,0,0,0,0,0,0,0
400277,1,1,0,0,0,0,0,0,0,0,0,0
400278,1,1,0,0,0,0,0,0,0,0,0,0
400278,2,1,0,0,0,0,0,0,0,0,0,0