ST_CASE,VEH_NO,PER_NO,P1,P2,P3,P4,P5,P6,P7,P8,P9,P10
400279,1,1,13,13,13,13,13,13,13,13,13,13
400280,0,1,0,0,0,0,0,0,0,0,0,0
400280,1,1,0,0,0,0,0,0,0,0,0,0
400281,1,1,0,17,0,0,0,0,0,0,0,0
400282,0,1,0,0,0,0,0,0,0,0,0,0
400282,0,2,5,0,0,0,0,30,31,0,0,0
400282,1,1,5,0,0,0,0,0,0,0,0,0
400283,1,1,0,0,0,0,0,0,0,0,0,0
400284,1,1,0,0,0,0,0,0,0,0,0,0
400285,1,1,0,0,0,0,0,0,0,0,0,0
400285,2,1,0,0,0,0,0,0,0,0,0,0
400286,1,1,0,0,0,0,0,0,0,0,0,0
400286,2,1,0,0,0,0,0,0,0,0,0,0
400287,1,1,0,0,0,0,0,0,0,0,0,0
400288,1,1,0,0,0,0,0,0,0,0,0,0
400288,2,1,0,0,0,0,0,0,0,0,0,0
400289,1,1,0,0,0,0,0,0,0,0,0,0
400289,2,1,0,0,0,0,0,0,0,0,0,0
400290,1,1,0,0,0,0,0,0,0,0,0,0
400291,1,1,12,12,12,12,12,12,12,12,12,12
400292,1,1,34,34,34,34,34,34,34,34,34,34
400293,1,1,0,0,0,0,0,0,0,0,0,0
400294,1,1,0,0,0,0,0,0,0,0,0,0
400294,2,1,0,0,0,0,0,0,0,0,0,0
400295,1,1,0,0,0,0,0,0,0,0,0,0
400295,2,1,0,0,0,0,0,0,0,0,0,0
400295,3,1,0,0,0,0,0,0,0,0,0,0
400296,1,1,0,0,0,0,0,0,0,0,0,0
400296,2,1,0,0,0,0,0,0,0,0,0,0
400297,1,1,0,0,0,0,0,0,0,0,0,0
400298,1,1,17,17,17,17,17,17,17,17,17,17
400299,1,1,0,0,0,0,0,0,0,0,0,0
400300,1,1,19,16,21,0,18,9,0,7,17,27
400301,1,1,0,0,0,0,0,0,0,0,0,0
400302,1,1,1,1,1,1,1,1,1,1,1,1
400303,1,1,0,0,0,0,0,0,0,0,0,0
400304,1,1,24,24,24,24,24,24,24,24,24,24
400304,2,1,0,0,0,0,0,0,0,0,0,0
400305,1,1,23,23,23,23,23,23,23,23,23,23
400306,1,1,0,11,0,0,0,0,0,0,0,0
400306,2,1,1,1,1,1,1,1,1,1,1,1
400307,1,1,0,0,0,0,0,0,0,0,0,0
400308,1,1,0,0,0,0,0,0,0,0,0,0
400308,2,1,0,0,0,0,0,0,0,0,0,0
400309,1,1,19,19,19,19,19,19,19,19,19,19
400310,1,1,0,0,0,0,0,0,0,0,0,0
400310,2,1,0,0,0,0,0,0,0,0,0,0
400311,1,1,9,9,9,9,9,9,9,9,9,9
400311,2,1,4,30,59,0,11,0,0,0,0,0
400312,1,1,0,0,0,0,0,0,0,0,0,0
400312,2,1,21,21,21,21,21,21,21,21,21,21
400313,1,1,30,30,30,30,30,30,30,30,30,30
400314,1,1,0,0,0,0,0,0,0,0,0,0
400314,2,1,0,0,0,0,0,0,0,0,0,0
400315,1,1,18,18,18,18,18,18,18,18,18,18
400315,2,1,0,0,0,0,0,0,0,0,0,0
400316,1,1,0,0,0,0,0,0,0,0,0,0
400316,2,1,0,0,0,0,0,0,0,0,0,0
400317,0,1,0,0,0,18,0,0,0,0,0,0
400317,1,1,0,0,0,0,0,0,0,0,0,0
400318,0,1,0,0,0,0,0,0,0,0,0,0
400318,1,1,0,0,0,0,0,0,0,0,7,21
400319,1,1,0,0,0,0,0,0,0,0,0,0
400320,0,1,25,25,25,25,25,25,25,25,25,25
400320,1,1,0,0,0,0,0,0,16,0,0,0
400321,1,1,0,0,0,0,0,0,0,0,0,0
400322,1,1,18,18,18,18,18,18,18,18,18,18
400323,0,1,0,0,0,0,0,0,0,0,0,0
400323,1,1,0,0,0,0,0,0,0,0,0,0
400324,1,1,0,0,0,0,0,0,0,0,10,0
400324,2,1,0,0,0,0,0,0,0,0,0,0
400325,1,1,0,0,0,0,0,0,0,0,0,0
400326,0,1,0,0,0,0,0,0,0,0,0,0
400326,1,1,0,0,0,0,0,0,4,0,0,0
400326,2,1,0,15,0,0,0,0,0,0,0,0
400327,1,1,0,0,0,32,0,0,0,0,0,0
400327,2,1,0,0,0,0,0,0,0,0,0,0
400328,1,1,0,0,0,0,0,0,0,0,0,0
400328,2,1,0,0,0,0,0,0,0,0,0,0
400329,1,1,0,0,0,0,0,0,0,0,0,0
400329,2,1,0,0,0,0,0,0,0,0,0,0
400330,0,1,0,0,0,0,0,0,0,0,0,0
400330,1,1,0,0,0,0,0,0,0,0,0,0
400331,1,1,32,32,32,32,32,32,32,32,32,32
400332,1,1,0,0,0,0,0,0,0,0,0,0
400332,2,1,19,0,0,0,4,0,28,0,0,19
400333,0,1,0,0,0,0,0,0,0,0,0,0
400333,1,1,0,0,0,0,0,0,0,0,0,0
400334,1,1,0,0,0,0,0,0,0,0,0,0
400334,2,1,0,0,0,0,0,0,0,0,0,0
400335,1,1,0,0,0,0,0,0,0,0,0,0
400335,2,1,0,0,0,0,0,0,0,0,0,0
400336,1,1,0,0,0,0,0,0,0,0,0,0
400336,2,1,0,0,0,0,0,0,0,0,0,0
400337,1,1,0,0,0,0,0,0,0,0,0,0
400337,2,1,0,0,0,0,0,0,0,0,0,0
400338,0,1,0,0,0,0,0,0,0,0,0,0
400338,1,1,0,0,0,0,0,0,0,0,0,0
400339,1,1,0,0,0,0,18,0,0,0,24,0
400339,2,1,0,0,0,0,0,0,0,0,0,0
400340,1,1,10,10,10,10,10,10,10,10,10,10
400341,1,1,0,0,0,0,0,0,0,0,0,0
400342,1,1,0,0,0,0,0,0,0,0,0,0
400342,2,1,0,0,0,0,0,0,0,0,0,0
400343,1,1,0,0,0,0,0,0,0,0,0,0
400343,2,1,0,0,0,0,4,0,0,0,0,0
400344,1,1,0,0,0,0,0,0,0,0,0,0
400344,2,1,0,0,0,0,0,0,0,0,0,0
400345,1,1,0,0,0,0,0,0,0,0,0,0
400345,2,1,0,0,0,0,0,0,0,21,0,0
400346,1,1,0,0,0,0,0,0,0,0,0,0
400347,0,1,0,0,0,0,0,0,32,0,0,0
400347,1,1,0,0,0,0,0,0,0,0,0,0
400348,0,1,0,0,0,0,0,0,0,0,0,0
400348,1,1,0,0,0,0,0,0,0,0,0,0
400349,1,1,0,0,0,0,0,0,17,0,13,0
400349,2,1,0,0,0,0,0,0,0,0,0,0
400350,1,1,0,0,0,0,0,0,0,0,0,0
400351,1,1,0,0,0,0,0,0,0,0,0,0
400351,2,1,29,0,12,14,0,18,14,0,0,3
400352,0,1,0,0,0,0,0,0,0,0,0,0
400352,1,1,10,10,10,10,10,10,10,10,10,10
400353,1,1,23,23,23,23,23,23,23,23,23,23
400354,1,1,21,21,21,21,21,21,21,21,21,21
400354,2,1,0,0,0,0,0,0,0,0,0,0
400355,1,1,0,0,0,0,0,0,0,0,0,0
400355,2,1,0,0,0,0,0,0,0,0,0,0
400356,0,1,0,0,0,0,0,0,0,0,0,0
400356,1,1,0,0,0,0,0,0,0,0,0,0
400357,1,1,0,0,0,0,0,0,0,0,0,0
400357,2,1,0,0,0,0,0,0,0,0,0,0
400357,3,1,0,14,0,0,0,0,0,0,0,0
400357,4,1,0,0,0,0,0,0,0,0,0,0
400357,5,1,0,0,0,0,0,0,0,0,0,0
400358,1,1,0,0,0,0,0,0,0,0,0,0
400358,2,1,0,0,0,0,0,0,0,0,0,0
400359,1,1,0,0,0,0,0,0,0,0,0,0
400359,2,1,0,0,0,0,0,0,0,0,0,0
400360,0,1,20,26,13,23,28,29,32,0,11,24
400360,1,1,0,5,0,0,0,0,0,0,0,0
400361,1,1,0,0,0,0,0,0,0,0,0,0
400362,1,1,0,0,0,0,0,0,19,0,0,0
400362,2,1,0,0,0,0,0,0,0,0,0,0
400362,3,1,0,0,0,0,0,0,0,0,0,0
400363,1,1,17,17,17,17,17,17,17,17,17,17
400364,1,1,19,19,19,19,19,19,19,19,19,19
400364,2,1,0,0,0,0,0,0,0,0,0,0
400365,1,1,0,0,20,0,0,0,0,0,0,0
400366,0,1,0,23,0,0,0,0,14,0,0,0
400366,1,1,0,0,0,0,0,0,0,0,0,0
400367,0,1,0,0,0,0,0,0,0,0,0,0
400367,1,1,0,0,0,0,0,0,0,0,0,0
400368,1,1,0,0,0,0,0,24,0,0,0,0
400368,2,1,0,0,0,0,0,0,0,0,0,0
400369,1,1,0,0,0,0,0,0,0,0,0,0
400369,2,1,0,0,0,0,0,0,0,0,0,0
400370,1,1,14,0,0,0,0,0,0,0,0,0
400370,2,1,0,0,0,0,0,0,0,0,0,0
400371,1,1,0,0,0,0,0,0,0,0,0,0
400371,2,1,0,0,0,0,0,0,0,0,0,0
400372,1,1,20,0,18,0,10,21,13,12,9,0
400372,2,1,0,0,0,0,0,0,0,0,0,0
400373,1,1,0,0,0,0,0,0,0,0,0,0
400373,2,1,5,5,5,5,5,5,5,5,5,5
400374,1,1,0,0,0,0,0,0,0,0,0,0
400374,2,1,0,0,0,0,0,0,14,0,0,0
400374,3,1,0,0,19,0,0,0,0,7,0,0
400375,1,1,0,0,0,0,0,0,0,0,0,0
400375,2,1,0,0,0,0,0,0,0,0,0,0
400376,1,1,0,0,0,0,0,0,0,0,0,0
400377,1,1,0,0,0,0,0,0,0,0,0,0
400377,2,1,4,4,4,4,4,4,4,4,4,4
400378,0,1,34,34,34,34,34,34,34,34,34,34
400378,1,1,0,0,0,0,0,0,0,0,0,0
400379,1,1,0,0,0,0,0,0,0,0,0,0
400379,2,1,0,0,0,0,0,0,0,0,0,0
400380,0,1,0,0,0,0,0,0,0,0,0,0
400380,1,1,0,0,0,0,0,0,0,0,0,0
400381,1,1,0,0,0,0,0,0,0,0,0,0
400382,1,1,19,19,19,19,19,19,19,19,19,19
400383,2,1,0,0,0,0,0,0,0,0,0,0
400384,0,1,0,0,0,0,0,0,0,0,0,0
400384,1,1,0,0,0,0,0,0,0,0,0,0
400385,1,1,0,0,0,0,0,0,0,0,0,0
400385,2,1,0,0,0,0,0,0,0,0,0,0
400386,1,1,0,0,0,0,0,0,0,0,0,0
400386,2,1,0,0,5,13,0,0,0,0,0,11
400387,1,1,0,0,0,0,0,0,0,0,0,0
400388,0,1,10,10,10,10,10,10,10,10,10,10
400388,1,1,0,0,0,0,0,0,0,0,0,0
400389,1,1,0,0,0,0,0,0,0,0,0,0
400390,1,1,0,0,0,0,0,0,0,0,0,0
400390,2,1,0,0,0,0,0,0,0,0,0,0
400391,1,1,0,0,0,0,0,0,0,0,0,0
400392,1,1,0,0,0,0,0,0,24,0,0,0
400393,1,1,0,0,0,0,0,0,0,0,0,0
400394,1,1,0,0,0,0,0,0,0,0,0,0
400395,1,1,0,0,0,0,0,0,0,0,0,0
400395,2,1,0,0,0,0,0,0,0,0,0,0
400396,2,1,0,0,0,0,0,0,0,0,0,0
400397,1,1,0,0,0,0,0,0,0,0,0,0
400397,2,1,0,0,0,0,0,0,0,0,0,0
400398,1,1,0,0,0,0,0,0,0,0,0,0
400399,1,1,0,0,0,0,0,0,0,0,0,0
400399,2,1,0,0,0,0,0,0,0,0,0,0
400400,0,1,0,0,0,0,0,0,0,0,0,0
400400,1,1,0,0,0,0,0,0,0,13,0,0
400401,1,1,0,0,0,0,0,0,0,0,0,0
400401,2,1,0,0,0,0,0,0,0,0,0,0
400402,1,1,0,0,0,0,0,0,0,0,0,0
400403,1,1,0,0,0,0,0,0,0,0,0,0
400403,2,1,0,0,0,0,0,0,0,0,0,0
400404,0,1,0,0,0,0,0,0,0,0,0,0
400404,1,1,0,0,0,0,0,0,0,0,0,0
400405,1,1,0,0,0,0,0,0,0,0,0,0
400405,2,1,0,0,0,0,0,0,0,0,0,0
400406,1,1,0,0,8,0,0,0,0,0,0,0
400406,2,1,0,0,0,0,0,0,0,0,0,0
400407,1,1,0,0,0,0,0,0,0,0,0,0
400407,2,1,0,0,0,0,0,0,0,0,0,0
400408,1,1,0,0,0,15,0,0,0,0,0,0
400408,2,1,0,0,0,10,0,0,0,0,0,0
400409,1,1,7,7,7,7,7,7,7,7,7,7
400410,1,1,0,0,0,0,0,0,0,0,0,0
400411,1,1,0,0,0,0,0,0,0,0,0,0
400411,2,1,0,0,0,0,0,0,0,0,0,0
400412,1,1,0,0,0,0,0,0,0,0,0,0
400413,1,1,22,22,22,22,22,22,22,22,22,22
400413,2,1,0,0,0,0,12,0,0,0,0,0
400414,1,1,0,0,0,0,0,0,0,0,0,0
400414,2,1,0,0,0,0,0,0,0,0,0,0
400415,1,1,27,27,27,27,27,27,27,27,27,27
400415,2,1,0,0,0,0,0,0,0,0,0,0
400416,1,1,0,0,0,0,0,0,0,0,0,0
400416,2,1,0,0,0,0,0,0,0,0,0,0
400417,1,1,0,0,0,0,0,0,0,0,0,0
400417,2,1,6,6,6,6,6,6,6,6,6,6
400418,1,1,0,0,0,0,0,0,0,0,0,0
400419,1,1,23,23,23,23,23,23,23,23,23,23
400420,1,1,0,0,0,0,0,0,0,0,0,0
400421,1,1,0,0,0,0,0,0,0,0,0,0
400421,2,1,0,0,0,0,0,0,0,0,0,0
400422,1,1,0,0,0,0,0,0,0,0,0,0
400422,2,1,0,0,0,0,0,0,0,0,0,0
400423,1,1,0,15,0,0,0,17,30,0,5,10
400424,1,1,0,0,0,0,0,0,0,0,0,0
400425,1,1,0,0,0,0,0,20,0,0,0,0
400425,2,1,0,0,0,0,0,0,0,0,0,0
400426,1,1,0,0,0,0,0,0,0,0,0,0
400426,2,1,0,0,0,0,0,0,0,0,0,0
400426,3,1,0,0,0,0,0,0,0,0,0,0
400427,1,1,0,0,0,0,0,0,0,0,0,0
400427,2,1,0,0,0,0,0,0,0,0,0,0
400428,1,1,0,0,0,0,0,0,0,0,0,0
400428,2,1,0,0,0,0,0,0,0,0,0,0
400429,1,1,0,0,0,0,0,0,0,0,0,0
400430,0,1,0,0,0,0,0,0,0,0,0,0
400430,0,2,0,25,0,32,0,0,0,0,0,41
400430,1,1,0,0,0,0,0,0,0,0,0,0
400431,0,1,32,32,32,32,32,32,32,32,32,32
400431,1,1,0,0,0,0,0,0,0,0,0,0
400432,1,1,0,0,0,0,0,0,0,0,0,0
400432,2,1,0,0,0,0,0,0,0,0,0,0
400433,1,1,0,0,0,0,0,0,0,0,0,0
400433,2,1,0,0,0,0,0,0,0,0,0,0
400434,1,1,0,0,0,0,0,0,0,0,0,0
400434,2,1,0,0,0,0,0,0,0,0,0,0
400434,3,1,0,0,0,0,0,0,0,0,0,0
400436,1,1,0,0,0,0,0,0,0,0,0,0
400436,2,1,0,0,0,0,0,0,0,0,0,0
400437,1,1,0,0,0,0,0,0,0,0,0,0
400438,1,1,20,16,13,0,0,16,0,0,0,0
400439,1,1,0,0,0,0,0,0,0,0,0,0
400440,1,1,0,0,0,0,0,0,0,0,0,0
400440,2,1,0,0,0,0,0,0,0,0,0,0
400441,1,1,0,0,0,0,0,0,0,0,0,0
400441,2,1,0,0,0,0,0,0,0,0,0,0
400441,3,1,0,0,0,0,0,0,0,0,0,0
400441,4,1,0,0,0,0,0,0,0,0,0,0
400442,0,1,0,0,0,0,0,0,0,0,0,0
400442,1,1,0,0,0,0,0,0,0,0,0,0
400443,0,1,0,0,0,0,0,0,0,0,0,0
400443,1,1,0,0,0,0,0,0,0,0,0,0
400444,0,1,28,28,28,28,28,28,28,28,28,28
400444,1,1,0,0,0,0,28,0,0,0,0,0
400445,1,1,0,0,0,0,0,0,0,0,0,0
400445,2,1,0,0,0,0,0,0,0,0,0,0
400446,1,1,0,0,0,0,0,13,0,0,0,0
400446,2,1,0,0,0,0,0,0,0,0,0,0
400447,1,1,0,0,17,0,0,0,0,0,0,0
400447,2,1,0,0,0,0,0,0,0,0,0,0
400448,1,1,29,29,29,29,29,29,29,29,29,29
400449,1,1,0,0,0,12,0,0,0,0,0,0
400449,2,1,0,0,0,0,0,0,0,0,0,0
400450,0,1,12,12,12,12,12,12,12,12,12,12
400450,1,1,0,0,0,0,0,0,0,0,0,13
400451,1,1,13,13,13,13,13,13,13,13,13,13
400452,1,1,19,19,19,19,19,19,19,19,19,19
400453,1,1,0,0,0,0,0,0,0,0,0,0
400453,2,1,0,0,0,0,0,0,0,0,0,0
400453,3,1,45,45,45,45,45,45,45,45,45,45
400454,1,1,0,0,0,0,0,0,0,0,0,0
400455,0,1,16,16,16,16,16,16,16,16,16,16
400455,1,1,0,0,0,0,0,0,0,0,0,0
400456,0,1,0,0,0,0,0,0,0,0,0,0
400456,1,1,0,0,17,0,0,0,0,16,22,0
400457,1,1,52,52,52,52,52,52,52,52,52,52
400457,2,1,2,2,2,2,2,2,2,2,2,2
400458,1,1,0,0,0,0,0,0,0,0,0,0
400458,2,1,0,0,0,0,0,0,0,0,0,0
400459,1,1,0,0,0,0,0,0,0,0,0,0
400459,2,1,0,0,0,0,0,0,0,0,0,0
400460,1,1,15,15,15,15,15,15,15,15,15,15
400460,2,1,0,0,0,0,0,0,0,0,0,0
400461,1,1,0,0,0,0,0,0,0,0,0,0
400461,2,1,0,0,0,0,0,0,0,0,0,0
400462,0,1,0,0,0,0,0,0,0,0,0,0
400462,1,1,0,0,0,0,0,0,0,0,0,0
400463,1,1,0,0,0,0,0,0,0,0,0,0
400463,2,1,0,0,0,0,0,0,0,0,0,0
400464,0,1,0,0,0,0,0,0,0,0,0,0
400464,1,1,0,0,0,0,0,0,0,0,28,0
400465,1,1,19,19,19,19,19,19,19,19,19,19
400466,1,1,0,0,0,0,0,0,0,0,0,0
400467,1,1,0,0,0,0,0,0,0,0,0,0
400467,2,1,0,0,0,0,0,0,0,0,0,0
400468,0,1,0,0,0,0,0,0,0,0,0,0
400469,0,1,0,0,0,0,0,0,0,0,0,0
400469,1,1,0,0,0,0,0,0,0,0,0,0
400470,1,1,0,0,0,0,0,0,0,0,0,0
400471,1,1,0,0,0,0,0,0,0,0,0,0
400472,0,1,30,30,30,30,30,30,30,30,30,30
400472,1,1,11,11,11,11,11,11,11,11,11,11
400473,1,1,0,0,0,0,0,0,0,0,0,0
400474,0,1,0,0,0,0,0,0,0,0,0,0
400474,1,1,0,0,0,0,0,0,0,0,0,0
400475,1,1,21,21,21,21,21,21,21,21,21,21
400475,2,1,0,0,0,0,0,0,0,0,0,0
400476,1,1,0,0,0,0,0,0,0,0,0,0
400477,1,1,0,0,0,0,0,0,0,0,0,0
400478,1,1,0,0,0,0,0,0,0,0,0,0
400478,2,1,0,0,0,0,0,0,0,0,0,0
400478,3,1,0,0,0,0,0,0,0,0,0,0
400479,1,1,0,0,0,0,0,0,0,0,0,0
400480,0,1,32,32,32,32,32,32,32,32,32,32
400480,1,1,0,0,0,0,0,0,0,0,0,0
400480,2,1,27,27,27,27,27,27,27,27,27,27
400481,0,1,0,0,0,0,0,0,0,0,0,0
400481,1,1,0,0,0,0,25,16,0,0,0,0
400482,1,1,0,0,0,0,0,0,0,0,0,0
400482,2,1,0,0,0,0,0,0,0,0,0,0
400483,1,1,0,0,0,0,0,0,0,0,0,0
400484,1,1,0,0,0,0,0,0,0,0,0,0
400484,2,1,0,0,0,0,0,0,0,0,0,0
400485,0,1,0,0,0,0,0,0,0,0,0,0
400485,1,1,0,0,0,0,0,0,0,0,0,0
400486,1,1,0,0,0,0,0,0,0,0,0,0
400487,1,1,0,0,0,0,0,0,0,0,0,0
400488,0,1,0,0,0,0,0,0,0,0,0,0
400488,1,1,0,23,26,0,0,0,0,0,0,0
400489,1,1,9,9,9,9,9,9,9,9,9,9
400490,0,1,0,0,0,0,0,0,0,0,0,0
400490,1,1,0,0,0,0,0,0,0,9,0,0
400491,1,1,14,14,14,14,14,14,14,14,14,14
400492,1,1,18,18,18,18,18,18,18,18,18,18
400492,2,1,0,0,0,0,0,0,0,0,0,0
400493,1,1,0,0,0,0,0,0,0,0,0,0
400494,1,1,19,19,19,19,19,19,19,19,19,19
400495,0,1,0,0,0,0,0,0,0,0,0,0
400495,1,1,0,0,0,0,0,0,0,0,0,0
400496,1,1,16,0,0,0,0,0,0,0,7,0
400496,2,1,0,0,0,0,0,0,0,0,0,0
400496,3,1,0,0,0,0,0,0,0,0,0,0
400497,0,1,0,0,0,0,0,0,0,0,0,0
400497,1,1,0,0,15,0,0,0,0,0,0,0
400498,1,1,0,0,0,0,0,0,0,0,0,0
400498,2,1,0,0,16,0,0,0,0,0,0,0
400499,1,1,33,25,23,18,0,8,0,0,18,16
400500,1,2,26,0,27,0,0,0,6,24,0,0
400502,1,1,25,25,25,25,25,25,25,25,25,25
400502,2,1,0,0,0,0,0,0,0,0,0,0
400503,1,1,11,11,11,11,11,11,11,11,11,11
400504,0,1,0,0,0,0,0,0,0,0,0,0
400504,1,1,0,0,0,0,0,0,0,12,8,0
400505,1,1,0,0,0,0,0,0,0,0,0,0
400506,1,1,0,0,0,0,0,0,0,0,0,0
400507,1,1,8,8,8,8,8,8,8,8,8,8
400508,1,1,23,23,23,23,23,23,23,23,23,23
400509,0,1,0,0,0,0,0,0,0,0,0,0
400509,2,1,0,0,0,0,0,0,0,0,0,0
400510,1,1,0,0,0,0,0,0,0,0,0,0
400510,2,1,0,0,0,0,0,0,0,0,0,0
400511,0,1,0,0,0,0,0,0,0,0,0,0
400511,1,1,0,0,0,0,21,0,0,0,0,0
400512,1,1,0,0,0,0,0,0,0,0,0,0
400512,2,1,0,0,0,0,0,0,0,0,0,0
400513,1,1,0,0,0,0,0,0,0,0,0,0
400513,2,1,0,0,0,0,0,0,0,0,0,0
400514,0,1,0,0,0,0,0,0,0,0,0,0
400514,1,1,0,0,0,0,0,0,0,0,0,0
400515,1,1,0,0,0,0,0,0,0,0,0,0
400516,0,1,0,0,0,0,0,0,0,0,0,0
400516,1,1,0,0,0,0,0,0,0,0,0,0
400517,1,1,0,0,0,0,0,0,0,0,0,0
400518,1,1,0,0,0,0,0,0,0,0,0,0
400518,2,1,0,0,0,0,0,0,0,0,0,0
400519,1,1,0,0,0,0,0,0,0,0,0,0
400519,2,1,0,0,0,0,0,0,0,0,0,0
400520,1,1,0,0,0,0,0,0,0,0,0,0
400521,0,1,28,28,28,28,28,28,28,28,28,28
400521,1,1,0,0,0,17,0,0,0,0,0,0
400522,1,1,15,15,15,15,15,15,15,15,15,15
400523,1,1,0,0,0,0,0,0,0,0,0,0
400523,2,1,0,0,0,0,0,0,0,0,0,0
400524,1,1,0,0,0,0,0,0,0,14,0,7
400525,1,1,0,0,0,0,0,0,0,0,0,0
400525,2,1,0,0,0,0,0,0,0,0,0,0
400526,0,1,0,0,0,0,0,0,0,0,0,0
400526,1,1,0,0,3,0,0,10,0,0,0,0
400527,1,1,0,0,0,0,0,0,0,0,0,0
400528,1,1,0,0,0,0,0,0,0,0,0,0
400528,2,1,0,0,0,0,0,0,0,0,0,0
400529,0,1,33,33,33,33,33,33,33,33,33,33
400529,1,1,0,0,0,0,0,0,0,0,0,0
400530,1,1,0,0,0,0,0,0,0,0,0,0
400531,0,1,0,0,0,0,0,0,0,0,0,0
400531,1,1,19,0,0,0,0,0,0,0,0,29
400532,1,1,0,0,0,0,0,0,0,0,0,0
400533,1,1,24,24,24,24,24,24,24,24,24,24
400534,1,1,0,0,0,0,0,0,0,0,0,0
400534,2,1,0,0,0,0,0,0,0,0,0,0
400535,1,1,0,0,0,0,0,0,0,0,0,0
400536,1,1,0,0,0,0,0,0,0,0,0,0
400537,1,1,16,16,16,16,16,16,16,16,16,16
400537,2,1,0,0,0,0,0,0,0,0,0,0
400538,1,1,16,0,16,26,0,0,0,0,0,0
400539,1,1,0,0,0,0,0,0,0,0,0,0
400539,2,1,0,0,0,0,0,0,0,0,0,0
400540,0,1,14,14,14,14,14,14,14,14,14,14
400540,1,1,0,0,0,0,0,0,0,0,0,0
400541,0,1,9,9,9,9,9,9,9,9,9,9
400541,1,1,0,0,0,0,0,0,0,0,0,0
400542,1,1,0,0,0,0,0,0,0,0,0,0
400542,2,1,0,0,0,0,0,0,0,0,0,0
400543,1,1,0,0,0,0,0,0,0,0,0,0
400543,2,1,0,0,0,0,0,0,0,0,0,0
400544,1,1,0,0,0,0,0,0,0,0,0,0
400545,0,1,2,2,2,2,2,2,2,2,2,2
400545,1,1,0,29,11,0,0,0,0,0,0,0
400546,1,1,0,0,0,0,0,0,0,0,0,0
400547,1,1,5,0,0,0,0,10,21,0,0,0
400547,2,1,0,0,0,0,0,0,0,0,0,0
400548,1,1,0,0,0,0,0,0,0,0,0,0
400548,2,1,0,0,0,0,0,0,0,0,0,0
400548,3,1,0,0,0,0,0,0,0,0,0,0
400549,1,1,0,0,0,0,0,0,0,0,0,0
400549,2,1,0,0,0,0,0,0,0,0,0,0
400550,1,1,24,24,24,24,24,24,24,24,24,24
400550,2,1,0,0,0,0,0,0,0,0,0,0
400551,1,1,0,0,0,0,0,0,0,0,0,0
400551,2,1,0,0,0,0,0,0,0,0,0,0
400552,1,1,0,0,0,0,0,0,0,0,0,0
400552,2,1,0,0,0,0,0,0,0,0,0,0
400553,1,1,4,4,4,4,4,4,4,4,4,4
400554,1,1,0,0,0,0,0,0,0,0,0,0
400554,2,1,0,0,0,0,0,0,0,0,0,0
400555,1,1,0,0,0,0,0,0,0,0,0,0
400556,1,1,9,9,9,9,9,9,9,9,9,9
400557,1,1,0,0,0,0,0,0,0,0,0,0
400558,1,1,18,18,18,18,18,18,18,18,18,18
400559,1,1,0,0,0,0,0,0,0,0,0,0
400559,2,1,0,0,0,0,0,0,0,0,0,0
400560,1,1,0,0,0,0,0,0,0,0,0,0
400561,1,1,0,0,0,0,0,0,0,0,0,0
400561,2,1,0,0,0,0,0,0,0,0,0,0
400561,3,1,0,0,0,0,0,0,0,0,0,0
400562,1,1,0,0,0,0,0,0,0,0,0,0
400562,2,1,0,0,0,0,0,0,0,0,0,0
400562,3,1,0,0,0,0,0,0,0,0,0,0
400563,1,1,20,20,20,20,20,20,20,20,20,20
400564,1,1,0,0,0,0,0,0,0,0,0,0
400565,0,1,0,0,0,0,0,0,0,0,0,0
400565,1,1,0,0,0,0,0,5,12,0,0,0
400566,1,1,20,20,20,20,20,20,20,20,20,20
400566,2,1,0,0,0,0,0,0,0,0,0,0
400566,3,1,0,0,0,0,0,0,0,0,23,0
400567,1,1,0,0,0,0,0,0,0,0,0,0
400567,2,1,0,0,0,0,0,0,0,0,0,0
400567,3,1,0,0,0,0,0,0,0,0,0,0
400568,1,1,0,0,18,0,0,0,0,0,19,0
400568,2,1,0,0,0,0,0,0,0,0,0,0
400569,1,1,18,18,18,18,18,18,18,18,18,18
400570,1,1,0,0,20,12,6,0,16,0,0,0
400571,1,1,0,22,0,0,27,21,0,14,24,7
400572,1,1,0,0,0,0,0,0,0,0,0,0
400572,2,1,0,0,0,0,0,0,0,0,0,0
400573,1,1,0,0,0,0,0,0,0,0,0,0
400574,0,1,0,0,0,0,0,0,0,0,0,0
400574,0,2,0,0,0,0,0,0,0,0,0,0
400574,1,1,0,0,0,0,0,0,0,0,0,0
400575,1,1,0,0,0,0,0,0,0,0,0,0
400576,1,1,12,0,0,0,0,0,0,0,0,17
400576,2,1,0,0,0,0,0,0,0,0,0,0
400577,0,1,21,21,21,21,21,21,21,21,21,21
400577,1,1,0,0,0,0,0,0,0,0,0,0
400578,1,1,19,0,0,0,0,0,0,0,0,0
400578,2,1,0,0,0,0,0,0,0,0,0,0
400579,1,1,0,0,0,9,0,0,0,0,13,0
400579,2,1,0,0,0,0,0,0,0,0,0,0
400580,1,1,0,15,0,0,22,32,0,0,21,0
400581,0,1,31,0,7,0,0,13,0,17,0,13
400581,1,1,0,14,0,6,0,0,0,0,0,0
400582,1,1,0,0,0,0,0,0,0,0,0,0
400582,2,1,0,0,0,0,0,0,0,0,0,0
400583,1,1,0,0,0,0,0,0,0,0,0,0
400583,2,1,0,0,0,0,0,0,0,0,0,0
400584,1,1,22,22,22,22,22,22,22,22,22,22