ST_CASE,VEH_NO,PER_NO,P1,P2,P3,P4,P5,P6,P7,P8,P9,P10
420136,0,1,33,0,32,0,0,30,0,28,0,12
420136,1,1,0,0,0,0,0,0,0,0,0,0
420137,1,1,0,0,0,0,0,12,0,0,0,0
420137,2,1,0,0,0,0,0,0,0,0,0,0
420138,1,1,0,0,0,0,0,17,0,21,0,0
420139,0,1,0,0,0,0,0,0,0,0,0,0
420139,1,1,0,0,0,0,0,0,14,19,15,5
420140,1,1,0,0,0,0,0,0,0,0,0,0
420140,2,1,0,0,0,0,0,0,0,0,0,0
420141,1,1,0,0,0,0,0,0,0,0,0,0
420141,2,1,0,0,0,0,0,0,0,0,0,0
420142,1,1,0,0,0,0,0,9,18,12,0,0
420143,1,1,0,0,0,0,0,0,0,0,0,0
420144,1,1,18,18,18,18,18,18,18,18,18,18
420145,1,1,18,32,19,9,14,17,22,14,25,17
420146,1,1,0,0,0,0,0,0,0,0,0,0
420146,2,1,0,0,0,0,0,0,0,0,0,0
420146,3,1,0,0,0,0,0,0,0,0,0,0
420147,1,1,22,22,22,22,22,22,22,22,22,22
420148,1,1,0,0,0,0,0,0,0,0,0,0
420148,2,1,26,0,19,0,0,0,0,0,0,0
420148,3,1,0,0,0,0,0,0,0,0,0,0
420149,1,1,0,0,0,0,0,0,0,0,0,0
420150,1,1,3,3,3,3,3,3,3,3,3,3
420151,0,1,20,20,20,20,20,20,20,20,20,20
420151,1,1,0,0,0,0,0,0,0,0,0,0
420152,1,1,13,0,0,0,0,0,0,0,0,0
420153,0,1,0,0,0,0,0,0,0,0,0,0
420153,1,1,0,0,0,0,0,0,0,0,0,0
420154,1,1,13,0,0,0,0,0,0,0,0,23
420155,0,1,15,44,9,43,0,24,17,19,0,0
420155,1,1,0,0,11,12,0,0,0,0,0,0
420156,1,1,14,14,14,14,14,14,14,14,14,14
420157,0,1,0,0,0,0,0,0,0,0,0,0
420157,1,1,0,0,0,0,0,0,0,0,0,0
420158,1,1,19,19,19,19,19,19,19,19,19,19
420159,0,1,5,5,5,5,5,5,5,5,5,5
420159,1,1,0,0,0,0,7,0,0,0,0,0
420160,1,1,0,0,0,0,0,0,0,0,0,0
420161,0,1,18,18,18,18,18,18,18,18,18,18
420161,1,1,6,6,6,6,6,6,6,6,6,6
420162,1,1,0,0,0,0,0,0,0,0,14,0
420162,2,1,0,0,0,0,0,0,0,0,0,0
420163,1,1,0,0,0,0,0,0,0,0,0,0
420163,2,1,0,0,0,0,0,0,0,0,0,0
420164,1,1,0,0,26,0,0,0,0,0,0,11
420164,2,1,0,0,18,0,0,12,0,0,0,0
420165,1,1,0,0,0,0,0,0,0,0,0,0
420165,2,1,0,0,0,0,0,0,0,0,0,0
420166,1,1,0,0,0,0,0,0,28,0,0,0
420166,2,1,0,7,0,7,0,0,0,0,21,0
420167,1,1,23,0,48,0,27,15,17,0,0,8
420168,1,1,0,0,0,0,0,0,0,0,0,0
420168,2,1,0,0,0,0,0,15,0,0,0,0
420169,1,1,0,0,0,0,0,0,0,0,0,0
420170,1,1,16,16,16,16,16,16,16,16,16,16
420171,1,1,9,9,9,9,9,9,9,9,9,9
420171,2,1,0,0,0,0,0,0,0,0,0,0
420172,1,1,0,0,0,0,0,0,0,0,0,0
420172,2,1,0,0,0,0,0,0,0,0,0,0
420173,1,1,0,0,0,0,0,0,0,0,0,0
420173,2,1,0,0,0,0,0,0,0,0,0,0
420174,1,1,0,0,0,0,0,0,0,0,0,0
420175,1,1,0,0,0,0,0,0,0,0,0,0
420175,2,1,0,0,0,0,0,0,0,0,0,0
420176,1,1,15,15,15,15,15,15,15,15,15,15
420177,1,1,0,0,0,0,0,0,0,0,0,0
420178,1,1,0,0,0,0,0,0,0,0,0,0
420179,1,1,21,21,21,21,21,21,21,21,21,21
420180,1,1,0,0,0,0,0,0,0,0,0,0
420181,1,1,16,16,16,16,16,16,16,16,16,16
420182,1,1,3,27,29,16,20,34,21,0,0,0
420182,2,1,0,0,0,0,0,0,0,0,0,0
420182,3,1,0,0,0,0,0,0,0,0,0,24
420182,4,1,0,0,0,0,0,0,0,0,0,0
420183,1,1,13,13,13,13,13,13,13,13,13,13
420183,2,1,0,0,0,0,17,0,0,0,0,0
420184,0,1,7,7,7,7,7,7,7,7,7,7
420184,1,1,0,0,0,0,0,0,0,0,0,0
420185,0,1,0,14,8,29,0,0,0,13,0,12
420185,1,1,0,0,0,0,0,21,0,0,0,0
420186,1,1,6,6,6,6,6,6,6,6,6,6
420187,0,1,0,0,0,0,0,43,0,0,25,29
420187,1,1,0,0,0,0,0,0,0,0,0,0
420187,2,1,0,0,0,0,0,6,0,23,0,0
420188,0,1,10,10,10,10,10,10,10,10,10,10
420188,1,1,0,0,0,0,0,0,0,0,0,0
420189,1,1,12,12,12,12,12,12,12,12,12,12
420189,2,1,7,11,15,29,12,14,14,13,22,0
420190,1,1,6,6,6,6,6,6,6,6,6,6
420190,2,1,0,0,20,0,0,0,0,0,0,0
420191,1,1,0,0,0,16,0,0,0,0,0,0
420191,2,1,0,0,0,0,0,0,0,0,0,0
420192,0,1,0,0,0,0,33,0,0,0,19,26
420192,1,1,0,0,0,0,0,0,0,0,0,0
420193,1,1,0,0,0,0,0,0,0,0,0,0
420193,2,1,0,0,0,0,0,0,0,0,0,0
420194,1,1,8,8,8,8,8,8,8,8,8,8
420194,2,1,0,0,0,0,0,0,0,0,0,0
420195,1,1,19,19,19,19,19,19,19,19,19,19
420195,2,1,0,0,0,18,0,0,0,10,0,0
420196,1,2,0,0,0,0,0,0,0,0,0,0
420196,2,1,0,0,0,0,0,0,0,0,0,0
420197,1,1,0,0,0,0,0,0,0,0,0,0
420197,2,1,0,0,0,0,0,11,0,0,0,0
420198,1,1,0,0,0,0,3,0,0,4,0,0
420198,2,1,0,0,0,0,0,0,0,0,0,0
420199,1,1,2,2,2,2,2,2,2,2,2,2
420200,1,1,0,0,0,0,0,0,0,0,0,0
420200,2,1,0,0,0,0,0,0,0,0,0,0
420201,1,1,0,0,0,0,0,0,0,0,0,0
420201,2,1,0,0,0,0,0,0,0,12,0,0
420202,1,1,0,0,0,0,0,0,0,0,0,0
420202,2,1,0,0,0,0,0,0,0,0,0,0
420203,1,1,0,11,11,0,0,0,0,28,0,0
420204,1,1,0,0,0,0,0,0,0,0,0,0
420205,1,1,0,0,0,0,0,0,0,0,0,0
420206,1,1,15,15,15,15,15,15,15,15,15,15
420206,2,1,0,0,0,0,0,0,0,0,0,0
420207,1,1,0,0,0,0,0,0,0,0,0,0
420208,1,1,12,12,12,12,12,12,12,12,12,12
420209,1,1,0,0,0,0,5,11,0,17,0,0
420209,2,1,0,0,0,0,0,0,0,0,0,0
420210,1,1,0,0,0,0,0,0,0,0,0,0
420210,2,1,0,0,0,0,0,0,0,0,0,0
420211,1,1,0,0,0,8,0,0,0,0,0,6
420211,2,1,14,0,0,0,0,0,0,0,0,22
420212,1,1,0,0,0,0,0,0,0,0,0,0
420213,1,1,29,29,29,29,29,29,29,29,29,29
420214,1,1,0,0,0,0,0,0,0,0,0,0
420214,2,1,0,0,0,0,0,0,0,0,0,0
420215,1,1,0,0,0,0,0,0,0,0,0,0
420215,2,1,0,0,0,0,0,0,0,0,0,0
420216,1,1,3,3,3,3,3,3,3,3,3,3
420217,1,1,1,1,1,1,1,1,1,1,1,1
420218,1,1,0,0,0,0,0,10,11,0,0,4
420218,2,1,0,0,0,0,0,0,0,0,0,0
420219,1,1,0,0,0,0,0,0,0,0,0,0
420219,2,2,0,0,0,0,0,0,0,0,0,0
420219,3,1,0,0,0,0,0,0,0,0,0,0
420220,1,1,0,0,0,0,0,0,0,0,0,0
420221,1,1,0,0,0,0,0,0,0,0,0,0
420221,2,1,0,0,0,0,0,0,0,0,0,0
420222,0,1,0,0,0,0,0,0,0,0,0,0
420222,1,1,0,8,0,0,16,0,0,9,21,0
420223,1,1,0,0,7,0,0,0,8,0,0,0
420223,2,1,0,0,0,0,0,0,0,0,0,0
420224,1,1,0,0,0,0,0,0,0,0,0,0
420225,1,1,0,0,0,0,0,0,0,0,0,13
420225,2,1,0,0,0,0,0,0,0,0,0,0
420226,1,1,0,0,0,0,0,0,0,0,0,0
420226,2,1,0,0,0,0,0,0,0,0,0,0
420227,1,1,0,0,0,0,0,0,0,0,0,0
420228,1,1,2,2,2,2,2,2,2,2,2,2
420229,1,1,0,0,0,0,0,0,0,0,0,0
420230,1,1,10,0,11,20,17,23,0,14,9,7
420231,1,1,9,9,9,9,9,9,9,9,9,9
420232,1,1,35,22,25,12,12,20,17,18,4,6
420233,1,1,18,18,18,18,18,18,18,18,18,18
420234,1,1,0,6,4,0,0,0,0,9,24,0
420235,1,1,0,0,0,0,0,0,0,0,0,0
420235,2,1,0,0,0,0,0,0,0,0,0,0
420236,1,1,0,0,0,0,0,0,0,0,0,0
420236,2,1,0,0,0,0,0,0,0,0,0,0
420236,3,1,0,0,0,0,0,0,0,0,0,0
420237,1,1,17,21,5,21,7,6,13,12,9,12
420237,2,1,0,0,0,0,0,0,0,0,0,0
420237,3,1,0,0,16,0,0,23,0,0,0,10
420238,1,1,9,9,9,9,9,9,9,9,9,9
420239,1,1,0,0,0,0,0,0,0,0,0,0
420240,1,1,5,5,5,5,5,5,5,5,5,5
420241,1,1,27,27,27,27,27,27,27,27,27,27
420242,1,1,9,9,9,9,9,9,9,9,9,9
420243,1,1,0,0,0,0,0,0,0,0,0,0
420243,2,1,0,0,0,0,0,0,0,0,0,0
420244,1,1,9,9,9,9,9,9,9,9,9,9
420244,2,1,0,0,14,0,0,0,0,2,0,0
420245,1,1,0,0,0,0,0,0,0,0,0,0
420245,2,1,0,0,0,0,0,0,0,0,0,0
420246,1,1,0,0,0,0,0,0,0,0,0,0
420246,2,1,0,0,0,0,0,0,0,0,0,0
420247,1,1,4,11,6,5,0,12,4,18,16,26
420247,2,1,0,0,0,0,0,0,0,0,24,0
420248,0,1,0,0,32,34,0,21,0,0,0,0
420248,1,1,0,0,0,0,0,0,0,0,0,0
420249,1,1,0,0,0,0,0,0,0,0,0,0
420249,2,1,0,0,0,0,0,0,0,0,0,0
420250,1,1,0,0,0,0,0,0,0,0,0,0
420250,2,1,0,0,0,0,0,0,0,0,10,0
420251,1,1,0,0,0,0,0,0,0,32,0,0
420252,1,1,0,0,0,0,0,0,0,0,0,0
420252,2,1,0,0,0,0,0,0,0,0,0,0
420253,1,1,0,0,0,0,0,0,0,0,0,0
420253,2,1,10,0,0,0,0,0,0,0,0,0
420253,3,1,0,0,0,0,0,0,0,0,15,0
420254,1,1,0,0,0,0,0,37,0,0,19,9
420254,2,1,0,0,0,0,0,0,0,0,0,0
420254,3,1,0,0,0,0,0,10,0,0,0,0
420255,1,1,0,0,0,0,0,0,0,0,0,0
420255,2,1,0,0,0,0,0,0,0,0,0,0
420256,1,1,0,0,0,0,0,0,0,0,0,0
420256,2,1,0,0,0,0,0,0,0,0,0,0
420257,1,1,0,0,0,0,0,0,0,0,0,0
420257,2,1,0,0,0,0,0,0,0,0,0,0
420258,1,1,0,0,0,0,0,0,0,0,0,0
420258,2,1,0,0,0,0,0,0,0,0,0,0
420259,1,1,0,0,0,0,0,0,0,0,0,0
420260,1,1,0,0,0,0,0,0,0,0,0,0
420260,2,1,0,0,0,0,0,0,0,0,0,0
420261,1,1,0,0,0,0,0,0,0,0,0,0
420261,2,1,0,0,0,0,0,0,0,0,0,0
420262,1,1,0,0,0,0,0,0,0,0,22,0
420263,1,1,16,12,13,0,13,16,18,18,7,5
420264,1,1,0,0,0,0,0,0,0,0,0,0
420265,1,1,0,0,0,0,0,0,0,0,0,0
420265,2,1,0,0,0,0,0,0,0,0,0,0
420266,1,1,0,0,0,0,16,0,0,0,0,0
420266,2,1,0,0,0,10,0,0,0,0,0,0
420267,1,1,8,8,8,8,8,8,8,8,8,8
420268,1,1,9,16,21,4,30,12,18,4,25,17
420269,1,1,8,22,16,0,23,0,0,45,13,0
420270,1,1,0,0,0,0,0,0,0,0,0,0
420270,2,1,0,0,0,0,0,0,0,0,0,0
420271,1,1,15,15,15,15,15,15,15,15,15,15
420272,1,1,0,0,0,0,0,0,0,0,0,0
420273,1,1,0,0,0,0,0,0,0,0,0,0
420274,1,1,17,17,17,17,17,17,17,17,17,17
420275,1,1,0,0,0,0,0,0,0,0,0,0
420275,2,1,0,0,0,0,0,0,0,0,0,0
420275,3,1,0,0,0,6,0,0,0,0,0,0
420276,1,1,0,0,0,0,0,0,0,0,0,0
420276,2,1,0,0,0,0,0,0,0,0,24,0
420277,0,1,0,0,0,0,0,0,0,0,0,0
420277,1,1,0,0,0,0,0,0,0,0,0,0
420278,1,1,0,0,0,0,0,0,0,0,0,0
420278,2,1,0,0,0,0,0,0,0,0,0,0
420279,1,1,0,0,0,0,0,0,0,0,0,0
420279,2,1,0,0,0,0,0,0,0,0,0,0
420280,1,1,0,0,0,0,0,0,0,0,0,0
420281,1,1,36,29,14,15,0,5,21,16,0,0
420281,2,1,0,0,0,0,15,0,0,0,0,0
420282,0,1,0,0,22,0,0,0,0,0,0,0
420282,1,1,14,14,14,14,14,14,14,14,14,14
420283,1,1,0,0,36,0,0,0,0,0,0,14
420283,2,1,0,0,0,0,0,0,0,0,0,0
420284,1,1,30,30,30,30,30,30,30,30,30,30
420285,1,1,0,0,0,0,0,0,0,0,0,0
420286,0,1,0,0,0,0,0,0,0,0,0,0
420286,1,1,0,0,0,0,0,0,0,0,0,0
420287,1,1,0,0,0,0,0,0,0,0,0,0
420287,2,1,0,13,0,0,0,22,9,0,19,0
420288,1,1,0,0,0,0,0,0,0,0,0,0
420289,1,1,17,19,17,22,0,13,33,16,16,20
420290,1,1,0,0,0,0,0,0,0,0,0,0
420290,2,1,0,0,0,0,0,0,0,0,0,0
420291,1,1,9,9,9,9,9,9,9,9,9,9
420292,1,1,33,0,25,21,28,18,0,27,10,28
420292,2,1,0,0,0,19,0,0,13,0,0,0
420293,1,1,21,0,0,0,0,7,0,0,0,0
420293,2,1,0,15,0,33,0,0,0,0,13,0
420294,0,1,0,0,0,0,0,0,0,0,0,0
420294,1,1,0,0,0,0,0,0,0,0,0,0
420295,0,1,0,0,0,0,0,0,0,0,0,0
420295,1,1,0,0,0,0,0,0,0,0,0,0
420296,1,1,0,0,0,0,0,0,0,0,0,0
420297,0,1,0,0,0,0,0,10,0,0,0,5
420297,1,1,0,0,0,0,0,0,0,0,0,0
420298,1,1,0,0,0,0,0,0,0,0,0,0
420298,2,1,0,0,0,0,0,0,0,0,0,0
420299,1,1,13,0,0,6,29,28,30,0,0,8
420300,1,1,0,0,0,0,0,0,0,0,0,0
420301,1,1,0,0,0,0,0,0,0,0,0,0
420301,2,1,0,0,0,0,0,0,0,0,0,0
420302,1,1,24,24,24,24,24,24,24,24,24,24
420303,1,1,0,0,0,0,0,0,0,0,0,0
420303,2,1,0,0,0,0,0,0,0,0,0,0
420304,1,1,0,0,0,0,0,0,0,0,0,0
420304,2,1,0,0,0,0,0,0,0,0,0,0
420305,1,1,13,13,13,13,13,13,13,13,13,13
420306,1,1,23,23,23,23,23,23,23,23,23,23
420307,1,1,31,0,0,0,0,0,0,11,0,0
420308,1,1,0,0,0,0,0,0,0,0,0,0
420308,2,1,14,14,14,14,14,14,14,14,14,14
420309,1,1,0,0,0,0,0,0,0,0,0,0
420309,2,1,0,0,0,0,0,0,0,0,0,0
420310,1,1,0,0,0,0,0,0,0,0,0,0
420311,1,1,17,17,17,17,17,17,17,17,17,17
420312,1,1,0,0,0,0,0,0,0,0,0,0
420313,1,1,0,0,0,0,0,0,0,0,0,0
420313,2,1,0,0,0,0,0,0,0,0,0,0
420313,3,1,0,0,0,0,0,0,0,0,0,0
420314,1,1,18,18,18,18,18,18,18,18,18,18
420314,2,1,0,0,0,0,0,0,0,0,0,0
420315,0,1,0,0,16,0,4,0,0,0,30,0
420315,1,1,0,0,0,0,0,0,0,0,0,0
420316,1,1,0,0,0,0,0,0,0,0,0,0
420316,2,1,0,0,0,0,0,0,0,0,0,0
420317,1,1,0,0,0,0,0,0,0,0,0,0
420318,1,1,9,9,9,9,9,9,9,9,9,9
420319,1,1,0,0,0,0,0,0,0,0,0,0
420320,1,1,0,0,0,0,0,0,0,0,0,0
420320,2,1,0,0,0,0,0,0,0,0,0,0
420321,1,1,0,8,3,25,24,25,14,7,26,7
420322,1,1,0,0,0,0,0,0,0,0,0,0
420323,1,1,20,20,20,20,20,20,20,20,20,20
420324,1,1,0,0,0,0,0,0,0,0,0,0
420325,1,1,19,19,19,19,19,19,19,19,19,19
420326,1,1,0,0,38,9,0,0,0,19,8,0
420327,1,1,15,15,15,15,15,15,15,15,15,15
420328,1,1,15,15,15,15,15,15,15,15,15,15
420329,1,1,29,0,0,0,0,0,0,0,0,0
420329,2,1,0,0,16,0,0,20,0,17,0,0
420330,1,1,0,0,0,0,0,0,0,0,0,0
420330,2,1,0,0,0,0,0,0,0,0,0,0
420331,1,1,0,0,0,0,0,0,0,0,0,0
420332,1,1,5,5,5,5,5,5,5,5,5,5
420333,1,1,24,0,0,0,0,0,0,0,0,0
420333,2,1,0,0,0,0,0,0,0,0,0,0
420334,1,1,0,0,0,0,0,0,0,0,0,0
420334,2,1,0,0,0,0,0,0,0,0,0,0
420335,1,1,9,0,6,10,19,20,0,7,7,0
420336,1,1,0,0,0,0,0,0,0,0,0,0
420336,2,1,0,0,0,0,0,0,0,0,0,0
420337,1,1,0,0,0,0,0,0,0,0,0,0
420338,1,1,12,12,12,12,12,12,12,12,12,12
420338,2,1,0,0,0,0,0,0,29,0,0,0
420339,1,1,24,24,24,24,24,24,24,24,24,24
420340,1,1,0,0,0,0,0,0,0,0,0,0
420341,1,1,0,0,0,0,0,0,0,0,0,0
420341,2,1,0,0,0,0,0,0,0,0,0,0
420342,1,1,0,0,0,0,0,0,0,0,0,0
420342,2,1,0,0,0,0,0,0,0,0,0,0
420343,1,1,0,0,0,0,0,0,0,0,0,0
420343,2,1,0,0,0,0,0,0,0,0,0,0
420344,1,1,0,0,0,0,0,0,0,0,0,0
420345,1,1,4,4,4,4,4,4,4,4,4,4
420345,2,1,14,0,8,10,8,2,14,20,0,0
420346,1,1,0,0,0,0,0,0,0,0,0,0
420346,2,1,0,0,0,0,0,0,0,0,0,0
420347,1,1,20,14,0,0,0,0,0,0,0,22
420347,2,1,0,0,0,0,0,0,0,0,0,0
420348,1,1,0,0,0,0,0,0,0,0,0,0
420348,2,1,0,0,0,0,18,0,0,30,0,0
420349,1,1,0,0,0,0,0,0,0,0,0,0
420349,2,1,0,0,0,0,0,0,0,0,0,0
420350,1,1,0,0,0,0,0,0,0,0,0,0
420350,2,1,0,0,0,0,0,0,0,0,0,0
420351,1,1,0,0,0,0,0,0,0,0,0,0
420352,1,1,0,19,24,0,17,0,12,7,23,8
420353,1,1,9,9,9,9,9,9,9,9,9,9
420354,1,1,0,0,0,0,0,0,0,0,0,0
420354,2,1,0,0,0,0,0,0,0,0,0,0
420355,1,1,0,0,0,0,0,0,0,0,9,0
420355,2,1,0,0,0,0,0,0,0,0,0,0
420356,1,1,0,0,0,13,0,0,0,14,0,9
420356,2,1,0,0,0,0,0,0,0,0,0,0
420356,3,1,0,0,0,0,0,0,0,0,0,0
420356,4,1,0,0,0,0,0,0,0,0,0,0
420357,1,1,0,0,0,0,0,0,0,0,0,0
420357,2,1,0,0,0,0,0,0,0,0,0,0
420357,3,1,0,21,0,11,0,0,0,0,0,0
420358,0,1,0,39,14,0,0,0,0,0,0,0
420358,1,1,0,0,14,0,0,0,0,0,0,0
420359,1,1,22,22,22,22,22,22,22,22,22,22
420359,2,1,0,0,0,0,0,0,0,0,0,0
420360,1,1,16,8,14,14,19,10,16,18,32,7
420360,2,1,0,0,0,0,0,0,0,0,0,0
420361,1,1,0,0,0,0,0,0,0,0,0,0
420361,2,1,0,0,0,0,0,0,0,0,0,0
420362,1,1,0,0,0,0,0,0,0,0,0,0
420363,1,1,0,0,0,0,0,0,0,0,0,0
420364,0,1,0,0,0,0,0,0,0,0,0,0
420364,0,2,0,0,0,0,0,0,0,0,0,0
420364,1,1,0,0,0,0,0,0,0,0,0,0
420365,1,1,0,0,0,0,0,0,0,0,0,0
420365,2,1,0,0,0,0,0,0,0,0,0,0
420366,1,1,0,0,0,0,0,0,0,0,0,0
420366,2,1,0,0,0,0,0,0,0,0,0,0
420367,1,1,0,0,0,0,0,0,0,0,0,0
420367,2,1,0,0,0,0,0,0,0,0,0,0
420368,1,1,0,0,0,0,0,0,0,0,0,0
420369,0,1,0,0,0,0,0,0,0,0,0,0
420369,1,1,0,0,0,0,0,0,0,0,0,0
420370,1,1,17,6,9,11,11,3,12,17,7,24
420371,1,1,10,0,18,0,0,0,0,8,0,0
420371,2,1,0,0,0,0,0,0,0,7,0,0
420372,1,1,0,0,0,0,0,0,0,0,0,0
420372,2,1,0,0,0,0,0,0,0,0,0,0
420373,1,1,23,14,15,5,9,42,9,17,25,23
420374,1,1,6,0,20,0,0,0,0,18,0,0
420374,2,1,3,3,3,3,3,3,3,3,3,3
420374,3,1,15,0,12,0,0,0,0,0,0,0
420374,5,1,0,0,0,0,31,0,0,0,0,0
420375,1,1,0,0,0,0,0,0,0,0,0,0
420376,1,1,0,0,0,0,0,0,0,0,0,0
420376,2,1,0,0,0,0,0,0,0,0,0,0
420376,3,1,0,0,0,0,0,0,0,0,0,0
420377,1,1,20,20,20,20,20,20,20,20,20,20
420378,1,1,0,0,0,0,0,0,0,0,0,0
420379,0,1,27,0,0,0,0,0,0,11,0,0
420379,1,1,0,0,0,0,0,0,0,0,0,0
420380,1,1,21,21,21,21,21,21,21,21,21,21
420381,0,1,3,3,3,3,3,3,3,3,3,3
420381,1,1,0,0,0,0,0,0,17,0,9,10
420382,0,1,0,0,0,0,0,0,0,0,0,0
420382,1,1,0,0,0,0,0,0,0,0,0,0
420383,1,1,0,0,0,0,0,0,0,0,0,0
420383,2,1,0,0,0,0,0,0,0,0,0,0
420384,1,1,0,0,0,0,0,0,0,0,0,0
420384,2,1,0,0,0,0,0,0,0,0,0,0
420385,1,1,12,12,12,12,12,12,12,12,12,12
420385,2,1,0,0,0,0,0,0,0,0,0,0
420386,1,1,0,0,0,0,0,0,0,0,0,0
420386,2,1,0,0,0,0,0,0,0,9,0,0
420387,1,1,0,0,0,0,0,0,0,0,0,0
420388,1,1,0,0,0,0,0,0,0,0,0,13
420388,2,1,0,0,0,0,0,0,0,0,0,0
420389,1,1,17,17,17,17,17,17,17,17,17,17
420390,1,1,30,30,30,30,30,30,30,30,30,30
420390,2,1,0,0,0,0,0,0,0,0,0,0
420391,0,1,0,26,0,0,35,0,12,0,0,0
420391,1,1,0,19,0,0,0,0,0,0,0,0
420392,1,1,0,0,0,0,0,20,0,0,0,0
420392,2,1,0,0,0,0,0,0,0,0,0,0
420393,1,1,0,0,24,0,0,0,0,0,0,0
420393,2,1,0,0,0,0,0,6,0,0,0,0
420394,1,1,0,0,0,0,0,0,0,0,0,0
420394,2,1,0,0,21,0,0,0,0,0,0,0
420395,1,1,0,0,0,0,0,0,0,0,0,0
420395,2,1,0,0,0,0,0,0,0,0,0,0
420396,1,1,0,0,0,0,0,0,0,0,0,0
420396,2,1,0,0,0,0,0,0,0,0,0,0
420397,1,1,0,0,0,0,0,0,12,0,0,0
420398,1,1,13,0,12,9,17,0,12,8,23,0
420399,1,1,33,33,33,33,33,33,33,33,33,33
420400,1,1,0,0,0,0,0,0,0,0,0,0
420400,2,1,0,0,0,0,0,0,0,0,0,0
420401,1,1,18,0,15,28,0,0,0,13,0,14
420401,2,1,0,0,0,0,0,0,0,0,0,0
420402,0,1,0,0,0,0,0,0,0,0,0,0
420402,1,1,0,0,0,0,0,0,0,0,0,0
420403,0,1,0,0,0,0,0,0,0,0,0,0
420403,1,1,0,11,0,0,0,0,0,0,0,0
420404,0,1,0,0,0,0,0,0,0,0,0,0
420404,1,1,0,0,0,0,0,0,0,0,0,0
420405,1,1,0,0,0,0,0,0,0,0,0,0
420406,1,1,14,11,16,14,10,16,11,34,19,0
420407,1,1,16,16,16,16,16,16,16,16,16,16
420408,0,1,0,0,0,0,0,0,0,0,0,24
420408,1,1,0,0,0,0,0,9,0,0,0,0
420409,1,1,0,0,0,0,0,0,0,0,0,0
420409,2,1,0,0,0,0,0,0,0,0,0,0
420410,1,1,0,0,25,15,23,0,0,11,13,0
420410,2,1,0,0,0,0,0,0,0,0,0,0
420411,1,1,0,0,0,0,0,0,0,0,0,0
420412,1,1,0,0,0,0,0,0,0,0,0,0
420412,2,1,3,0,0,0,0,0,0,0,0,0
420412,3,1,0,0,0,0,0,0,0,0,0,0
420412,4,1,0,23,0,20,0,13,0,0,6,0
420412,5,1,0,0,0,0,0,0,0,0,0,0
420412,6,1,0,0,0,0,0,0,0,0,26,0
420413,1,1,0,0,0,0,0,0,0,0,0,0
420414,1,1,0,0,0,0,0,0,0,0,0,0
420415,1,1,0,0,0,0,0,0,0,0,0,0
420415,2,1,0,0,0,0,0,0,0,0,0,0
420415,3,1,0,0,0,0,0,0,0,0,0,0
420415,4,1,0,0,0,0,0,0,3,0,0,0
420415,5,1,0,0,0,0,0,0,0,0,0,0
420415,6,1,0,0,0,0,0,0,23,0,0,0
420415,7,1,0,0,0,0,35,0,0,0,0,0
420415,8,1,0,0,0,0,0,0,0,0,0,0
420415,9,1,0,0,0,0,0,0,0,0,0,0
420415,10,1,0,0,0,0,0,0,0,0,0,0
420415,11,1,0,0,0,0,0,0,0,0,0,0
420415,12,1,0,0,0,0,0,0,0,0,0,0
420415,13,1,0,0,0,0,0,0,0,0,0,0
420415,14,1,0,0,0,0,0,0,0,0,0,0
420415,15,1,0,0,0,0,0,0,0,0,0,0
420415,16,1,0,0,0,0,0,0,0,0,0,0
420415,17,1,0,0,0,0,0,0,0,0,0,0
420415,18,1,0,0,0,0,0,0,0,0,0,0
420415,19,1,0,0,0,0,0,0,0,0,0,0
420415,20,1,0,0,0,0,0,0,0,0,0,0
420415,21,1,0,0,0,0,0,0,0,0,0,0
420415,22,1,0,0,0,0,0,0,0,0,0,0
420415,23,1,0,0,0,0,0,0,0,0,0,0
420415,24,1,0,0,0,0,0,0,0,0,0,0
420416,1,1,0,0,0,0,0,0,0,0,0,0
420416,2,1,0,0,0,0,0,0,0,0,0,0
420417,1,1,0,0,0,0,0,0,0,0,0,0
420417,2,1,0,0,0,0,0,0,0,0,0,0
420418,1,1,0,0,0,0,0,17,0,0,0,0
420418,2,1,0,0,0,0,0,0,0,0,0,0
420419,1,1,0,0,0,0,0,0,0,0,0,0
420420,1,1,0,0,0,0,0,0,0,0,0,0
420421,1,1,0,0,0,0,0,0,0,0,0,0
420421,2,1,0,0,0,0,0,0,0,0,0,0
420422,1,1,0,0,0,0,0,0,0,0,0,0
420422,2,1,0,0,0,0,0,0,0,0,0,0
420423,1,1,27,22,49,13,35,40,37,18,18,20
420424,1,1,0,0,0,0,0,0,0,0,0,0
420424,2,1,0,0,0,11,0,0,0,0,0,0
420425,1,1,29,19,25,31,24,33,17,22,14,25
420426,0,1,0,0,0,0,0,0,0,0,0,0
420426,1,1,0,0,0,0,0,0,0,0,0,0
420427,1,1,0,22,0,0,8,0,0,0,0,0
420428,1,1,0,0,0,0,0,0,0,0,0,0
420429,1,1,0,0,0,0,0,0,0,0,0,0
420430,1,1,17,17,17,17,17,17,17,17,17,17
420431,1,1,15,26,14,0,19,31,28,0,0,15
420432,1,1,0,0,36,0,0,0,0,0,0,0
420433,1,1,0,0,0,0,0,0,0,0,0,0
420433,2,1,0,0,9,0,0,0,0,0,0,0
420434,1,1,0,0,0,0,0,0,0,0,0,0
420434,2,1,0,0,0,0,0,0,0,0,0,0