ST_CASE,VEH_NO,PER_NO,P1,P2,P3,P4,P5,P6,P7,P8,P9,P10
450538,0,1,0,0,0,0,0,0,0,0,0,0
450538,1,1,0,0,0,0,0,0,0,19,0,0
450539,1,1,0,0,0,0,0,0,0,0,0,0
450539,2,1,17,17,17,17,17,17,17,17,17,17
450539,3,1,0,0,0,0,0,0,0,0,0,0
450540,1,1,0,0,0,0,0,0,0,0,0,0
450540,2,1,0,0,0,0,0,0,0,0,0,0
450541,1,1,20,20,20,20,20,20,20,20,20,20
450542,1,1,7,7,7,7,7,7,7,7,7,7
450543,1,1,0,20,0,0,0,0,0,0,0,0
450543,2,1,0,0,0,0,0,18,0,0,0,0
450544,1,1,0,0,0,0,0,0,0,0,0,0
450545,0,1,10,10,10,10,10,10,10,10,10,10
450545,1,1,0,0,0,0,0,4,0,0,0,19
450546,1,1,0,0,0,0,0,0,0,0,0,0
450546,2,1,0,0,0,0,0,0,0,0,0,0
450547,1,1,0,0,0,0,0,0,0,0,0,0
450548,1,1,0,0,0,0,0,0,0,0,0,0
450548,2,1,0,0,0,0,0,0,0,0,0,0
450549,1,1,0,0,0,0,0,0,0,0,9,0
450549,2,1,0,0,0,0,0,0,0,0,0,0
450550,1,1,0,0,0,0,0,0,0,0,0,0
450551,0,1,0,0,0,0,0,0,0,0,0,0
450551,1,1,0,0,0,0,0,0,0,0,0,0
450552,1,1,2,0,0,0,0,0,0,14,0,0
450552,2,1,16,16,16,16,16,16,16,16,16,16
450553,1,1,0,0,22,0,0,0,0,0,0,0
450553,2,1,0,0,0,0,0,0,0,0,0,0
450553,3,1,0,0,0,0,0,0,0,0,0,0
450554,1,1,20,25,16,5,14,23,24,22,0,7
450554,2,1,0,0,0,0,0,0,0,0,0,0
450555,1,1,0,0,0,0,0,0,0,0,0,0
450556,1,1,0,0,0,0,0,0,0,0,0,10
450557,1,1,10,0,0,0,0,0,0,0,0,0
450558,0,1,0,0,20,0,0,0,0,0,0,25
450558,0,2,0,21,0,0,0,0,0,0,0,0
450558,1,1,0,0,0,0,6,0,0,0,21,0
450559,1,1,16,16,16,16,16,16,16,16,16,16
450560,0,1,24,24,24,24,24,24,24,24,24,24
450560,1,1,0,0,0,0,0,0,0,16,0,0
450560,2,1,0,0,0,6,8,0,0,0,0,0
450560,3,1,0,0,0,20,0,24,0,0,0,0
450561,0,1,0,0,0,0,0,0,36,0,0,0
450561,0,2,0,33,0,6,26,0,0,0,0,21
450561,0,3,0,0,0,0,0,0,0,0,0,0
450561,0,4,0,0,0,0,0,0,0,0,0,0
450561,1,1,0,0,0,7,0,0,0,0,0,0
450562,1,1,0,0,0,0,0,0,0,0,0,0
450563,1,1,1,1,1,1,1,1,1,1,1,1
450564,1,1,0,0,0,0,19,0,17,0,0,0
450564,2,1,0,0,0,0,0,0,0,0,0,0
450565,1,1,33,33,33,33,33,33,33,33,33,33
450566,1,1,0,0,0,0,0,0,0,0,0,0
450566,2,1,1,1,1,1,1,1,1,1,1,1
450567,0,1,0,0,0,0,0,0,0,0,0,0
450567,1,1,0,0,0,0,0,0,0,0,0,0
450568,1,1,9,0,0,0,0,0,0,0,0,0
450569,1,1,0,0,0,0,0,0,0,0,0,0
450569,2,1,0,0,0,0,0,0,0,0,0,0
450569,3,1,0,0,0,0,0,0,0,0,0,0
450570,0,1,0,0,0,0,0,0,0,0,0,0
450570,1,1,0,0,9,0,0,0,0,0,0,0
450571,1,1,0,0,0,0,0,0,0,0,0,0
450572,0,1,27,27,27,27,27,27,27,27,27,27
450572,1,1,16,0,0,0,0,0,0,0,0,0
450573,1,1,12,12,12,12,12,12,12,12,12,12
450574,1,1,0,0,0,0,0,0,0,0,0,0
450574,2,1,0,0,0,0,0,0,0,0,0,0
450575,0,1,0,0,0,0,0,0,0,0,0,0
450575,1,1,0,0,0,0,0,0,0,0,0,0
450575,2,1,0,0,0,0,0,0,0,0,0,0
450576,1,1,0,33,0,0,0,0,0,0,0,0
450576,2,1,0,0,0,0,0,0,0,0,0,0
450577,1,1,9,16,23,25,17,9,14,18,24,7
450577,2,1,10,0,0,0,0,0,0,0,0,0
450578,1,1,0,0,0,0,0,0,0,0,0,0
450580,1,1,0,0,0,0,0,0,0,0,0,0
450580,2,1,0,0,0,0,0,0,0,0,0,0
450580,3,1,0,0,0,0,0,0,0,0,0,0
450581,1,1,0,23,0,0,0,0,0,0,0,0
450581,2,1,0,0,0,0,0,0,22,0,0,0
450582,1,1,0,0,0,0,0,0,0,0,0,0
450583,1,1,0,0,0,0,0,32,0,0,0,0
450583,2,1,0,0,0,3,0,0,0,0,0,0
450584,1,1,7,7,7,7,7,7,7,7,7,7
450584,2,1,0,0,0,0,0,0,0,0,0,6
450584,3,1,0,0,0,0,0,15,0,0,0,0
450585,1,1,0,0,0,0,0,0,0,0,0,0
450586,1,1,6,6,6,6,6,6,6,6,6,6
450586,2,1,0,24,0,0,0,0,0,0,0,0
450587,1,1,0,0,0,0,0,0,0,0,0,0
450587,2,1,12,0,0,31,0,0,0,0,0,0
450588,1,1,0,0,0,0,20,0,0,0,0,0
450588,2,1,0,0,0,0,0,0,0,0,0,0
450588,3,1,0,0,0,0,0,0,0,0,0,0
450589,0,1,0,0,0,0,0,0,0,0,0,0
450589,1,1,0,0,0,0,0,0,0,0,0,0
450590,1,1,0,0,0,0,0,0,0,16,0,0
450590,2,1,0,0,0,0,12,0,0,0,0,0
450591,1,1,0,0,0,0,0,0,0,0,0,0
450592,1,1,0,0,0,0,0,0,0,0,0,0
450592,2,1,4,0,15,0,0,0,26,0,0,11
450592,3,1,0,0,0,0,0,0,0,0,0,0
450593,1,1,0,0,0,0,0,0,0,0,0,0
450593,2,1,15,15,15,15,15,15,15,15,15,15
450594,1,1,17,17,17,17,17,17,17,17,17,17
450595,1,1,17,0,0,0,0,0,0,0,10,20
450596,1,1,0,0,0,0,0,0,18,0,0,5
450596,2,1,0,0,0,0,0,0,0,0,17,10
450597,1,1,0,0,0,0,0,0,0,0,0,0
450597,2,1,0,0,0,0,0,0,0,0,0,0
450597,3,1,0,0,0,0,0,0,0,0,0,0
450598,1,1,36,36,36,36,36,36,36,36,36,36
450599,1,1,7,7,7,7,7,7,7,7,7,7
450600,0,1,0,0,0,0,0,0,0,0,0,0
450600,1,1,0,0,0,0,0,0,0,0,0,0
450600,2,1,0,0,0,0,0,0,0,0,0,0
450601,1,1,0,0,0,0,0,0,0,0,0,0
450601,2,1,0,0,0,0,0,0,0,0,0,0
450602,1,1,0,0,0,0,0,0,0,0,0,0
450604,1,1,0,0,0,0,0,0,0,0,0,0
450604,2,1,0,14,0,0,0,0,0,0,0,0
450605,0,1,11,11,11,11,11,11,11,11,11,11
450605,1,1,0,0,0,0,0,0,0,0,7,22
450606,1,1,14,14,14,14,14,14,14,14,14,14
450607,1,1,0,0,0,0,0,0,0,0,0,0
450607,2,1,0,0,0,0,0,0,0,0,0,0
450608,0,1,0,0,0,0,0,0,0,0,0,0
450608,1,1,0,0,0,0,22,0,0,0,0,0
450609,1,1,0,0,0,0,0,0,0,0,0,0
450609,2,1,0,0,0,0,0,0,0,0,0,0
450610,1,1,0,0,0,0,0,0,0,0,0,0
450610,2,1,0,0,0,0,0,0,0,0,0,0
450611,0,1,14,14,14,14,14,14,14,14,14,14
450611,1,1,0,0,0,0,0,0,0,0,0,0
450611,2,1,0,0,10,0,0,0,0,0,0,0
450612,1,1,0,0,0,0,0,0,0,0,0,0
450612,2,1,0,0,0,0,0,0,0,0,0,0
450613,1,1,0,0,0,0,0,0,0,0,0,0
450613,2,1,0,0,0,0,0,0,0,0,0,0
450614,0,1,0,0,0,0,0,0,0,0,0,0
450614,1,1,0,0,0,0,0,0,0,0,0,0
450615,1,1,15,15,15,15,15,15,15,15,15,15
450616,1,1,0,0,0,0,0,0,0,0,0,0
450616,2,1,0,0,0,0,0,0,0,0,0,0
450617,1,1,0,0,0,0,0,0,0,0,0,0
450617,2,1,0,0,0,0,0,0,0,0,0,0
450618,1,1,9,9,9,9,9,9,9,9,9,9
450619,1,1,0,19,0,0,0,0,25,0,0,0
450619,2,1,0,0,0,0,0,0,0,0,0,0
450620,1,1,0,0,0,0,0,0,0,0,0,0
450620,2,1,0,0,0,0,0,0,0,0,0,0
450621,1,1,0,0,0,0,0,0,0,0,0,0
450621,2,1,0,0,0,0,0,0,0,0,0,0
450622,1,1,0,0,0,0,0,0,0,0,0,0
450622,2,1,0,0,0,0,0,0,0,0,0,0
450623,1,1,0,0,0,0,0,0,0,0,0,0
450623,2,1,0,0,0,0,0,0,0,0,0,0
450624,1,1,0,0,0,0,0,0,0,0,0,0
450625,0,1,0,0,0,0,0,0,0,0,0,0
450625,1,1,0,0,0,0,0,0,0,0,5,0
450626,0,1,32,32,32,32,32,32,32,32,32,32
450626,1,1,21,0,0,0,0,0,0,0,0,0
450627,1,1,20,0,11,0,12,0,0,0,0,0
450628,1,1,0,0,0,0,0,0,0,0,0,0
450628,2,1,0,0,0,0,0,0,0,0,0,0
450629,1,1,0,0,0,0,0,0,0,0,0,0
450629,2,1,2,2,2,2,2,2,2,2,2,2
450630,1,1,0,0,0,0,0,0,0,0,0,0
450630,2,1,6,0,0,0,0,0,0,0,0,0
450630,3,1,0,0,0,0,0,0,0,0,0,0
450631,1,1,0,18,0,0,0,26,0,0,0,0
450632,1,1,0,0,0,0,0,0,0,0,0,0
450633,1,1,6,6,6,6,6,6,6,6,6,6
450633,2,1,0,0,0,0,0,0,7,5,0,0
450634,1,1,0,0,0,0,0,0,0,0,0,0
450634,2,1,0,0,0,0,0,0,0,0,0,0
450634,3,1,0,0,0,0,0,0,0,0,0,0
450634,4,1,0,0,0,0,0,0,0,0,0,0
450635,1,1,13,13,13,13,13,13,13,13,13,13
450636,1,1,0,0,0,0,0,0,0,0,0,0
450636,2,1,0,0,0,0,0,0,0,0,0,0
450637,1,1,0,0,0,0,0,0,0,0,0,0
450637,2,1,0,0,0,0,0,0,0,0,0,0
450637,3,1,0,0,0,0,0,12,0,0,0,0
450638,0,1,0,0,0,0,0,0,0,0,0,0
450638,3,1,0,0,0,0,0,0,0,0,0,0
450639,0,1,0,0,0,0,0,0,0,0,0,0
450639,1,1,0,0,0,0,0,0,0,0,0,0
450640,1,1,0,0,17,2,34,0,0,0,0,0
450641,1,1,15,15,15,15,15,15,15,15,15,15
450642,0,1,0,0,0,0,0,0,0,0,0,0
450642,1,1,0,0,0,0,0,0,0,0,0,0
450643,0,1,0,28,0,15,0,15,50,0,0,24
450643,1,1,0,0,0,0,0,0,0,0,0,0
450644,1,1,0,0,0,24,0,19,0,0,0,0
450645,1,1,0,0,0,0,0,0,0,0,0,0
450645,2,1,0,0,0,0,0,0,0,0,0,0
450646,0,1,30,30,30,30,30,30,30,30,30,30
450646,1,1,0,0,0,0,0,0,0,0,0,0
450647,1,1,0,0,0,0,0,0,0,0,0,0
450647,2,1,0,0,0,3,0,0,0,0,0,0
450648,0,1,0,0,0,0,0,0,0,0,0,0
450648,1,1,18,14,22,16,9,30,11,35,14,19
450649,1,1,17,17,17,17,17,17,17,17,17,17
450650,1,1,15,15,15,15,15,15,15,15,15,15
450651,1,1,0,0,0,0,0,0,0,0,0,0
450651,2,1,0,0,0,0,0,0,0,0,0,0
450652,1,1,0,0,0,14,0,14,0,0,0,0
450652,2,1,0,0,0,0,0,0,0,0,0,0
450653,1,1,0,0,0,0,0,0,29,0,0,0
450653,2,1,19,19,19,19,19,19,19,19,19,19
450654,0,1,0,0,0,0,0,0,0,0,0,0
450654,1,1,0,0,0,0,0,0,0,0,0,0
450655,1,1,0,0,0,0,0,0,0,0,0,0
450655,2,1,0,0,0,0,0,0,0,0,0,0
450656,0,1,0,0,0,0,0,0,0,0,0,0
450656,1,1,0,0,0,0,0,0,0,0,0,0
450657,1,1,0,0,0,0,0,0,0,0,0,0
450657,2,1,0,0,0,0,0,0,0,0,0,0
450658,1,1,0,0,36,0,0,0,11,0,0,0
450659,1,1,0,0,0,0,0,0,0,11,0,0
450660,1,1,0,0,0,0,0,0,0,0,0,0
450661,1,1,0,0,0,0,0,0,0,0,0,0
450662,1,1,0,0,0,0,0,0,0,0,0,0
450662,2,1,14,0,0,29,3,27,9,13,27,20
450663,1,1,0,0,0,0,0,0,0,0,0,0
450663,2,1,0,0,0,0,0,0,0,0,0,0
450664,1,1,0,0,0,0,0,0,0,0,0,0
450664,2,1,0,0,0,0,0,0,0,0,0,0
450665,1,1,0,0,0,0,0,0,0,0,0,0
450665,2,1,0,0,0,0,0,0,0,0,0,0
450666,1,1,0,0,0,0,0,0,0,0,0,0
450667,0,1,0,0,0,0,0,0,0,0,0,0
450667,1,1,0,0,0,0,0,0,24,0,0,0
450668,1,1,0,0,0,0,0,0,0,0,0,0
450668,2,1,0,0,0,0,0,0,0,0,0,0
450669,1,1,0,22,0,0,0,0,0,0,0,0
450669,2,1,0,0,0,0,0,0,0,0,0,0
450670,1,1,3,3,3,3,3,3,3,3,3,3
450670,2,1,0,0,0,0,0,0,13,0,0,0
450671,1,1,0,0,0,0,0,0,0,0,0,0
450671,2,1,0,0,0,0,0,0,0,0,0,0
450672,1,1,0,0,0,0,0,0,0,0,0,0
450672,2,1,0,0,0,0,0,0,0,0,0,0
450673,1,1,0,0,0,0,0,0,0,0,0,0
450674,1,1,24,6,17,3,13,14,18,20,40,14
450675,0,1,0,0,0,0,0,0,0,0,0,0
450675,1,1,0,0,0,0,0,0,0,0,0,0
450676,1,1,28,23,29,16,20,10,10,6,13,10
450676,2,1,4,4,4,4,4,4,4,4,4,4
450677,1,1,33,33,33,33,33,33,33,33,33,33
450678,1,1,0,0,0,0,0,0,0,0,0,0
450678,2,1,0,0,0,0,0,0,0,0,0,0
450678,3,1,0,0,0,0,0,0,0,0,0,0
450679,1,1,0,0,0,0,0,0,0,0,0,0
450679,2,1,0,0,0,0,0,0,0,0,0,0
450680,1,1,25,25,25,25,25,25,25,25,25,25
450681,1,1,0,0,0,0,0,0,0,11,21,0
450681,2,1,0,0,0,0,0,0,0,0,0,0
450681,3,1,21,0,0,0,0,0,0,5,0,0
450682,1,1,0,0,0,0,0,0,0,0,0,0
450682,2,1,0,0,0,0,0,0,22,0,0,0
450683,1,1,22,22,22,22,22,22,22,22,22,22
450684,0,1,0,0,0,0,0,0,0,0,0,0
450684,1,1,0,0,0,0,0,0,0,0,0,0
450685,1,1,0,0,0,0,0,0,0,0,0,0
450685,2,1,0,0,0,0,0,0,0,0,0,0
450686,1,1,19,19,19,19,19,19,19,19,19,19
450687,0,1,0,0,0,0,0,0,0,0,0,0
450687,0,2,0,0,0,0,0,0,0,0,0,0
450687,3,1,8,8,8,8,8,8,8,8,8,8
450688,1,1,0,0,0,0,0,0,0,0,0,0
450689,0,1,18,18,18,18,18,18,18,18,18,18
450689,1,1,0,0,0,0,0,0,0,0,0,0
450690,1,1,0,0,0,0,0,0,0,0,0,0
450690,2,1,0,0,0,0,0,0,0,0,0,0
450691,1,1,0,0,0,0,0,0,0,0,0,0
450691,2,1,0,0,0,0,0,0,0,0,0,0
450692,1,1,10,0,0,0,0,0,0,0,0,0
450692,2,1,0,0,0,0,0,0,0,0,0,0
450693,1,1,0,0,0,0,0,0,0,0,0,0
450693,2,1,0,0,0,0,0,0,0,0,0,0
450694,1,1,0,0,0,0,0,0,0,0,0,0
450694,2,1,0,0,0,0,0,0,0,0,0,0
450695,1,1,1,1,1,1,1,1,1,1,1,1
450696,1,1,0,0,0,0,0,0,16,0,0,0
450696,2,1,0,0,0,0,0,0,0,0,0,0
450697,1,1,0,0,0,0,0,0,0,0,0,0
450698,1,1,0,0,0,0,0,0,0,0,0,0
450698,2,1,7,7,7,7,7,7,7,7,7,7
450699,0,1,0,0,0,0,0,0,0,0,0,0
450699,1,1,0,0,0,0,0,0,0,0,0,0
450699,2,1,0,0,0,0,0,0,0,0,0,0
450699,3,1,0,0,0,0,0,0,0,0,0,0
450700,1,1,0,0,0,0,0,0,0,0,0,0
450700,2,1,0,0,0,0,0,0,0,0,0,0
450701,1,1,0,0,0,0,0,0,0,0,0,0
450701,2,1,25,25,25,25,25,25,25,25,25,25
450702,1,1,0,5,0,0,0,0,0,17,0,0
450702,2,1,0,0,0,0,0,0,0,0,0,0
450703,1,1,28,28,28,28,28,28,28,28,28,28
450704,1,1,0,0,0,0,0,0,0,0,0,0
450705,1,1,0,0,0,0,0,0,0,0,0,0
450705,2,1,31,0,0,0,0,18,0,0,0,0
450707,1,1,0,0,0,0,0,0,0,0,0,0
450708,1,1,0,0,0,0,0,0,0,0,0,0
450709,1,1,0,0,0,0,0,0,0,0,0,0
450710,1,1,29,29,29,29,29,29,29,29,29,29
450711,1,1,0,0,0,0,0,0,0,0,0,0
450711,2,1,15,15,15,15,15,15,15,15,15,15
450712,0,1,0,0,0,0,0,0,0,0,0,0
450712,1,1,0,0,0,0,0,0,0,0,0,0
450713,1,1,23,23,23,23,23,23,23,23,23,23
450714,1,1,0,0,0,0,0,0,0,0,0,0
450714,2,1,0,0,0,0,0,0,0,0,0,0
450715,1,1,0,0,0,0,0,0,0,0,0,0
450715,2,1,0,0,0,0,0,0,0,0,0,0
450716,0,1,14,14,14,14,14,14,14,14,14,14
450716,1,1,0,19,0,0,0,0,0,0,0,0
450717,1,1,22,22,22,22,22,22,22,22,22,22
450718,0,1,0,0,0,0,0,0,0,0,0,0
450718,1,1,0,0,0,0,0,0,0,0,0,0
450719,1,1,28,28,28,28,28,28,28,28,28,28
450720,1,1,21,21,21,21,21,21,21,21,21,21
450721,1,1,0,0,0,24,0,0,0,0,22,11
450721,2,1,0,0,0,0,0,0,0,0,0,0
450722,1,1,0,0,0,0,0,0,0,0,0,0
450723,0,1,0,0,32,0,0,0,0,0,10,18
450723,0,2,15,15,15,15,15,15,15,15,15,15
450723,1,1,0,0,0,0,0,0,0,0,0,0
450723,3,1,12,0,16,0,10,0,0,0,0,0
450724,1,1,0,0,0,0,0,0,0,0,0,0
450725,1,1,0,0,0,0,0,0,0,0,0,0
450725,2,1,0,0,0,0,0,5,0,0,0,0
450726,1,1,0,0,0,0,0,0,0,0,0,0
450726,2,1,0,0,0,0,0,0,0,29,0,0
450727,1,1,0,0,0,0,0,0,0,0,0,0
450728,1,1,0,0,0,0,0,0,0,0,0,0
450729,1,1,1,1,1,1,1,1,1,1,1,1
450730,1,1,0,0,0,0,0,0,0,0,0,17
450731,1,1,0,0,0,0,0,0,0,0,0,0
450731,2,1,0,0,0,6,0,0,0,0,0,0
450732,1,1,12,12,12,12,12,12,12,12,12,12
450732,2,1,0,0,0,0,0,0,0,0,0,23
450733,1,1,11,13,14,20,19,17,12,12,12,6
450734,1,1,23,23,23,23,23,23,23,23,23,23
450735,1,1,0,0,0,0,0,0,0,0,0,0
450736,1,1,0,0,0,0,0,0,0,0,0,0
450736,2,1,0,21,0,0,0,0,0,0,0,0
450737,1,1,0,0,0,0,0,0,0,0,0,0
450737,2,1,0,0,0,0,0,0,0,0,0,0
450738,1,1,0,0,0,0,0,0,0,0,0,0
450738,2,1,0,0,0,0,0,0,0,0,0,0
450739,0,1,0,27,0,0,0,0,0,0,0,0
450739,1,1,0,0,0,0,0,0,0,0,0,5
450740,0,1,0,0,0,0,0,0,0,0,0,0
450740,1,1,0,0,0,0,0,0,0,0,0,0
450740,2,1,0,0,0,0,0,19,0,0,0,0
450741,1,1,0,0,0,0,0,0,0,0,0,0
450742,1,1,10,10,10,10,10,10,10,10,10,10
450743,0,1,0,0,0,0,0,0,0,0,0,0
450743,1,1,0,0,0,0,0,0,0,0,0,0
450744,1,1,24,24,24,24,24,24,24,24,24,24
450745,1,1,2,2,2,2,2,2,2,2,2,2
450745,2,1,0,0,0,0,0,0,0,0,0,0
450746,1,1,4,4,4,4,4,4,4,4,4,4
450747,1,1,0,0,0,0,0,0,0,0,0,0
450747,2,1,0,0,11,0,0,0,0,0,0,0
450747,3,1,0,0,0,0,0,0,0,0,0,0
450748,1,1,0,0,0,0,0,0,0,0,0,0
450748,2,1,6,6,6,6,6,6,6,6,6,6
450749,0,1,0,0,0,0,0,0,0,0,0,0
450749,1,1,0,0,0,0,0,0,0,0,0,0
450750,1,1,0,0,0,1,0,0,6,9,0,0
450751,1,1,0,0,0,0,0,0,0,0,0,0
450752,1,1,0,0,0,0,0,0,0,0,0,0
450752,2,1,30,30,30,30,30,30,30,30,30,30
450753,0,1,0,0,0,0,0,0,0,0,0,0
450753,1,1,0,0,0,0,0,0,0,0,0,0
450754,1,1,16,16,16,16,16,16,16,16,16,16
450755,1,1,0,0,0,0,0,0,0,0,0,0
450756,1,1,0,0,0,0,0,0,0,0,0,0
450756,2,1,0,0,0,0,0,0,0,0,0,0
450757,1,1,0,18,0,0,0,0,0,0,0,0
450758,1,1,22,22,22,22,22,22,22,22,22,22
450759,1,1,6,6,6,6,6,6,6,6,6,6
450760,1,1,17,0,0,0,0,0,0,0,0,0
450760,2,1,0,0,0,0,0,0,0,0,0,0
450761,0,1,0,0,0,0,0,0,0,0,0,0
450761,0,2,0,0,0,36,0,0,0,14,0,0
450761,0,3,0,0,0,0,0,40,22,0,13,0
450761,0,4,22,0,0,0,22,0,0,0,0,0
450761,1,1,0,0,0,0,0,0,0,0,0,0
450762,1,1,0,0,0,0,0,0,0,0,0,0
450763,1,1,0,0,0,0,0,0,0,0,0,0
450764,1,1,28,28,28,28,28,28,28,28,28,28
450765,0,1,0,0,0,0,0,0,0,0,0,0
450765,1,1,0,0,0,0,0,0,0,0,0,0
450765,2,1,0,0,13,0,0,0,0,0,0,0
450766,0,1,0,0,0,0,0,0,0,0,0,0
450766,1,1,0,0,0,0,0,0,0,0,0,0
450767,1,1,0,0,0,0,0,0,0,0,0,0
450767,2,1,0,0,0,0,0,0,0,0,0,0
450768,1,1,0,0,0,0,0,0,0,0,0,0
450768,2,1,0,0,0,0,0,0,0,0,0,0
450769,0,1,33,33,33,33,33,33,33,33,33,33
450769,1,1,0,0,0,0,0,0,0,0,0,0
450770,1,1,0,29,13,0,23,11,21,14,41,10
450770,2,1,0,0,0,0,0,0,0,0,0,0
450771,1,1,0,0,0,0,0,0,0,0,0,0
450771,2,1,0,0,0,0,0,0,0,0,0,0
450772,0,1,24,24,24,24,24,24,24,24,24,24
450772,1,1,0,0,6,0,0,0,0,0,0,0
450773,0,1,0,0,0,0,0,0,0,0,0,0
450773,1,1,0,0,0,0,0,0,0,0,0,0
450774,1,1,0,0,0,0,0,0,0,0,0,0
450774,2,1,0,11,0,19,11,3,12,0,0,0
450775,1,1,1,1,1,1,1,1,1,1,1,1
450776,1,1,0,0,0,0,0,0,0,0,0,0
450777,1,1,0,0,0,24,0,0,0,0,0,0
450777,2,1,0,0,0,0,0,0,0,0,0,0
450778,1,1,19,19,19,19,19,19,19,19,19,19
450778,2,1,0,0,0,0,16,0,0,0,0,0
450779,1,1,19,19,19,19,19,19,19,19,19,19
450779,2,1,0,0,0,0,0,0,0,0,0,0
450780,1,1,0,0,0,0,0,0,0,0,0,0
450781,1,1,0,0,0,0,0,0,0,0,0,0
450781,2,1,0,0,0,0,0,0,0,0,0,0
450781,3,1,0,0,0,7,24,10,17,10,37,0
450781,4,1,0,0,0,0,0,0,0,0,0,0
450782,1,1,21,21,21,21,21,21,21,21,21,21
450783,1,1,0,0,0,0,0,0,0,0,0,0
450784,1,1,14,14,14,14,14,14,14,14,14,14
450785,1,1,0,0,0,0,0,0,0,0,0,0
450787,1,1,0,0,0,0,0,0,0,0,0,0
450787,2,1,0,0,0,0,0,0,0,0,0,0
450788,1,1,0,0,0,0,0,0,0,0,0,0
450789,1,1,0,0,0,0,0,0,0,0,0,0
450789,2,1,25,14,16,10,10,21,16,14,18,16
450790,0,1,0,0,0,0,0,0,0,0,0,0
450790,1,1,0,0,0,0,0,0,0,0,0,0
450791,0,1,0,0,0,0,0,0,0,0,0,0
450791,1,1,0,0,0,0,0,0,0,0,0,0
450792,1,1,0,0,0,0,0,0,0,0,0,0
450792,2,1,0,0,0,0,0,0,0,0,0,0
450793,1,1,16,16,16,16,16,16,16,16,16,16
450794,1,1,38,10,18,16,43,26,16,15,15,32
450795,1,1,0,0,0,0,0,0,0,0,0,0
450795,2,1,0,0,0,0,0,0,0,0,0,0
450796,1,1,8,8,8,8,8,8,8,8,8,8
450797,1,1,0,0,0,0,0,0,0,0,0,0
450797,2,1,0,0,0,0,0,0,0,0,0,0
450798,1,1,0,0,0,0,0,0,0,0,0,0
450799,0,1,0,0,0,0,0,0,0,0,0,9
450799,1,1,0,0,0,0,0,0,0,0,0,0
450800,0,1,19,16,12,0,4,30,7,18,36,21
450800,1,1,0,0,0,0,0,0,0,25,0,0
450801,0,1,0,0,0,0,0,0,0,0,0,0
450801,1,1,0,0,0,0,18,0,0,0,0,0
450802,0,1,26,26,26,26,26,26,26,26,26,26
450802,1,1,0,0,24,0,0,0,0,0,0,0
450803,1,1,12,12,12,12,12,12,12,12,12,12
450804,0,1,0,0,0,27,0,0,43,0,0,0
450804,0,2,0,0,0,0,0,0,0,0,0,0
450804,0,3,0,0,0,0,0,0,0,0,0,0
450804,1,1,17,22,13,11,31,0,0,0,32,15
450805,1,1,0,0,0,0,0,0,0,0,0,0
450806,1,1,21,21,21,21,21,21,21,21,21,21
450807,1,1,0,0,0,0,0,0,0,0,0,0
450807,2,1,0,0,0,0,0,0,0,0,0,0
450808,1,1,0,0,0,0,0,0,0,0,0,0
450809,0,1,0,0,0,0,0,0,0,0,0,0
450809,1,1,0,0,0,0,0,0,0,0,0,0
450810,1,1,0,0,0,0,0,0,0,0,0,0
450811,1,1,0,0,0,0,0,0,0,0,0,0
450811,2,1,0,0,0,0,0,0,0,0,0,0
450813,1,1,0,0,0,0,0,0,17,0,0,38
450813,2,1,0,0,10,10,16,31,0,14,28,0
450814,1,1,7,20,0,0,0,2,0,0,0,0
450814,2,1,0,0,0,0,0,0,0,0,0,0
450815,1,1,0,0,0,0,0,0,0,0,0,0
450815,2,1,0,0,0,0,0,0,0,0,0,0
450816,1,1,16,16,16,16,16,16,16,16,16,16
450817,1,1,31,31,31,31,31,31,31,31,31,31
450818,1,1,0,0,0,0,0,12,0,0,0,0
450819,1,1,2,2,2,2,2,2,2,2,2,2
450820,1,1,0,0,0,0,0,0,0,0,0,0
450821,1,1,0,15,0,0,0,0,0,0,0,0
450821,2,1,0,0,0,0,0,0,15,0,5,0
450822,1,1,20,20,20,20,20,20,20,20,20,20
450823,1,1,0,0,0,0,0,0,0,0,0,0
450823,2,1,0,0,0,0,0,0,0,0,0,0
450824,1,1,0,0,0,0,0,0,0,0,0,0
450824,2,1,0,0,0,0,0,0,0,0,0,0
450825,0,1,27,27,27,27,27,27,27,27,27,27
450825,1,1,0,0,0,0,0,0,0,0,0,0
450826,1,1,20,0,0,0,0,0,16,12,0,0
450826,2,1,0,0,0,0,0,0,0,0,0,0
450827,1,1,23,23,23,23,23,23,23,23,23,23
450828,0,1,0,0,0,0,0,0,0,0,0,0
450828,2,1,0,0,0,0,0,0,0,6,0,0
450828,3,1,12,11,0,9,16,19,15,0,22,10
450829,1,1,0,11,0,0,15,0,0,0,0,0
450830,0,1,27,27,27,27,27,27,27,27,27,27
450830,1,1,0,0,0,50,0,0,0,0,0,0
450831,0,1,0,0,0,0,0,0,0,0,0,0
450831,1,1,0,0,0,0,0,0,0,14,0,0
450832,0,1,5,5,5,5,5,5,5,5,5,5
450832,1,1,0,0,0,0,0,0,0,0,0,0
450833,1,1,17,17,17,17,17,17,17,17,17,17
450833,2,1,2,2,2,2,2,2,2,2,2,2
450834,1,1,6,6,6,6,6,6,6,6,6,6