ST_CASE,VEH_NO,PER_NO,P1,P2,P3,P4,P5,P6,P7,P8,P9,P10
470131,1,1,0,0,0,0,0,0,0,0,0,0
470131,2,1,0,0,0,0,0,0,0,0,0,0
470132,1,1,0,0,0,0,0,0,11,0,0,0
470133,1,1,3,3,3,3,3,3,3,3,3,3
470133,2,1,0,0,0,0,0,0,0,0,0,0
470134,1,1,0,0,0,0,0,12,0,11,0,0
470134,2,1,0,0,0,0,0,0,0,0,0,0
470135,0,1,0,0,0,21,0,0,22,0,0,0
470135,1,1,0,0,0,0,34,0,0,0,0,0
470137,1,1,0,0,17,0,0,0,12,26,0,0
470138,1,1,25,25,25,25,25,25,25,25,25,25
470138,2,1,0,0,0,0,0,0,0,0,0,0
470139,1,1,0,0,0,0,0,0,0,0,0,0
470140,0,1,23,23,23,23,23,23,23,23,23,23
470140,1,1,0,0,0,0,0,0,0,0,0,0
470141,1,1,21,21,21,21,21,21,21,21,21,21
470141,2,1,0,0,0,0,0,0,0,0,0,0
470142,1,1,0,0,0,0,0,0,0,0,0,0
470142,2,1,30,30,30,30,30,30,30,30,30,30
470143,0,1,0,0,0,0,0,0,0,0,0,0
470143,0,2,0,0,0,0,0,0,0,0,0,0
470143,1,1,0,0,0,0,0,0,0,0,0,0
470145,1,1,2,2,2,2,2,2,2,2,2,2
470145,2,1,16,16,16,16,16,16,16,16,16,16
470146,1,1,0,0,0,0,0,0,0,0,0,0
470146,2,1,0,0,0,0,0,0,0,0,0,0
470147,1,1,12,12,12,12,12,12,12,12,12,12
470148,1,1,12,12,12,12,12,12,12,12,12,12
470149,1,1,8,0,36,4,0,16,0,9,11,0
470150,1,1,0,0,0,0,0,0,0,0,0,0
470151,0,1,0,0,0,0,0,0,0,26,0,0
470151,1,1,0,0,0,0,0,0,0,0,28,0
470152,1,1,0,0,0,0,0,0,0,0,0,0
470152,2,1,0,0,0,0,0,0,0,0,0,0
470153,1,1,7,0,0,0,0,0,0,0,0,0
470154,1,1,0,0,0,17,0,0,0,0,0,0
470154,2,1,0,0,0,0,0,0,0,0,0,0
470155,1,1,0,0,0,0,0,0,0,0,0,0
470155,2,1,0,0,0,0,0,0,0,0,0,0
470156,1,1,0,0,0,0,0,0,0,0,0,0
470158,1,1,0,0,0,0,0,0,0,0,0,0
470158,2,1,0,0,0,0,0,0,0,0,0,0
470159,1,1,18,18,18,18,18,18,18,18,18,18
470160,1,1,18,18,18,18,18,18,18,18,18,18
470161,1,1,0,0,0,0,0,0,0,0,0,0
470161,2,1,0,0,0,0,0,0,0,0,0,0
470162,0,1,0,19,32,0,17,0,21,33,0,9
470162,1,1,0,0,0,19,0,0,26,0,0,0
470163,1,1,0,0,0,0,0,0,0,0,0,0
470164,0,1,14,0,0,0,0,7,18,20,0,0
470164,1,1,0,0,0,0,0,0,0,0,0,0
470165,1,1,3,0,0,0,9,18,0,0,0,7
470165,2,1,0,0,0,0,0,0,2,0,0,0
470166,0,1,32,0,0,0,14,0,0,0,0,25
470166,1,1,0,0,0,0,0,0,0,0,0,0
470167,1,1,0,0,0,0,0,0,0,0,0,0
470167,2,1,0,0,0,0,0,0,0,0,0,0
470168,1,1,16,16,16,16,16,16,16,16,16,16
470168,2,1,0,0,0,0,0,0,0,0,0,0
470169,1,1,0,0,0,0,0,0,0,0,0,0
470170,1,1,0,0,0,0,0,0,0,0,0,0
470171,1,1,17,17,17,17,17,17,17,17,17,17
470171,2,1,22,22,22,22,22,22,22,22,22,22
470172,1,1,16,16,16,16,16,16,16,16,16,16
470173,1,1,11,11,11,11,11,11,11,11,11,11
470174,1,1,0,0,0,0,0,0,0,0,0,0
470174,2,1,0,0,0,0,0,0,0,0,0,0
470175,1,1,0,0,0,0,0,0,0,0,0,0
470176,1,1,15,0,17,0,18,0,0,0,0,0
470177,1,1,23,23,23,23,23,23,23,23,23,23
470178,0,1,0,0,0,0,0,0,0,0,0,0
470178,0,2,18,18,18,18,18,18,18,18,18,18
470178,1,1,13,13,13,13,13,13,13,13,13,13
470179,1,1,0,0,0,0,0,0,0,0,0,0
470179,2,1,0,0,0,0,0,19,0,0,0,0
470180,1,1,0,0,5,15,0,23,0,0,0,23
470181,1,1,0,0,0,0,0,0,0,0,0,0
470181,2,1,0,30,0,0,0,21,0,0,0,0
470182,1,1,0,0,0,0,0,0,0,0,0,0
470182,2,1,0,0,0,11,0,0,0,0,0,0
470183,1,1,0,0,0,0,0,0,0,0,0,0
470184,1,1,27,27,27,27,27,27,27,27,27,27
470184,2,1,0,0,0,0,0,0,0,0,0,0
470185,1,1,0,0,0,0,0,11,10,12,12,0
470186,0,1,0,14,0,0,9,30,14,19,7,41
470186,1,1,0,0,0,0,0,0,0,0,0,0
470187,1,1,0,0,0,0,0,0,0,0,0,0
470188,1,1,0,0,0,0,0,0,0,0,0,0
470189,1,1,13,13,13,13,13,13,13,13,13,13
470190,1,1,0,0,0,0,0,0,0,0,0,0
470190,2,1,0,0,0,0,0,0,0,0,0,0
470191,1,1,0,0,0,0,0,0,0,0,9,0
470191,2,1,0,0,0,0,0,0,0,0,0,0
470192,1,1,0,13,0,0,0,0,0,0,0,12
470193,1,1,0,0,0,0,0,0,0,0,0,0
470193,2,1,0,0,0,0,0,0,0,0,0,0
470194,0,1,15,15,15,15,15,15,15,15,15,15
470194,1,1,0,0,0,4,0,0,0,0,0,0
470195,1,1,0,0,0,0,0,0,0,0,0,0
470195,2,1,0,0,0,0,0,0,0,0,0,0
470196,1,1,0,0,0,0,0,0,0,0,0,0
470196,2,1,0,0,0,0,0,0,0,0,0,0
470197,1,1,0,0,0,0,0,0,0,0,0,0
470198,1,1,30,30,30,30,30,30,30,30,30,30
470199,1,1,0,0,0,0,0,0,0,0,0,0
470199,2,1,0,0,0,0,0,0,0,0,0,0
470200,1,1,8,0,0,0,0,0,29,0,0,0
470200,2,1,0,0,0,0,0,0,0,0,0,0
470201,1,1,0,0,0,0,0,14,0,0,0,0
470202,1,1,0,0,0,0,0,0,0,0,0,0
470202,2,1,0,0,0,0,0,0,0,0,0,0
470202,3,1,0,0,0,0,11,0,0,0,0,0
470204,1,1,16,10,15,11,0,12,0,0,30,36
470205,1,1,0,0,0,0,0,0,0,16,0,0
470205,2,1,0,0,0,0,0,0,0,0,0,0
470206,1,1,0,0,0,0,0,0,0,0,0,0
470206,2,1,0,0,0,0,0,0,0,0,0,0
470207,1,1,11,14,5,7,8,16,26,15,23,12
470208,1,1,16,16,16,16,16,16,16,16,16,16
470209,1,1,0,0,0,0,0,0,0,0,0,0
470209,2,1,0,0,0,0,0,0,0,10,0,0
470210,1,1,0,0,0,0,0,0,0,0,0,0
470210,2,1,0,0,0,0,0,0,0,0,0,0
470211,1,1,0,0,0,0,20,28,26,0,13,0
470211,2,1,0,0,0,6,0,0,0,0,0,0
470211,3,1,0,0,14,0,0,0,0,0,0,0
470212,1,1,0,0,0,0,0,0,14,0,18,0
470213,1,1,0,0,0,0,0,0,0,0,0,0
470213,2,1,0,0,0,0,0,0,0,0,0,0
470214,1,1,0,0,0,0,0,0,0,0,0,0
470215,1,1,0,0,0,0,0,0,0,0,0,0
470215,2,1,0,0,0,0,0,0,0,0,0,0
470215,3,1,0,0,0,0,0,0,0,0,0,0
470215,4,1,0,0,0,0,0,0,0,0,0,0
470216,1,1,0,0,0,0,0,0,0,0,0,0
470216,2,1,0,0,0,0,0,0,0,0,0,0
470217,1,1,21,21,21,21,21,21,21,21,21,21
470218,1,1,0,0,0,0,0,0,0,0,0,0
470218,2,1,0,0,0,0,0,0,0,0,0,0
470218,3,1,0,0,0,0,0,0,0,0,0,0
470219,1,1,0,0,0,0,0,0,0,0,0,0
470219,2,1,0,0,0,0,0,0,0,0,0,0
470220,1,1,0,0,0,0,0,0,0,0,0,0
470220,2,1,0,0,0,0,0,0,0,0,0,0
470222,1,1,0,0,0,0,0,0,0,19,0,0
470223,1,1,0,0,0,0,0,0,0,0,0,0
470224,1,1,0,0,0,0,0,0,0,0,0,0
470225,1,1,0,0,0,0,0,0,0,0,0,0
470226,1,1,0,0,0,0,0,0,0,0,0,0
470227,0,1,26,15,31,12,13,3,10,18,44,2
470227,1,1,0,0,0,0,0,0,0,0,0,0
470228,0,1,0,9,0,5,8,0,18,0,17,5
470228,1,1,0,0,0,0,0,2,0,0,0,0
470229,1,1,0,0,0,0,0,0,0,0,0,0
470229,2,1,0,0,0,0,0,0,0,0,0,0
470230,0,1,0,0,0,0,0,0,0,0,0,0
470230,1,1,0,0,0,0,0,0,0,0,0,0
470231,1,1,25,25,25,25,25,25,25,25,25,25
470232,1,1,0,0,0,0,0,0,0,0,0,0
470232,2,1,0,0,0,0,0,0,0,0,0,0
470233,1,1,0,0,0,0,0,0,0,0,0,0
470233,2,1,0,0,0,0,0,0,0,0,0,6
470233,3,1,0,0,0,0,0,0,0,0,0,0
470234,1,1,24,24,24,24,24,24,24,24,24,24
470234,2,1,0,0,0,0,0,0,0,0,0,0
470235,1,1,0,0,0,0,0,0,0,0,0,0
470235,2,1,0,0,0,0,0,0,0,0,0,0
470236,1,1,0,0,0,0,0,0,29,0,0,0
470236,2,1,3,3,3,3,3,3,3,3,3,3
470236,3,1,0,0,0,0,0,0,0,0,0,0
470237,1,1,0,0,0,26,0,0,0,0,0,0
470238,1,1,0,0,0,0,0,0,0,0,0,0
470238,2,1,0,0,0,0,0,0,0,0,0,0
470239,1,1,0,0,0,0,0,0,0,0,0,0
470239,2,1,0,0,0,0,0,0,0,0,0,0
470240,1,1,0,0,0,0,0,0,0,0,0,0
470240,2,1,0,0,0,0,0,0,0,0,0,0
470241,1,1,0,0,0,0,0,0,0,0,0,0
470241,2,1,0,0,0,0,0,0,0,0,0,0
470242,1,1,0,0,0,0,0,15,0,0,0,0
470243,1,1,0,0,0,0,0,0,0,0,0,0
470244,1,1,11,0,0,0,0,0,0,0,0,0
470245,1,1,24,24,24,24,24,24,24,24,24,24
470246,1,1,4,4,4,4,4,4,4,4,4,4
470246,2,1,0,0,0,0,0,0,0,0,0,0
470247,1,1,0,15,0,0,0,0,0,15,9,0
470248,1,1,0,0,0,0,0,0,0,0,0,0
470248,2,1,0,0,0,0,0,23,0,0,0,0
470249,1,1,0,0,0,0,0,0,0,0,0,0
470249,2,1,12,12,12,12,12,12,12,12,12,12
470250,1,1,0,0,0,0,0,0,0,0,0,0
470251,1,1,0,0,0,0,0,0,0,0,0,0
470251,2,1,0,0,0,0,0,0,0,0,0,0
470252,1,1,0,0,0,0,0,0,0,0,0,0
470252,2,1,11,0,27,0,0,0,0,0,36,0
470253,1,1,0,0,19,0,0,0,0,0,15,0
470253,2,1,0,0,0,0,0,0,7,0,0,20
470254,1,1,0,0,17,0,0,0,0,0,0,0
470255,1,1,0,0,0,0,0,12,0,0,0,13
470256,1,1,23,23,23,23,23,23,23,23,23,23
470257,1,1,0,0,0,0,0,0,0,0,10,0
470258,0,1,0,0,0,0,0,0,0,0,0,0
470258,0,2,0,0,23,0,38,0,0,0,0,0
470258,1,1,0,0,0,0,0,0,0,0,0,0
470259,1,1,22,0,0,0,0,0,0,0,27,0
470260,0,1,39,0,0,0,0,12,0,0,0,0
470260,1,1,0,0,0,0,0,0,0,0,0,0
470261,1,1,0,0,0,0,0,0,0,0,0,0
470261,2,1,0,0,0,0,0,0,0,0,0,0
470262,1,1,0,0,0,0,0,0,0,0,0,0
470263,1,1,35,35,35,35,35,35,35,35,35,35
470264,1,1,0,0,0,41,0,0,0,12,0,0
470264,2,1,0,0,0,0,0,0,0,0,20,0
470264,3,1,0,0,0,0,0,0,0,11,0,0
470264,4,1,0,0,0,0,0,0,13,0,0,0
470265,1,1,0,0,0,0,0,0,0,0,0,0
470265,2,1,0,0,0,0,0,0,0,0,0,0
470266,1,1,0,0,0,0,0,0,0,0,0,0
470266,2,1,0,0,0,0,0,0,0,0,0,0
470267,1,1,17,8,0,14,17,3,22,28,18,20
470268,1,1,0,0,0,0,0,0,0,0,0,0
470269,1,1,0,0,0,0,0,0,0,0,0,0
470269,2,1,0,0,0,0,0,0,0,0,0,0
470269,3,1,0,0,0,0,0,0,0,0,0,32
470270,1,1,9,0,0,31,0,0,18,4,16,0
470271,1,1,0,0,0,0,0,0,0,0,0,0
470271,2,1,0,0,0,0,0,0,0,0,0,0
470271,3,1,0,0,0,0,0,0,0,0,0,0
470272,1,1,23,23,23,23,23,23,23,23,23,23
470273,1,1,0,0,0,0,0,0,20,0,0,0
470274,1,1,0,0,0,0,0,0,0,0,0,0
470274,2,1,0,0,0,0,0,0,0,0,0,0
470275,1,1,0,0,0,0,0,0,0,0,0,0
470275,2,1,0,0,0,0,0,0,0,0,0,0
470276,1,1,31,31,31,31,31,31,31,31,31,31
470277,1,1,7,12,13,0,0,0,33,0,0,0
470278,0,1,0,0,0,0,0,0,7,0,0,0
470278,1,1,12,0,0,0,0,0,0,0,0,0
470279,1,1,0,0,0,0,0,0,0,0,0,0
470280,1,1,0,0,0,0,0,0,0,0,0,0
470281,1,1,0,0,0,0,0,0,0,22,0,0
470282,1,1,0,0,0,0,0,0,0,0,0,0
470283,1,1,17,17,17,17,17,17,17,17,17,17
470284,1,1,0,0,0,0,0,0,0,0,0,0
470285,1,1,0,0,0,0,0,0,0,0,0,0
470286,1,1,0,0,0,0,0,0,0,0,0,0
470286,2,1,0,0,0,0,0,0,0,0,0,0
470287,1,1,0,15,0,0,15,0,0,0,0,27
470287,2,1,0,12,0,12,0,0,0,0,8,0
470288,1,1,0,0,0,0,0,0,0,0,0,0
470288,2,1,0,0,0,0,0,0,0,0,0,0
470289,1,1,0,0,0,0,0,0,0,0,0,0
470289,2,1,0,0,0,0,0,0,0,0,0,0
470289,3,1,0,0,0,0,0,0,0,0,0,0
470290,1,1,15,15,15,15,15,15,15,15,15,15
470290,2,1,0,0,0,0,0,0,0,0,0,0
470290,3,1,0,0,0,0,0,0,0,0,0,0
470291,1,1,10,10,10,10,10,10,10,10,10,10
470292,1,1,0,0,0,0,0,0,0,0,0,0
470293,0,1,0,0,0,0,0,0,0,0,0,0
470293,1,1,0,0,0,0,0,0,0,0,0,0
470294,1,1,0,0,0,0,0,0,0,0,0,0
470295,1,1,0,11,0,0,0,25,0,0,25,0
470296,0,1,0,0,0,0,0,0,0,0,0,0
470296,1,1,0,0,0,0,0,0,0,0,0,0
470297,2,1,0,0,0,0,0,0,0,0,0,0
470298,1,1,0,0,0,0,0,0,0,0,0,0
470298,2,1,0,0,0,0,0,0,0,0,0,0
470299,1,1,0,0,0,0,0,0,0,0,0,0
470300,1,1,17,17,17,17,17,17,17,17,17,17
470300,2,1,0,0,0,0,0,0,0,0,0,0
470300,3,1,5,5,5,5,5,5,5,5,5,5
470301,0,1,0,0,0,0,0,0,0,0,0,0
470301,1,1,0,0,0,0,0,0,0,0,0,0
470302,1,1,0,0,0,0,0,0,0,0,0,0
470302,2,1,0,0,0,0,0,0,0,0,0,0
470303,1,1,0,0,0,0,0,0,0,0,0,0
470304,1,1,0,0,0,0,0,0,0,0,0,0
470305,1,1,0,0,0,0,0,0,0,0,0,0
470306,1,1,0,0,0,0,0,0,0,0,0,0
470307,0,1,0,0,0,0,0,0,0,0,0,0
470307,1,1,0,0,0,0,0,0,0,0,0,0
470307,2,1,0,0,0,0,0,0,0,0,0,0
470308,1,1,28,28,28,28,28,28,28,28,28,28
470309,1,1,0,0,0,0,0,0,0,0,0,0
470309,2,1,0,0,0,26,0,0,0,0,0,0
470310,1,1,0,0,0,31,0,0,17,0,6,0
470311,1,1,0,0,0,28,35,0,0,0,0,19
470312,0,1,0,13,0,25,0,25,0,0,0,0
470312,1,1,0,0,0,0,0,30,0,15,0,0
470313,1,1,9,16,0,19,4,18,17,32,0,34
470314,0,1,24,0,0,0,0,0,0,16,0,12
470314,1,1,0,0,0,0,0,0,0,0,0,0
470315,1,1,0,0,6,13,0,25,0,0,0,21
470316,1,1,0,0,0,0,0,0,0,0,0,0
470316,2,1,0,0,0,0,0,0,0,0,0,0
470316,3,1,0,0,0,0,0,0,0,0,0,0
470317,1,1,0,0,0,0,0,0,0,0,0,0
470317,2,1,20,20,20,20,20,20,20,20,20,20
470318,1,1,10,0,0,0,0,0,12,0,0,0
470319,1,1,0,0,0,0,0,0,0,0,0,0
470320,1,1,0,0,0,0,0,0,15,0,0,20
470321,1,1,0,0,0,19,0,0,0,14,0,0
470322,1,1,0,0,0,0,0,0,0,0,0,0
470322,2,1,0,0,0,0,0,0,0,0,0,0
470323,0,1,0,0,0,0,0,16,0,20,15,34
470323,1,1,0,9,13,0,0,0,0,8,0,0
470324,1,1,22,0,0,0,0,0,0,0,0,0
470324,2,1,0,0,0,0,0,0,0,0,0,0
470324,3,1,0,0,0,0,0,0,0,0,0,0
470325,0,1,0,0,0,0,0,0,0,0,0,0
470325,1,1,0,0,0,0,0,0,0,0,0,0
470326,1,1,0,0,0,0,0,0,0,0,0,0
470326,2,1,0,0,0,0,0,0,0,0,0,0
470326,3,1,0,0,0,0,0,0,0,0,0,0
470327,1,1,0,2,0,0,0,0,0,0,0,0
470328,0,1,0,0,0,0,0,5,0,0,0,0
470328,1,1,0,0,0,0,0,0,0,0,0,0
470329,1,1,0,0,0,14,0,0,0,0,0,0
470330,0,1,0,0,0,0,0,2,0,0,31,19
470330,0,2,0,0,0,0,0,0,0,0,9,16
470330,1,1,0,0,0,0,0,0,0,0,0,0
470331,1,1,14,0,20,18,10,16,7,16,14,8
470332,0,1,19,19,19,19,19,19,19,19,19,19
470332,1,1,0,0,0,0,0,19,0,0,0,0
470333,0,1,0,0,4,0,0,0,0,0,7,0
470333,1,1,0,0,0,0,0,0,0,0,0,0
470334,1,1,0,0,15,19,18,16,0,0,14,0
470335,1,1,0,0,0,0,0,0,0,0,0,0
470335,2,1,0,0,0,0,0,0,0,0,0,0
470335,3,1,0,0,0,0,0,0,11,0,14,0
470336,1,1,11,11,11,11,11,11,11,11,11,11
470336,2,1,25,25,25,25,25,25,25,25,25,25
470336,3,1,0,0,0,0,0,0,0,0,0,23
470337,0,1,0,0,0,0,0,0,0,0,0,0
470337,1,1,0,0,0,0,0,0,0,0,0,0
470338,1,1,0,0,0,0,0,0,0,0,7,0
470339,1,1,0,0,0,0,0,0,0,0,0,0
470339,2,1,0,0,0,0,0,0,0,0,0,0
470340,1,1,0,0,0,0,15,0,0,0,0,0
470340,2,1,0,0,48,0,0,0,0,0,0,0
470341,1,1,23,0,26,26,8,11,23,16,26,21
470342,1,1,0,0,0,24,0,0,0,0,0,0
470343,1,1,0,0,0,0,0,0,0,0,0,0
470344,1,1,0,0,0,0,0,0,0,0,0,11
470345,1,1,14,0,0,0,0,4,0,0,0,19
470345,2,1,0,0,0,0,0,0,0,6,0,9
470345,3,1,0,0,0,0,0,0,0,0,0,0
470346,1,1,0,0,0,0,0,0,0,0,0,0
470346,2,1,0,0,0,0,0,0,0,0,0,0
470347,1,1,6,6,6,6,6,6,6,6,6,6
470348,1,1,0,0,0,0,0,0,0,0,0,0
470349,1,1,0,0,0,0,0,0,0,0,0,0
470349,2,1,0,0,0,0,0,0,0,0,0,0
470350,1,1,0,0,0,0,0,0,0,0,0,0
470351,1,1,0,0,0,0,0,0,0,0,0,0
470352,1,1,0,0,0,0,0,0,0,0,0,0
470353,1,1,0,0,0,0,0,0,0,0,0,0
470354,1,1,0,0,0,0,0,0,0,0,0,0
470354,2,1,0,0,0,0,0,0,0,0,0,0
470355,0,1,25,25,25,25,25,25,25,25,25,25
470355,1,1,0,0,11,0,7,4,6,0,0,3
470355,2,1,0,21,0,0,0,0,0,0,0,0
470355,3,1,0,0,0,0,0,0,0,0,0,13
470355,4,1,0,0,0,0,0,0,0,0,0,0
470355,5,1,0,0,0,0,0,12,0,0,0,0
470356,1,1,0,0,0,0,0,0,0,0,0,0
470356,2,1,0,0,0,0,0,0,0,0,0,0
470357,1,1,1,1,1,1,1,1,1,1,1,1
470357,2,1,11,11,11,11,11,11,11,11,11,11
470358,0,1,0,0,0,0,20,0,0,0,0,0
470358,1,1,0,0,0,0,0,0,0,0,0,0
470360,1,1,9,9,9,9,9,9,9,9,9,9
470361,1,1,0,0,0,0,0,0,0,0,0,0
470362,1,1,0,0,0,0,0,0,0,0,0,0
470363,1,1,6,6,6,6,6,6,6,6,6,6
470363,2,1,0,0,0,0,15,0,0,0,0,0
470363,3,1,0,0,0,0,0,0,0,0,0,0
470364,0,1,0,0,7,8,18,0,0,7,20,34
470364,1,1,25,0,0,0,0,0,0,0,13,0
470365,1,1,26,13,20,5,39,0,25,23,15,19
470366,1,1,0,0,0,0,0,0,0,0,0,0
470366,2,1,17,17,17,17,17,17,17,17,17,17
470367,1,1,0,0,0,0,0,0,0,0,0,0
470368,1,1,0,6,0,0,0,0,0,0,0,0
470368,2,1,0,0,0,0,0,0,0,0,20,0
470369,1,1,3,3,3,3,3,3,3,3,3,3
470369,2,1,0,0,0,0,0,0,0,0,0,0
470370,0,1,4,0,0,16,26,0,9,0,0,25
470370,2,1,0,0,0,0,0,0,0,0,8,0
470371,1,1,0,0,0,0,0,0,0,0,0,0
470371,2,1,0,0,0,0,0,0,0,0,0,0
470372,1,1,0,0,0,3,0,0,0,0,0,0
470372,2,1,0,0,0,0,0,0,0,0,0,0
470372,3,1,0,0,0,0,0,0,0,0,0,0
470373,1,1,0,0,0,0,0,0,0,0,0,0
470374,0,1,0,0,0,0,0,0,0,0,0,0
470374,1,1,0,0,0,0,0,0,0,0,0,0
470375,1,1,0,0,0,0,0,0,0,0,0,0
470375,2,1,0,0,0,0,0,0,0,0,0,0
470376,1,1,0,0,0,0,0,0,0,0,0,0
470376,2,1,0,0,0,0,0,0,0,0,0,0
470377,1,1,0,0,0,0,0,0,0,0,0,0
470377,2,1,0,0,0,0,0,0,0,0,0,0
470378,1,1,0,30,0,0,0,0,0,0,21,16
470379,1,1,31,31,31,31,31,31,31,31,31,31
470380,1,1,0,0,0,0,0,0,0,0,0,0
470381,1,1,22,22,22,22,22,22,22,22,22,22
470382,1,1,0,0,0,0,0,0,0,0,0,0
470382,2,1,0,27,0,0,0,0,0,0,0,9
470383,1,1,0,0,0,0,0,0,0,0,0,0
470383,2,1,19,12,0,0,0,0,0,0,0,0
470384,1,1,0,0,0,0,0,0,0,0,0,0
470384,2,1,0,0,0,0,0,0,20,0,0,0
470385,0,1,32,15,0,31,25,0,9,22,22,9
470385,1,1,0,0,0,0,0,18,0,0,0,0
470386,1,1,0,0,0,0,0,0,0,0,0,0
470386,2,1,0,0,0,0,0,0,0,0,0,0
470387,1,1,0,0,0,0,0,0,0,0,0,0
470388,1,1,16,0,0,0,0,0,0,0,0,0
470389,1,1,0,0,0,0,0,0,0,0,0,0
470390,1,1,22,22,22,22,22,22,22,22,22,22
470391,1,1,0,0,0,0,0,0,0,0,0,0
470391,2,1,0,0,0,0,0,0,0,0,0,0
470392,1,1,0,0,0,0,0,0,0,0,0,0
470393,1,1,0,17,0,15,0,0,0,0,0,0
470394,1,1,0,22,0,0,0,0,0,0,0,0
470395,1,1,0,0,0,0,0,0,0,0,0,0
470396,1,1,21,21,21,21,21,21,21,21,21,21
470397,1,1,0,0,0,0,0,0,0,0,0,0
470397,2,1,0,0,0,0,0,0,0,0,0,0
470398,1,1,0,0,0,0,0,0,0,0,0,0
470398,2,1,0,0,0,0,23,0,0,13,0,0
470399,1,1,0,0,0,0,0,0,0,0,0,0
470399,2,1,0,0,0,13,0,0,0,0,0,0
470400,1,1,0,0,0,0,0,0,0,0,0,0
470401,0,1,0,0,0,0,0,0,0,0,0,0
470401,1,1,0,0,0,0,0,0,0,0,0,0
470401,2,1,0,0,0,0,0,0,0,0,0,0
470402,1,1,0,0,0,0,0,0,0,0,0,0
470402,2,1,0,0,0,0,0,0,0,0,0,0
470403,0,1,0,26,0,17,0,21,13,13,0,0
470403,1,1,0,0,0,0,10,0,0,0,0,0
470404,1,1,4,4,4,4,4,4,4,4,4,4
470404,2,1,0,0,0,0,0,0,0,0,0,0
470405,1,1,0,0,0,0,0,0,0,0,0,6
470405,2,1,0,0,0,0,0,0,0,0,0,0
470406,1,1,39,21,0,0,0,0,0,15,0,0
470407,0,1,27,27,27,27,27,27,27,27,27,27
470407,1,1,0,0,0,0,0,0,0,0,0,0
470408,1,1,0,0,6,0,0,0,0,0,0,0
470408,2,1,15,15,15,15,15,15,15,15,15,15
470409,1,1,27,27,27,27,27,27,27,27,27,27
470410,1,1,0,0,0,0,0,0,0,0,0,0
470410,2,1,0,0,0,0,0,0,0,0,0,0
470410,3,1,0,0,0,0,0,0,0,0,0,0
470411,1,1,0,0,0,0,14,0,0,0,11,0
470411,2,1,0,0,0,0,0,0,0,0,0,0
470412,0,1,0,0,0,20,0,0,0,16,0,0
470412,1,1,14,14,14,14,14,14,14,14,14,14
470413,1,1,0,0,0,0,0,0,0,0,0,0
470413,2,1,0,0,0,0,0,0,0,0,0,0
470414,1,1,0,0,14,18,4,23,21,0,0,0
470415,1,1,0,0,0,0,0,0,0,0,0,0
470416,1,1,0,0,0,0,0,0,0,0,0,0
470416,2,1,0,0,0,0,0,0,0,0,0,0
470417,1,1,13,13,13,13,13,13,13,13,13,13
470418,1,1,0,0,0,0,0,0,0,0,0,0
470418,2,1,0,0,0,0,0,0,0,0,0,0
470419,1,1,0,0,0,0,0,0,0,0,0,0
470420,1,1,0,0,0,0,0,0,0,0,0,0
470420,2,1,0,0,0,0,0,0,0,0,0,0
470420,3,1,0,0,0,0,0,0,0,0,0,0
470421,1,1,24,0,24,0,0,0,0,0,0,0
470421,2,1,0,0,0,0,0,0,0,0,0,0
470422,1,1,6,6,6,6,6,6,6,6,6,6
470423,0,1,21,0,18,0,0,16,0,0,0,0
470423,1,1,0,26,0,0,10,14,0,13,0,7
470424,1,1,0,0,0,0,0,0,0,0,0,0
470424,2,1,0,0,0,0,0,0,0,0,0,0
470425,1,1,0,0,0,0,0,0,0,0,0,0
470425,2,1,0,0,0,0,0,0,0,5,0,0
470426,0,1,21,21,21,21,21,21,21,21,21,21
470426,1,1,0,0,0,16,14,0,30,0,12,0
470426,2,1,0,0,0,0,0,0,0,0,0,0
470427,1,1,0,0,0,0,0,0,0,0,0,0
470427,2,1,0,0,0,0,0,0,0,0,0,0
470427,3,1,0,0,0,0,0,0,0,0,0,0
470428,1,1,0,0,0,0,0,0,0,0,0,0
470428,2,1,7,7,7,7,7,7,7,7,7,7
470429,1,1,0,0,0,0,0,0,0,0,26,0
470429,2,1,0,0,0,0,0,0,0,0,0,0
470430,0,1,0,0,0,14,0,0,8,0,0,23
470430,1,1,0,0,13,8,15,0,17,0,11,8
470431,1,1,0,0,0,0,0,0,0,0,0,0
470431,2,1,20,13,0,0,11,0,0,0,0,0
470432,1,1,0,0,0,0,0,0,0,22,0,0
470433,1,1,0,0,0,0,0,0,0,0,0,0
470434,1,1,20,28,4,9,9,12,17,21,13,10
470436,1,1,16,16,16,16,16,16,16,16,16,16
470437,1,1,0,0,0,0,0,0,0,0,0,0
470437,2,1,0,0,0,0,0,0,0,0,0,0
470438,1,1,16,16,16,16,16,16,16,16,16,16
470439,1,1,0,0,0,0,0,0,0,0,0,0
470440,1,1,21,21,21,21,21,21,21,21,21,21
470440,2,1,0,0,0,0,0,25,0,0,0,0
470441,1,1,0,0,0,0,0,0,0,0,0,0
470441,2,1,0,0,0,3,0,0,0,0,0,0
470442,1,1,0,0,0,0,0,0,0,0,0,0
470443,0,1,0,0,29,33,31,0,0,2,0,33
470443,1,1,0,16,15,0,0,0,16,0,0,0
470444,1,1,0,0,0,0,0,0,0,0,0,0