ST_CASE,VEH_NO,PER_NO,P1,P2,P3,P4,P5,P6,P7,P8,P9,P10
483141,4,1,0,2,7,5,9,0,0,0,0,0
483141,5,1,0,0,0,0,0,0,0,8,0,18
483142,0,1,0,0,0,0,0,0,0,0,0,0
483142,1,1,0,0,0,0,2,0,0,15,0,0
483143,1,1,0,0,0,0,0,0,0,0,0,0
483143,2,1,0,0,0,0,0,0,0,0,0,0
483143,3,1,10,0,0,0,0,0,0,8,0,0
483144,0,1,0,0,0,0,0,0,0,0,0,0
483144,1,1,0,0,0,0,0,0,11,0,0,0
483145,1,1,22,0,0,6,19,0,0,16,33,0
483145,2,1,18,6,0,8,0,0,0,11,0,0
483146,1,1,12,12,12,12,12,12,12,12,12,12
483147,1,1,0,0,0,0,0,0,0,0,0,0
483147,2,1,0,0,0,0,0,0,46,0,0,0
483148,1,1,0,0,0,0,0,0,0,0,0,0
483148,2,1,0,19,0,17,0,0,0,0,0,0
483149,1,1,0,0,0,0,0,0,0,0,0,0
483149,2,1,0,0,0,4,0,0,0,0,0,3
483150,1,1,0,0,0,0,0,0,0,0,0,0
483150,2,1,0,0,0,0,0,0,0,0,0,0
483151,0,1,28,28,28,28,28,28,28,28,28,28
483151,1,1,0,0,0,0,0,37,0,0,0,0
483152,1,1,17,17,17,17,17,17,17,17,17,17
483152,2,1,0,0,0,0,0,0,0,0,0,0
483153,1,1,8,8,8,8,8,8,8,8,8,8
483153,2,1,0,0,0,0,17,13,24,4,21,6
483153,3,1,0,20,0,0,13,0,0,0,0,0
483154,1,1,0,0,0,0,0,0,0,0,0,0
483154,2,1,17,0,0,0,0,0,7,0,0,0
483155,1,1,0,0,24,0,0,25,15,16,0,10
483155,2,1,0,0,0,0,0,0,0,0,0,0
483156,1,1,2,2,2,2,2,2,2,2,2,2
483157,1,1,0,0,0,0,0,0,0,0,0,0
483157,2,1,0,0,0,0,0,0,0,0,13,0
483158,1,1,0,0,0,0,0,5,0,0,0,0
483158,2,1,0,0,12,43,0,0,0,0,0,0
483159,0,1,0,0,0,0,0,0,0,0,0,0
483159,1,1,27,0,0,0,24,0,0,0,12,0
483160,0,1,0,0,0,0,0,0,0,0,0,0
483160,1,1,22,12,0,0,22,0,0,10,0,0
483161,1,1,0,0,0,0,0,5,0,0,0,0
483161,2,1,0,0,0,0,0,0,0,20,9,0
483162,1,1,0,0,12,0,0,0,0,0,0,0
483162,2,1,0,0,0,0,6,0,0,0,5,0
483163,1,1,0,0,15,0,0,0,27,0,0,0
483163,2,1,0,0,0,11,0,0,0,0,0,0
483163,3,1,9,0,8,3,0,11,0,19,0,0
483164,1,1,0,29,0,19,0,0,0,15,0,0
483164,2,1,0,0,0,13,0,0,0,12,0,0
483165,1,1,0,0,0,0,0,0,0,0,0,0
483165,2,1,0,14,0,0,0,0,0,0,0,0
483166,0,1,0,0,0,0,12,0,0,0,0,0
483166,1,1,0,0,0,0,0,0,0,0,21,0
483167,1,1,0,0,0,0,0,0,0,0,0,0
483167,2,1,0,0,0,0,0,0,0,0,0,0
483167,3,1,0,0,17,0,0,0,0,12,0,14
483168,0,1,0,0,27,0,21,25,0,0,0,2
483168,1,1,3,9,14,0,11,0,0,14,0,0
483168,2,1,18,0,0,0,11,20,0,21,0,18
483169,0,1,0,0,0,0,0,0,0,0,0,0
483169,1,1,0,0,0,0,0,0,0,0,0,0
483170,1,1,6,11,0,18,21,0,0,0,0,0
483170,2,1,0,0,0,0,0,0,0,0,0,10
483171,1,1,0,0,0,0,0,0,0,0,0,0
483171,2,1,0,0,0,0,0,0,0,0,0,6
483172,0,1,1,1,1,1,1,1,1,1,1,1
483172,1,1,0,0,0,0,0,0,0,0,0,40
483172,2,1,15,0,0,10,0,0,0,0,0,0
483173,1,1,0,0,0,22,0,0,0,0,0,0
483174,1,1,13,0,0,0,0,0,0,0,15,0
483174,2,1,0,0,13,0,0,0,0,0,0,0
483175,0,1,20,20,20,20,20,20,20,20,20,20
483175,1,1,4,4,4,4,4,4,4,4,4,4
483176,0,1,35,0,0,0,0,0,0,0,0,0
483176,1,1,0,0,0,0,0,0,0,0,21,0
483177,1,1,0,0,0,0,0,0,0,0,0,0
483178,0,1,19,19,19,19,19,19,19,19,19,19
483178,1,1,19,0,31,0,0,26,0,0,20,0
483179,1,1,19,19,19,19,19,19,19,19,19,19
483180,1,1,0,0,0,0,0,0,0,0,0,0
483180,2,1,0,0,0,0,0,0,0,0,0,0
483181,1,1,32,23,0,0,0,21,0,0,0,0
483182,1,1,0,0,0,0,0,0,0,0,0,0
483183,0,1,0,0,0,0,0,0,0,0,0,0
483183,1,1,0,0,0,0,0,0,0,0,0,0
483184,1,1,12,22,28,30,24,13,0,15,0,23
483185,1,1,0,0,0,0,0,0,0,0,0,0
483186,0,1,0,0,0,0,0,0,0,0,0,0
483186,1,1,0,0,0,5,0,0,0,0,0,0
483187,1,1,0,0,0,0,0,0,0,0,0,0
483188,1,1,0,13,0,36,0,18,28,0,0,0
483189,1,1,0,23,0,5,0,0,22,0,0,0
483190,1,1,0,0,0,0,0,0,0,0,0,0
483190,2,1,0,0,0,0,0,0,0,0,0,0
483191,1,1,23,23,23,23,23,23,23,23,23,23
483192,1,1,0,0,0,0,0,0,23,0,0,0
483192,2,1,15,0,0,6,0,0,0,10,0,0
483193,1,1,0,0,0,0,0,0,0,0,0,0
483193,2,1,0,0,0,0,0,0,0,0,0,0
483193,3,1,0,0,0,0,0,0,0,0,0,0
483193,4,1,29,0,0,0,0,0,0,21,0,0
483193,5,1,0,0,0,0,0,0,0,0,0,0
483194,1,1,0,0,0,0,0,0,0,0,0,0
483194,2,1,0,0,0,0,0,0,0,0,0,0
483195,1,1,15,15,15,15,15,15,15,15,15,15
483196,1,1,11,11,11,11,11,11,11,11,11,11
483196,2,1,0,0,0,0,16,22,12,16,0,0
483196,3,1,20,0,35,0,0,0,0,0,16,0
483197,0,1,0,0,0,8,0,0,0,8,0,0
483197,1,1,0,0,0,6,0,0,0,0,0,0
483198,1,1,5,10,9,13,11,11,16,16,30,0
483198,3,1,7,0,21,0,0,0,0,29,0,28
483198,4,1,0,24,0,0,20,8,0,20,0,0
483198,5,1,0,0,16,0,12,0,0,0,6,0
483199,1,1,34,8,0,11,0,0,17,0,21,23
483199,2,1,0,0,0,0,0,0,0,0,0,0
483200,0,1,11,0,0,5,0,15,0,0,0,0
483200,1,1,0,0,0,0,12,0,15,18,0,0
483201,1,1,15,15,15,15,15,15,15,15,15,15
483202,1,1,0,0,0,0,0,0,0,0,0,0
483203,1,1,2,2,2,2,2,2,2,2,2,2
483203,2,1,13,4,0,5,8,0,0,17,0,0
483204,1,1,29,0,0,0,23,0,0,0,0,0
483205,1,1,0,0,15,0,0,0,0,0,0,0
483205,2,1,0,0,0,0,11,0,0,0,0,14
483206,0,1,0,0,0,0,0,0,0,0,0,0
483206,1,1,0,31,0,23,0,0,0,0,0,0
483207,0,1,21,21,21,21,21,21,21,21,21,21
483207,1,1,25,15,14,0,0,0,0,0,0,0
483208,0,1,0,18,0,0,0,0,16,36,0,29
483208,1,1,0,5,0,0,0,0,0,0,9,0
483209,1,1,0,0,0,8,0,0,0,0,0,0
483209,2,1,0,0,0,0,0,20,0,5,0,0
483210,0,1,0,19,0,29,0,0,0,0,0,0
483210,1,1,0,0,0,0,0,0,0,0,0,7
483211,1,1,9,9,9,9,9,9,9,9,9,9
483212,1,1,0,0,6,0,0,0,0,0,0,0
483212,2,1,0,4,0,0,0,0,0,0,0,0
483212,3,1,8,0,17,27,0,0,0,0,0,0
483213,1,1,0,0,0,13,0,0,0,0,0,43
483214,0,1,23,30,0,0,12,14,29,0,11,20
483214,1,1,0,0,14,0,0,0,13,0,0,0
483215,1,1,19,19,19,19,19,19,19,19,19,19
483215,2,1,5,0,0,0,0,0,0,0,0,0
483216,1,1,13,13,13,13,13,13,13,13,13,13
483216,2,1,0,0,0,0,0,0,0,0,0,0
483217,1,1,0,0,0,0,0,0,0,0,0,0
483217,2,1,14,14,14,14,14,14,14,14,14,14
483218,1,1,0,0,0,0,0,0,0,0,3,0
483218,2,1,0,0,0,0,0,0,0,0,0,0
483219,1,1,0,0,0,0,0,0,0,0,0,0
483219,2,1,0,0,0,0,0,0,0,0,0,0
483220,1,1,24,24,24,24,24,24,24,24,24,24
483221,1,1,19,19,19,19,19,19,19,19,19,19
483222,0,1,18,18,18,18,18,18,18,18,18,18
483222,1,1,0,0,0,0,0,0,0,0,0,0
483222,2,1,0,0,0,0,0,41,0,0,17,0
483222,3,1,0,0,0,0,0,8,0,0,0,0
483223,1,1,30,30,30,30,30,30,30,30,30,30
483223,2,1,0,0,0,0,11,0,0,0,18,7
483224,1,1,21,0,0,0,16,0,0,0,9,13
483225,1,1,21,21,21,21,21,21,21,21,21,21
483226,1,1,0,0,0,0,0,17,22,0,0,8
483226,2,1,26,21,0,9,33,0,0,0,14,0
483227,0,1,10,10,10,10,10,10,10,10,10,10
483227,1,1,0,0,0,15,13,0,0,15,0,0
483228,1,1,0,0,0,0,0,0,0,0,0,0
483229,1,1,0,0,16,0,22,16,7,0,0,28
483229,2,1,0,0,0,0,0,0,0,0,0,0
483230,0,1,0,0,0,0,32,29,17,0,0,0
483230,1,1,0,0,0,26,0,0,21,0,0,0
483231,1,1,35,35,35,35,35,35,35,35,35,35
483232,1,1,15,15,15,15,15,15,15,15,15,15
483233,1,1,0,0,0,0,0,0,0,0,0,0
483234,1,1,0,0,0,0,0,0,0,0,0,0
483234,2,1,0,0,14,18,20,0,0,0,0,0
483235,1,1,16,12,0,0,0,13,0,0,6,0
483235,2,1,0,16,14,7,0,22,0,0,0,0
483236,0,1,0,0,0,0,0,0,0,0,0,0
483236,1,1,0,0,0,0,0,17,16,0,0,22
483237,1,1,0,0,18,0,0,0,0,16,24,0
483237,2,1,0,0,0,0,0,0,0,0,0,0
483237,3,1,0,0,0,0,0,0,0,15,0,0
483238,1,1,15,15,15,15,15,15,15,15,15,15
483238,2,1,7,0,0,0,0,0,10,0,8,0
483239,1,1,0,0,0,6,0,0,0,0,0,0
483239,2,1,0,0,0,0,0,0,0,0,0,0
483240,0,1,0,0,0,0,0,0,0,0,0,0
483240,0,2,0,0,0,0,0,0,0,0,0,0
483240,1,1,0,0,0,0,0,0,0,0,0,0
483241,0,1,0,0,0,0,0,0,0,0,0,0
483241,1,1,0,6,0,0,22,0,0,0,15,0
483242,1,1,0,0,18,0,0,26,0,0,0,15
483243,1,1,0,0,0,0,0,0,0,0,0,0
483243,2,1,0,0,0,0,0,0,0,0,0,0
483244,0,1,11,11,11,11,11,11,11,11,11,11
483244,1,1,0,0,0,0,0,0,0,0,0,0
483245,1,1,0,0,7,12,0,19,0,14,6,12
483245,2,1,0,0,0,0,0,0,0,0,0,0
483246,0,1,0,0,0,0,0,0,0,0,0,0
483246,1,1,0,0,11,0,13,0,22,0,0,0
483247,1,1,16,16,16,16,16,16,16,16,16,16
483248,0,1,0,0,0,0,0,0,0,0,0,0
483248,1,1,15,0,19,0,0,0,0,18,14,0
483249,1,1,0,0,6,0,0,0,0,0,31,0
483249,2,1,0,0,25,0,0,0,0,0,0,0
483249,3,1,0,0,0,0,0,0,0,0,0,0
483250,1,1,16,16,16,16,16,16,16,16,16,16
483250,2,1,0,0,0,0,0,0,0,4,0,0
483251,1,1,0,0,0,0,0,0,0,0,0,0
483252,1,1,0,22,0,0,0,0,0,0,0,0
483252,2,1,0,0,2,0,0,0,0,0,0,0
483253,1,1,0,0,0,0,0,0,0,0,0,8
483253,2,1,0,0,0,0,0,0,0,0,0,0
483254,1,1,16,5,0,0,0,0,0,0,0,0
483254,2,1,0,0,0,0,0,0,0,0,0,0
483254,3,1,0,0,0,0,0,0,0,0,0,0
483255,1,1,0,0,0,0,0,0,0,0,0,0
483255,2,1,9,9,9,9,9,9,9,9,9,9
483256,1,1,0,0,0,0,0,0,0,0,0,0
483256,2,1,0,0,0,0,0,0,0,0,0,0
483257,1,1,14,14,14,14,14,14,14,14,14,14
483257,2,1,0,0,0,0,0,0,0,0,0,0
483257,3,1,0,0,0,0,0,0,0,0,0,0
483258,1,1,0,0,0,0,0,0,0,0,0,0
483258,2,1,25,25,25,25,25,25,25,25,25,25
483259,1,1,7,0,0,13,0,0,0,0,34,10
483260,1,1,0,0,0,20,0,0,23,0,0,0
483260,2,1,9,0,0,0,15,0,24,20,7,0
483261,1,1,19,22,4,56,17,9,20,17,15,21
483262,1,1,0,0,0,0,0,0,0,0,0,0
483262,2,1,0,0,0,0,0,0,0,0,0,0
483263,1,1,31,31,31,31,31,31,31,31,31,31
483263,2,1,0,0,0,0,0,0,0,0,7,0
483263,3,1,0,0,0,0,0,0,0,0,0,0
483264,0,1,10,10,10,10,10,10,10,10,10,10
483264,1,1,0,0,0,0,6,0,0,0,0,0
483264,2,1,0,0,0,0,0,0,0,0,0,0
483265,1,1,0,0,0,0,0,0,0,0,0,0
483266,1,1,0,0,0,0,0,0,0,0,0,0
483267,1,1,19,19,19,19,19,19,19,19,19,19
483268,1,1,0,0,0,0,0,0,0,0,0,0
483269,0,1,33,33,33,33,33,33,33,33,33,33
483269,1,1,0,0,0,0,0,0,0,9,0,0
483270,1,1,0,0,0,20,10,0,25,18,2,0
483270,2,1,0,21,0,0,0,9,0,16,0,0
483271,1,1,2,2,2,2,2,2,2,2,2,2
483272,1,1,0,0,0,0,0,0,0,0,0,0
483272,2,1,0,0,0,0,0,0,0,10,0,0
483273,0,1,6,13,18,21,0,24,0,10,19,29
483273,1,1,0,0,22,0,0,12,0,0,0,0
483274,0,1,31,31,31,31,31,31,31,31,31,31
483274,1,1,0,0,0,0,0,0,0,9,0,0
483275,1,1,0,0,0,0,0,0,0,0,0,0
483275,2,1,21,0,0,5,0,0,17,0,15,0
483276,1,1,0,0,0,0,0,0,0,0,0,0
483277,1,1,0,0,0,0,0,0,0,0,0,0
483277,2,1,0,0,0,15,0,0,0,0,0,0
483277,3,1,0,0,0,0,0,0,0,0,21,0
483278,1,1,2,13,10,9,9,12,9,10,10,7
483278,2,1,31,24,11,29,20,22,10,7,12,0
483278,3,1,0,21,0,24,15,0,26,19,0,0
483279,0,1,21,0,0,0,0,19,0,7,13,20
483279,1,1,8,8,8,8,8,8,8,8,8,8
483280,1,1,0,0,0,0,0,0,0,0,0,0
483280,2,1,0,18,0,0,0,22,0,8,0,0
483281,0,1,0,0,0,0,18,0,0,0,0,0
483281,1,1,0,2,12,0,0,0,0,0,15,0
483282,1,1,0,0,0,0,0,0,0,0,0,17
483282,2,1,0,0,0,0,0,0,0,0,0,0
483283,1,1,8,0,0,0,9,0,36,0,0,0
483284,1,1,18,18,18,18,18,18,18,18,18,18
483285,0,1,0,0,0,0,0,0,0,0,0,0
483285,1,1,0,0,0,3,0,0,0,0,0,0
483286,0,1,0,0,0,0,0,0,0,0,16,0
483286,1,1,0,9,0,0,0,0,0,0,0,10
483287,1,1,17,0,0,0,0,0,0,0,0,0
483287,2,1,0,15,0,0,0,8,0,0,0,0
483288,1,1,16,16,16,16,16,16,16,16,16,16
483289,1,1,0,0,0,2,0,17,0,14,13,0
483289,2,1,18,18,18,18,18,18,18,18,18,18
483290,1,1,0,12,0,0,0,0,0,0,0,0
483290,2,1,0,0,0,0,0,0,0,0,0,0
483291,1,1,0,0,0,0,0,0,0,0,0,0
483292,1,1,1,1,1,1,1,1,1,1,1,1
483293,1,1,6,26,21,25,19,13,17,9,30,0
483294,0,1,0,0,0,0,11,0,0,0,0,0
483294,1,1,0,0,0,0,4,0,0,0,0,11
483295,1,1,0,21,0,6,18,0,26,0,21,0
483296,1,1,0,0,0,0,0,0,0,0,0,0
483296,2,1,0,0,5,0,0,0,3,0,0,21
483297,1,1,0,0,0,0,0,0,0,0,0,0
483297,2,1,0,0,15,34,0,0,0,0,0,0
483297,3,1,0,0,18,0,9,0,0,12,0,7
483298,1,1,0,36,0,17,0,27,0,18,0,0
483298,2,1,0,3,0,21,21,16,0,0,0,0
483299,1,1,17,17,17,17,17,17,17,17,17,17
483300,0,1,0,41,0,17,20,27,0,0,0,0
483300,1,1,25,29,4,26,0,5,3,24,6,0
483301,0,1,17,17,17,17,17,17,17,17,17,17
483301,1,1,0,0,7,0,0,0,0,0,6,0
483302,1,1,13,14,0,0,0,0,0,0,0,0
483303,0,1,39,20,11,25,17,15,0,12,31,0
483303,1,1,0,0,0,0,0,0,0,0,0,0
483304,1,1,0,0,0,0,7,0,0,0,0,0
483304,2,1,14,15,12,0,0,0,32,0,11,14
483305,0,1,29,0,0,13,0,18,27,7,0,13
483305,0,2,14,14,34,0,0,0,15,0,0,0
483305,0,3,24,37,30,0,0,10,8,0,0,7
483305,1,1,15,11,17,9,21,19,20,11,20,30
483305,2,1,12,0,0,0,0,4,22,0,0,0
483306,1,1,0,0,0,0,0,0,0,0,0,0
483306,2,1,0,0,0,0,0,0,0,0,0,0
483307,1,1,0,0,0,0,0,0,0,0,0,0
483307,2,1,0,0,0,3,0,0,0,0,21,0
483308,1,1,0,0,0,0,2,0,0,5,0,0
483308,2,1,0,0,0,0,0,0,0,4,0,0
483310,1,1,18,18,18,18,18,18,18,18,18,18
483310,2,1,0,0,0,0,0,0,0,0,4,0
483311,1,1,0,0,0,10,0,0,0,0,0,0
483311,2,1,0,0,0,0,0,0,0,0,0,0
483312,1,1,0,0,0,0,0,0,0,0,0,0
483314,1,1,0,0,13,0,0,0,0,0,0,0
483314,2,1,0,0,0,0,9,14,0,6,0,0
483315,0,1,0,0,0,0,0,0,34,0,0,23
483315,1,1,0,0,0,0,0,0,0,0,0,0
483316,0,1,14,0,0,0,23,12,0,0,19,0
483316,1,1,0,27,0,0,0,0,0,0,27,0
483317,1,1,0,0,0,0,0,0,0,0,0,0
483317,2,1,0,12,0,0,0,0,0,0,0,0
483318,1,1,25,25,25,25,25,25,25,25,25,25
483319,1,1,0,0,0,0,0,0,0,0,0,0
483319,2,1,0,0,0,0,0,0,0,0,0,0
483320,1,1,20,20,20,20,20,20,20,20,20,20
483321,0,1,16,16,16,16,16,16,16,16,16,16
483321,1,1,0,0,0,13,0,0,0,0,0,0
483322,1,1,0,0,0,0,0,0,0,0,0,0
483323,1,1,0,0,0,0,0,0,0,0,0,0
483323,2,1,0,0,11,4,0,0,27,0,0,0
483324,0,1,0,0,17,11,0,0,13,0,0,11
483324,1,1,23,0,0,0,0,0,0,0,28,0
483325,0,1,1,1,1,1,1,1,1,1,1,1
483325,1,1,0,27,0,14,0,4,17,0,0,24
483325,2,1,0,0,7,0,16,0,0,0,0,0
483326,0,1,23,23,23,23,23,23,23,23,23,23
483326,1,1,26,0,0,0,0,0,0,0,0,0
483327,1,1,7,6,13,26,13,23,36,17,25,9
483328,1,1,0,0,0,0,0,0,0,0,0,0
483329,1,1,0,0,0,0,0,0,0,0,0,0
483330,0,1,0,0,0,0,0,0,0,0,0,0
483330,1,1,0,0,0,0,0,0,30,0,21,9
483330,2,1,0,0,0,14,39,13,0,0,0,0
483331,1,1,20,20,20,20,20,20,20,20,20,20
483332,0,1,0,9,0,21,21,9,18,19,21,0
483332,1,1,10,0,0,0,0,42,0,24,0,8
483333,1,1,9,0,0,11,0,0,0,0,24,0
483334,1,1,0,0,29,0,0,0,0,0,0,25
483334,2,1,14,0,8,4,13,0,24,5,6,0
483335,0,1,0,13,0,27,0,35,0,0,0,22
483335,1,1,0,12,0,0,18,0,0,0,0,0
483335,2,1,0,0,0,0,0,0,0,0,0,0
483336,1,1,7,0,0,22,0,0,0,2,0,0
483337,1,1,9,9,9,9,9,9,9,9,9,9
483337,2,1,0,0,29,0,0,0,0,0,0,0
483339,1,1,0,0,0,0,0,0,0,0,0,0
483339,2,1,0,19,0,0,0,0,0,14,0,22
483340,1,1,0,0,0,0,0,0,0,0,0,0
483341,1,1,0,0,0,0,0,0,0,0,0,0
483341,2,1,0,10,0,0,0,0,0,0,0,0
483342,1,1,0,0,0,0,0,0,18,0,0,0
483342,2,1,0,0,20,0,17,0,24,0,0,0
483343,1,1,19,21,0,17,0,0,0,36,27,8
483344,1,1,0,8,0,18,4,34,21,0,0,0
483345,1,1,23,0,0,0,0,0,0,0,0,14
483346,1,1,0,0,0,0,0,13,9,0,0,0
483347,1,1,0,0,35,0,0,0,0,0,0,0
483347,2,1,0,2,0,0,0,0,0,0,0,0
483348,1,1,0,0,0,0,0,0,0,0,0,0
483348,2,1,7,9,23,15,19,24,4,8,0,0
483349,0,1,16,16,16,16,16,16,16,16,16,16
483349,1,1,0,0,0,0,0,0,0,0,0,0
483350,1,1,9,18,0,0,31,0,20,0,0,16
483350,2,1,0,10,0,0,0,0,21,0,0,0
483351,1,1,14,14,14,14,14,14,14,14,14,14
483352,1,1,0,0,0,0,19,0,0,0,0,0
483352,2,1,0,0,0,0,8,0,0,0,0,0
483352,3,1,0,0,0,0,0,0,0,0,26,0
483353,1,1,0,0,10,0,0,0,0,0,29,0
483354,1,1,0,0,0,29,19,18,34,12,0,15
483355,1,1,0,8,17,13,10,4,6,17,17,0
483356,1,1,12,12,12,12,12,12,12,12,12,12
483357,1,1,32,32,32,32,32,32,32,32,32,32
483358,1,1,25,25,25,25,25,25,25,25,25,25
483359,1,1,0,17,0,0,0,16,12,0,0,0
483360,1,1,0,0,7,0,0,0,0,0,0,29
483360,2,1,0,0,0,0,0,0,0,0,0,0
483361,1,1,22,0,0,0,0,0,0,0,0,16
483361,2,1,0,0,0,12,0,0,16,0,18,0
483362,0,1,0,23,0,8,0,0,0,0,41,0
483362,1,1,17,10,0,17,0,19,11,26,14,8
483363,0,1,0,0,0,0,0,0,16,17,0,0
483363,1,1,0,0,0,0,0,8,0,0,0,0
483364,1,1,0,0,0,0,0,0,0,0,0,0
483365,0,1,23,0,0,0,0,0,18,0,0,0
483365,1,1,0,36,0,0,0,0,0,0,0,0
483366,1,1,0,0,0,0,0,0,0,0,0,0
483367,1,1,35,28,17,0,0,25,0,10,0,0
483368,0,1,25,10,3,0,0,0,0,0,22,0
483368,1,1,0,18,0,0,0,0,0,0,0,0
483370,1,1,2,0,0,0,0,0,0,0,0,0
483370,2,1,0,0,0,0,0,0,0,0,0,0
483371,1,1,0,0,16,0,0,0,0,8,0,0
483371,2,1,0,21,0,4,9,0,0,7,24,0
483372,1,1,17,13,12,32,16,16,11,38,0,17
483372,2,1,20,23,0,19,35,0,23,0,27,0
483373,1,1,0,0,0,15,0,0,10,6,16,16
483374,1,1,26,14,0,24,8,0,5,0,20,0
483375,1,1,2,8,18,25,0,0,0,19,0,0
483376,1,1,0,0,0,0,0,8,5,19,13,0
483377,0,1,16,0,20,0,0,0,0,17,19,29
483377,1,1,0,0,0,0,0,5,0,0,0,0
483378,1,1,0,0,0,0,0,0,0,0,0,0
483379,1,1,0,0,0,11,0,0,0,0,0,0
483379,2,1,21,0,17,0,0,0,0,0,0,0
483380,1,1,0,0,0,0,0,0,0,6,0,0
483380,2,1,12,0,0,28,0,0,0,0,6,12
483381,1,1,0,0,0,0,0,0,0,0,0,0
483381,2,1,0,0,0,0,0,0,0,0,0,0
483382,1,1,18,18,18,18,18,18,18,18,18,18
483383,1,1,15,15,15,15,15,15,15,15,15,15
483384,1,1,0,14,14,15,28,0,10,4,0,17
483384,2,1,0,0,0,0,0,0,0,5,0,0
483385,1,1,32,21,19,21,3,14,15,8,12,28
483385,2,1,0,0,0,0,0,0,0,2,0,5
483386,1,1,0,0,0,0,0,0,15,0,0,0
483386,2,1,0,0,0,0,0,0,0,9,0,0
483387,1,2,20,9,11,0,0,5,9,0,7,4
483388,1,1,0,0,0,0,0,0,0,0,0,0
483388,2,1,0,0,0,0,0,0,0,0,0,0
483389,1,1,0,0,0,0,8,0,0,0,0,0
483389,2,1,0,0,0,0,0,0,0,0,0,0
490001,1,1,0,0,0,0,0,0,0,0,0,0
490001,2,1,0,0,0,0,0,0,0,0,0,0
490002,1,1,0,0,0,0,0,0,0,0,0,0
490003,0,1,0,0,0,0,0,0,0,0,0,0
490003,1,1,0,0,0,0,0,0,0,0,15,0
490004,1,1,0,0,0,0,0,0,0,0,0,0
490004,2,1,0,0,0,0,0,0,0,0,0,0
490005,0,1,0,0,0,0,0,0,0,0,0,0
490005,1,1,27,27,27,27,27,27,27,27,27,27
490006,1,1,0,7,0,0,0,0,0,0,0,0
490006,2,1,0,0,0,0,0,0,0,0,0,0
490007,1,1,0,0,0,0,0,0,0,0,0,0
490007,2,1,0,0,0,0,0,0,0,0,0,0
490007,3,1,0,0,0,0,0,0,0,0,0,0
490008,1,1,0,0,0,0,0,0,0,0,0,0
490008,2,1,0,0,0,0,0,0,0,0,0,0
490009,1,1,0,0,0,0,0,0,0,0,0,0
490010,1,1,0,0,0,0,0,0,0,0,0,0
490011,1,1,5,5,5,5,5,5,5,5,5,5
490011,2,1,0,0,0,0,0,0,0,0,0,0
490012,1,1,0,0,0,0,0,0,0,0,0,0
490012,2,1,0,0,0,0,0,0,0,0,0,0
490013,0,1,0,0,0,0,0,0,0,0,0,0
490013,1,1,0,0,0,0,0,0,0,0,0,0
490014,1,1,0,0,0,0,0,0,0,0,0,0
490015,0,1,35,3,19,16,16,16,33,22,10,22
490015,1,1,14,0,0,0,0,0,0,0,0,0
490016,1,1,12,15,21,24,18,31,13,20,0,8
490017,0,1,0,0,0,0,0,0,0,0,0,0
490017,1,1,0,0,1,0,0,0,0,0,0,0
490018,1,1,0,0,0,0,0,0,0,0,0,0
490019,1,1,0,0,0,0,0,0,0,0,0,0
490019,2,1,0,0,0,0,0,0,0,0,0,12
490020,1,1,0,0,0,0,0,0,0,0,0,0
490020,2,1,0,0,0,0,0,0,0,0,0,0
490021,1,1,0,0,0,0,0,0,0,0,0,0
490023,1,1,0,0,0,0,0,0,0,0,0,19
490023,2,1,0,0,0,0,0,0,0,0,0,0
490024,1,1,0,0,0,0,0,0,0,0,0,0
490025,1,1,0,0,0,0,0,0,0,0,0,0
490026,1,1,29,29,29,29,29,29,29,29,29,29
490027,0,1,0,0,0,0,0,0,0,0,0,0
490027,1,1,0,0,0,0,0,0,0,0,0,0
490028,1,1,0,0,0,0,0,0,0,0,0,0
490028,2,1,35,0,0,16,37,37,0,0,5,0
490029,1,1,0,0,0,0,0,0,0,0,0,0
490029,2,1,0,0,0,0,0,0,0,0,0,0
490030,1,1,9,9,9,9,9,9,9,9,9,9
490030,2,1,0,0,0,24,0,4,8,0,0,0
490031,1,1,21,0,11,0,0,0,0,0,0,5
490032,1,1,0,0,0,0,0,0,0,0,0,0
490033,1,1,19,0,0,0,0,0,0,0,0,0
490033,2,1,0,0,0,0,0,0,0,0,0,0
490034,1,1,0,0,0,0,0,0,0,0,0,0
490034,2,1,0,0,0,0,0,0,0,0,0,0
490035,1,1,21,21,21,21,21,21,21,21,21,21
490035,2,1,13,13,13,13,13,13,13,13,13,13
490036,0,1,0,0,0,0,0,0,0,0,0,0
490036,1,1,0,0,0,0,0,0,0,0,0,0
490037,0,1,0,0,0,0,0,0,0,0,0,0
490037,1,1,0,0,0,0,0,0,0,0,0,0
490038,1,1,17,17,17,17,17,17,17,17,17,17