ST_CASE,VEH_NO,PER_NO,P1,P2,P3,P4,P5,P6,P7,P8,P9,P10
490039,1,1,0,0,0,0,0,0,0,0,0,0
490039,2,1,0,0,0,0,0,0,0,0,0,0
490039,3,1,0,0,0,0,0,0,0,17,0,0
490040,1,1,0,0,0,0,0,0,0,0,0,0
490041,0,1,19,19,19,19,19,19,19,19,19,19
490041,1,1,0,0,0,0,0,0,7,0,0,0
490042,1,1,0,0,0,0,0,0,0,0,0,0
490042,2,1,0,0,0,0,0,0,0,0,0,0
490043,1,1,0,0,0,0,0,0,0,0,0,0
490043,2,1,0,0,0,0,0,0,0,0,0,0
490044,1,1,0,0,0,0,0,0,0,0,0,0
490044,2,1,0,0,0,0,0,0,0,0,0,0
490045,1,1,0,0,0,0,0,0,0,0,0,0
490045,2,1,0,0,0,0,0,0,0,0,0,0
490046,1,1,0,0,0,0,0,0,0,0,0,0
490047,1,1,26,26,26,26,26,26,26,26,26,26
490048,1,1,0,0,0,0,0,0,0,0,0,0
490048,2,1,0,0,0,0,0,0,0,0,0,0
490049,1,1,0,0,0,0,0,0,0,0,0,0
490049,2,1,0,0,0,0,0,0,0,0,0,0
490050,1,1,19,19,19,19,19,19,19,19,19,19
490051,1,1,12,12,12,12,12,12,12,12,12,12
490051,2,1,0,0,0,0,0,0,0,0,0,0
490052,1,1,11,0,0,0,0,0,0,0,0,0
490053,1,1,0,0,0,0,0,0,0,0,0,0
490055,1,1,0,0,0,0,0,0,0,0,0,0
490055,2,1,0,0,0,0,0,0,0,0,0,0
490056,1,1,0,0,0,0,0,0,0,0,0,0
490056,2,1,0,0,0,0,0,0,0,0,0,0
490056,3,1,0,0,0,0,0,0,0,0,0,0
490056,4,1,0,0,0,0,0,0,0,0,0,0
490057,1,1,0,0,0,0,0,0,0,0,0,0
490057,2,1,0,0,0,0,0,0,0,0,0,0
490058,1,1,0,0,0,0,0,0,0,0,0,0
490059,1,1,0,0,0,0,0,0,0,0,0,0
490059,2,1,0,14,0,0,0,0,0,0,0,0
490060,1,1,14,0,0,0,0,0,0,0,0,0
490060,2,1,0,0,0,0,0,0,0,0,0,0
490061,1,1,0,0,0,0,0,0,0,0,0,0
490062,1,1,0,0,0,0,0,0,0,0,0,0
490062,2,1,0,0,0,0,0,0,0,0,0,0
490063,1,1,0,0,0,0,0,0,0,0,0,0
490063,2,1,0,0,0,0,0,16,0,0,0,0
490064,1,1,0,0,0,0,0,0,0,0,0,0
490065,1,1,0,0,0,0,0,0,0,0,0,0
490065,2,1,0,0,0,0,0,0,0,0,0,0
490065,3,1,0,0,0,0,0,0,0,0,0,0
490066,1,1,6,6,6,6,6,6,6,6,6,6
490067,1,1,0,0,0,0,0,0,0,0,0,0
490068,1,1,0,0,0,0,0,0,0,0,0,0
490069,1,1,5,5,5,5,5,5,5,5,5,5
490069,2,1,0,0,0,0,0,0,0,0,0,0
490071,1,1,25,25,25,25,25,25,25,25,25,25
490072,1,1,0,0,0,0,0,0,0,0,0,0
490072,2,1,0,0,0,0,0,0,0,0,0,0
490073,1,1,0,0,0,0,0,0,0,0,0,0
490073,2,1,0,0,0,0,0,0,0,0,0,0
490073,3,1,0,0,0,0,0,0,0,0,0,0
490074,1,1,24,24,24,24,24,24,24,24,24,24
490074,2,1,13,13,13,13,13,13,13,13,13,13
490075,1,1,0,0,0,0,0,0,0,0,0,0
490076,1,1,0,0,0,0,0,0,0,0,0,0
490077,1,1,0,0,0,0,0,0,0,0,0,0
490077,2,1,0,0,0,0,0,0,0,0,0,0
490077,3,1,0,0,0,22,0,0,0,0,0,0
490077,4,1,0,0,0,0,0,0,0,0,0,0
490078,1,1,0,0,0,0,0,0,0,0,0,0
490079,1,1,0,0,0,0,0,0,0,0,0,0
490080,1,1,0,0,0,0,0,0,0,0,0,0
490081,0,1,27,27,27,27,27,27,27,27,27,27
490081,1,1,27,27,27,27,27,27,27,27,27,27
490083,1,1,0,0,0,0,0,0,0,0,0,0
490083,2,1,0,0,0,0,0,0,0,0,0,0
490084,1,1,0,0,0,16,0,0,0,0,0,0
490084,2,1,0,0,0,0,0,0,0,0,0,0
490085,1,1,0,0,0,0,0,0,0,0,0,0
490085,2,1,0,0,0,0,0,0,0,0,0,0
490085,3,1,0,0,0,0,0,0,0,0,0,0
490086,1,1,0,0,0,0,0,0,0,0,0,0
490087,1,1,0,0,0,0,0,0,0,0,0,0
490087,2,1,0,0,0,22,26,16,0,0,0,14
490088,1,1,22,22,22,22,22,22,22,22,22,22
490089,1,1,0,0,0,0,0,0,0,0,0,0
490090,1,1,0,24,0,15,13,0,0,0,0,0
490091,1,1,0,0,0,0,0,0,0,0,0,0
490091,2,1,0,0,0,0,0,0,0,0,0,0
490092,1,1,0,0,0,0,0,0,0,0,20,0
490093,1,1,0,0,0,0,0,0,0,0,0,0
490093,2,1,0,0,0,0,0,0,0,0,0,0
490094,1,1,0,0,0,0,0,0,0,0,0,0
490094,2,1,0,0,0,0,0,0,0,0,0,0
490096,1,1,0,0,0,0,0,0,0,0,0,0
490096,2,1,0,0,0,0,13,0,0,0,0,2
490098,1,1,24,0,0,0,0,0,0,35,0,0
490098,2,1,0,0,0,0,0,0,0,0,0,0
490099,1,1,0,0,0,0,0,0,0,0,0,0
490099,2,1,0,0,0,0,10,0,0,0,0,0
490100,1,1,0,0,0,0,0,0,0,0,0,0
490101,1,1,24,0,0,0,0,0,0,0,0,0
490101,2,1,0,0,0,0,0,0,0,0,0,0
490102,1,1,0,0,0,0,0,0,0,0,0,0
490102,2,1,0,0,0,0,0,0,0,0,0,0
490104,0,1,0,0,0,0,0,0,0,0,0,0
490104,1,1,0,0,0,0,0,0,0,0,0,0
490105,1,1,4,4,4,4,4,4,4,4,4,4
490106,0,1,29,0,0,0,6,0,0,0,0,0
490106,1,1,0,0,0,0,0,0,0,0,0,0
490107,0,1,0,0,0,0,0,0,0,0,0,0
490107,1,1,0,0,0,0,0,0,0,11,0,0
490108,1,1,0,0,0,0,0,0,0,0,0,0
490109,0,1,0,0,0,0,0,0,0,0,0,0
490109,0,2,0,0,0,0,0,0,0,0,0,0
490109,1,1,0,0,0,0,0,0,0,0,0,0
490110,1,1,0,0,0,0,0,0,0,0,0,0
490110,2,1,0,0,0,0,0,0,0,0,0,0
490111,1,1,0,0,0,0,0,0,0,0,0,0
490112,1,1,0,0,0,0,0,0,0,0,0,0
490112,2,1,0,0,0,0,0,0,0,0,0,0
490113,1,1,12,0,13,14,11,5,10,23,10,3
490113,2,1,0,0,0,0,0,0,0,0,0,0
490113,3,1,0,0,0,0,0,0,0,0,0,0
490113,4,1,0,0,0,0,0,0,0,0,0,0
490113,5,1,0,0,0,0,0,0,0,0,0,0
490113,6,1,13,0,0,0,0,0,0,0,0,0
490113,7,1,0,0,0,0,0,0,11,0,0,0
490114,1,1,0,0,0,0,0,0,0,0,0,0
490114,2,1,0,0,0,0,0,0,0,0,0,0
490115,1,1,0,0,0,0,0,0,0,0,0,0
490116,1,1,0,0,0,0,0,0,0,0,0,0
490117,1,1,0,0,0,0,0,0,0,0,0,0
490117,2,1,0,0,0,0,0,0,0,0,0,0
490118,1,1,0,0,0,0,0,0,0,0,0,0
490119,1,1,0,0,0,0,0,0,0,0,0,0
490119,2,1,0,0,0,0,0,0,0,0,0,0
490120,1,1,0,0,0,0,0,0,0,0,0,0
490120,2,1,0,0,0,0,0,0,0,0,0,0
490121,1,1,0,0,0,0,0,0,0,0,0,0
490121,2,1,0,0,0,0,0,0,0,0,0,0
490122,1,1,0,0,0,0,0,0,0,0,0,0
490123,0,1,0,0,0,0,0,0,0,0,0,0
490123,1,1,0,0,0,0,0,0,0,0,0,0
490124,1,1,0,0,0,0,0,0,0,0,0,0
490125,1,1,0,0,0,0,0,0,0,0,0,0
490126,0,1,65,0,0,0,0,0,13,0,0,46
490126,1,1,0,0,0,0,0,0,0,0,0,0
490127,0,1,0,0,0,0,0,0,0,0,0,0
490127,1,1,0,0,0,0,0,0,0,0,0,0
490128,1,1,0,0,0,0,0,0,0,0,0,0
490129,1,1,0,0,0,0,0,0,0,0,0,0
490129,2,1,0,0,0,0,0,0,0,0,0,0
490130,0,1,0,36,24,27,39,0,0,0,0,0
490130,1,1,0,0,0,0,0,0,0,0,0,0
490131,1,1,0,0,0,0,0,0,0,0,0,0
490132,0,1,18,0,27,14,22,0,0,0,0,0
490132,0,2,0,20,0,18,32,18,20,10,0,7
490132,1,1,18,0,26,18,23,0,13,0,0,0
490133,1,1,9,9,9,9,9,9,9,9,9,9
490133,2,1,0,0,0,0,0,0,0,0,0,0
490133,3,1,0,0,0,0,0,0,0,0,0,0
490134,1,1,3,3,3,3,3,3,3,3,3,3
490134,2,1,0,0,0,0,0,0,0,0,0,0
490135,1,1,0,0,0,0,0,0,0,0,0,0
490135,2,1,0,0,0,0,0,0,0,0,0,0
490136,1,1,0,10,0,0,0,0,0,0,0,0
490137,1,1,0,0,0,0,0,0,0,0,0,0
490137,2,1,0,0,27,0,0,0,0,0,0,0
490138,1,1,0,0,0,0,0,0,0,0,0,0
490138,2,1,0,0,0,0,0,0,0,0,0,0
490139,1,1,19,19,19,19,19,19,19,19,19,19
490140,1,1,0,0,0,0,0,0,0,0,0,0
490140,2,1,0,0,0,0,0,0,0,0,0,0
490140,3,1,0,0,0,0,0,0,0,0,0,0
490140,4,1,0,0,0,0,0,0,0,0,0,0
490140,5,1,0,0,0,0,0,0,0,0,0,0
490141,1,1,0,0,0,0,0,0,0,0,0,0
490141,2,1,0,0,0,0,0,0,0,0,0,0
490142,0,1,0,22,16,0,0,0,0,0,0,0
490142,1,1,0,0,0,0,0,13,0,0,0,0
490143,1,1,0,0,0,0,11,0,0,0,5,0
490144,1,1,24,0,7,0,15,0,0,22,0,0
490145,1,1,18,0,0,0,15,0,0,28,0,0
490146,1,1,0,0,0,0,0,0,0,0,0,0
490147,0,1,0,0,0,0,0,0,0,0,0,0
490147,1,1,0,0,0,0,0,0,0,0,0,0
490148,1,1,21,21,21,21,21,21,21,21,21,21
490149,1,1,0,0,0,0,0,0,0,0,0,0
490150,1,1,0,0,0,0,0,0,0,0,0,0
490150,2,1,27,0,0,0,0,17,9,0,0,0
490151,0,1,0,0,0,0,20,47,0,0,0,0
490151,1,1,0,8,0,0,0,0,0,0,0,0
490152,1,1,0,0,0,0,0,0,0,0,0,0
490152,2,1,0,0,0,0,16,0,0,0,0,0
490153,0,1,0,0,0,0,0,0,0,0,0,23
490153,1,1,0,0,0,0,0,0,0,0,0,0
490153,2,1,0,0,0,0,0,0,0,0,0,0
490154,1,1,0,0,0,0,0,0,0,0,0,0
490154,2,1,0,0,0,0,0,0,0,0,0,0
490154,3,1,0,0,0,0,0,0,0,0,0,0
490154,4,1,0,0,17,0,0,0,0,19,0,0
490154,5,1,0,0,0,0,0,0,0,0,0,0
490154,6,1,0,0,0,0,0,0,0,0,0,0
490155,1,1,0,0,0,0,0,0,0,0,0,0
490156,1,1,2,2,2,2,2,2,2,2,2,2
490157,0,1,0,0,0,0,0,0,0,0,0,0
490157,0,2,0,0,0,0,0,0,0,0,0,0
490157,1,1,8,8,8,8,8,8,8,8,8,8
490158,0,1,0,0,0,0,0,0,0,0,0,0
490158,1,1,0,0,0,12,0,0,0,0,0,0
490160,1,1,0,0,0,0,0,0,0,0,0,0
490161,0,1,5,5,5,5,5,5,5,5,5,5
490161,1,1,0,0,0,0,0,0,0,0,0,0
490162,0,1,0,0,0,0,0,0,0,0,0,0
490162,1,1,0,0,0,0,0,0,0,0,0,0
490163,1,1,8,8,8,8,8,8,8,8,8,8
490164,1,1,0,0,0,0,0,0,0,0,0,0
490164,2,1,0,0,0,0,0,0,0,0,0,0
490165,0,1,0,0,0,0,0,8,0,0,0,0
490165,1,1,0,0,0,0,0,0,0,0,0,0
490166,1,1,0,0,0,0,0,0,0,0,0,0
490166,2,1,0,0,0,0,0,0,0,0,0,0
490167,1,1,0,0,0,0,0,0,0,0,0,0
490167,2,1,0,0,0,0,0,0,0,0,0,0
490168,1,1,0,0,0,0,0,0,0,0,0,0
490168,2,1,0,0,0,0,0,0,0,0,0,0
490169,1,1,0,0,0,0,0,0,0,0,0,0
490169,2,1,0,0,0,0,0,0,0,0,0,0
490170,1,1,0,0,0,0,27,0,0,8,10,0
490171,1,1,0,0,0,0,0,0,0,0,0,0
490171,2,1,0,0,0,0,0,0,0,0,0,4
490172,1,1,0,0,0,0,0,0,0,0,0,0
490172,2,1,0,0,0,0,0,0,0,0,0,0
490173,0,1,0,0,0,0,0,0,0,0,0,0
490173,1,1,0,0,0,4,0,0,0,0,0,0
490174,1,1,0,0,0,0,0,0,0,0,0,0
490174,2,1,0,0,0,0,0,0,0,0,0,0
490175,1,1,15,15,15,15,15,15,15,15,15,15
490176,1,1,0,0,0,0,0,0,0,0,0,0
490177,1,1,0,0,0,0,0,0,0,0,0,0
490178,1,1,0,0,0,0,0,0,0,0,0,0
490178,2,1,0,0,0,0,0,0,0,0,0,0
490178,3,1,0,0,0,0,0,0,0,0,0,0
490179,1,1,26,16,32,7,4,5,16,23,11,0
490180,0,1,22,0,0,0,0,17,15,0,0,0
490180,1,1,0,0,0,0,22,0,6,0,0,0
490180,2,1,0,0,0,0,0,0,0,19,0,0
490181,1,1,15,15,15,15,15,15,15,15,15,15
490181,2,1,0,0,7,0,0,0,0,0,0,0
490182,1,1,0,0,0,0,15,0,0,0,0,0
490183,1,1,0,0,0,0,0,0,0,0,0,0
490183,2,1,0,0,0,0,0,0,0,0,0,0
490185,1,1,0,0,0,0,0,0,0,0,0,0
490185,2,1,0,0,0,0,0,0,0,0,0,0
490185,3,1,0,0,18,0,0,0,0,0,0,0
490186,1,1,0,0,0,0,0,0,0,0,0,0
490186,2,1,0,0,0,0,0,6,0,0,0,0
490187,1,1,0,0,0,0,0,0,0,0,0,0
490188,0,1,14,9,0,53,0,7,0,0,0,23
490188,1,1,0,0,0,0,0,0,0,0,0,0
490188,2,1,0,0,0,0,0,0,0,0,0,0
490189,1,1,0,0,0,0,0,0,0,0,0,0
490190,1,1,0,0,0,0,0,0,0,0,0,0
490190,2,1,0,0,0,0,0,0,0,0,0,0
490191,0,1,0,0,0,0,0,0,0,0,0,0
490191,1,1,0,0,0,0,0,0,0,0,0,0
490192,1,1,4,4,4,4,4,4,4,4,4,4
490193,1,1,19,19,19,19,19,19,19,19,19,19
490194,1,1,0,0,0,0,0,0,0,0,0,0
490194,2,1,0,0,0,0,0,4,0,0,0,0
490195,0,1,0,0,0,0,0,0,0,0,0,0
490195,1,1,0,0,0,0,0,0,0,0,0,0
490196,0,1,0,0,0,0,0,0,0,0,0,0
490196,1,1,0,0,0,0,0,0,0,0,0,0
490196,2,1,0,0,0,0,0,0,0,0,0,0
490197,1,1,0,0,0,0,0,0,0,0,0,0
490197,2,1,0,0,0,0,13,0,0,18,0,0
490198,0,1,0,0,30,0,0,0,15,0,13,20
490198,1,1,0,0,0,0,0,0,0,0,0,0
490199,0,1,0,0,0,0,0,0,0,16,0,24
490199,0,2,0,0,0,0,0,0,0,0,0,0
490199,1,1,19,19,19,19,19,19,19,19,19,19
490200,0,1,0,0,11,0,0,0,18,0,0,0
490200,1,1,0,0,0,0,18,5,0,0,22,0
490200,2,1,0,0,0,11,0,0,0,0,0,0
490200,3,1,0,0,0,0,0,0,0,11,0,0
490201,1,1,0,0,0,0,0,0,0,0,0,0
490201,2,1,0,0,0,0,0,0,0,0,0,0
490202,1,1,0,6,0,0,0,0,0,0,0,11
490202,2,1,6,0,0,0,0,16,0,0,0,13
490202,3,1,0,0,0,0,0,0,0,0,0,0
490202,4,1,0,0,0,0,0,0,0,0,0,0
490202,5,1,24,0,0,0,0,0,0,0,0,10
490203,1,1,0,0,0,0,0,0,0,0,0,0
490204,0,1,0,0,0,0,20,0,46,0,38,0
490204,1,1,0,0,0,0,0,0,0,0,0,0
490205,1,1,11,19,0,0,0,0,0,33,0,0
490205,2,1,0,0,0,0,0,0,0,0,0,0
490206,1,1,0,0,0,0,3,20,0,0,0,0
490206,2,1,0,0,0,0,0,0,0,0,0,0
490207,1,1,0,0,0,0,0,0,0,0,0,0
490208,1,1,12,12,12,12,12,12,12,12,12,12
490208,2,1,0,0,0,0,9,0,21,0,0,0
490209,1,1,0,0,0,0,0,0,0,0,0,0
490209,2,1,0,0,0,0,0,0,0,0,0,0
490211,1,1,0,0,0,0,0,0,0,0,0,0
490211,2,1,0,0,0,0,0,0,0,0,0,0
490212,1,1,0,0,0,0,0,0,0,0,0,0
490212,2,1,0,13,11,0,8,19,0,0,20,18
490213,1,1,0,0,0,0,0,0,0,0,0,0
490214,0,1,0,0,53,0,24,0,0,0,0,0
490214,1,1,0,0,0,0,17,0,0,0,0,0
490215,1,1,0,0,0,0,0,0,0,0,0,0
490216,0,1,0,20,0,0,0,28,0,22,31,0
490216,1,1,0,0,0,0,0,0,0,0,0,0
490217,0,1,0,0,0,0,0,0,0,0,0,0
490217,1,1,0,0,0,0,0,0,0,0,0,0
490218,1,1,29,29,29,29,29,29,29,29,29,29
490219,1,1,0,0,0,8,0,0,0,0,0,0
490220,1,1,11,0,0,0,35,18,6,19,0,4
490221,1,1,13,15,23,25,7,12,17,18,13,20
490222,0,1,2,0,0,16,0,15,0,0,7,31
490222,1,1,0,0,0,0,0,0,0,0,0,0
490223,1,1,0,0,0,0,0,0,0,0,0,0
490224,1,1,0,9,0,0,33,0,21,0,0,0
490225,0,1,0,0,0,9,0,30,0,0,0,32
490225,1,1,0,0,0,0,0,0,0,0,0,0
490226,1,1,3,3,3,3,3,3,3,3,3,3
490227,1,1,0,0,0,0,0,0,0,0,0,0
490228,0,1,0,0,0,10,0,14,0,32,0,20
490228,1,1,0,10,0,0,28,0,0,0,9,0
490229,0,1,0,0,0,0,0,0,0,0,0,0
490229,1,1,0,0,0,0,0,0,0,0,0,0
490230,0,1,0,0,14,0,0,0,0,0,0,9
490230,1,1,0,0,0,0,0,0,0,0,8,0
490231,1,1,0,0,0,0,0,0,0,0,0,0
490232,1,2,0,0,0,0,0,0,0,0,0,24
490233,1,1,0,17,0,0,0,0,0,0,0,14
490234,1,1,0,0,0,0,0,0,0,0,0,0
490235,0,1,0,0,0,0,0,0,0,29,0,0
490235,1,1,0,0,0,0,10,0,0,9,0,0
500001,1,1,20,0,0,0,0,25,0,0,0,22
500002,1,1,0,0,0,0,0,0,0,0,0,0
500002,2,1,0,0,0,0,0,0,0,0,0,0
500003,1,1,0,0,0,0,0,0,0,0,0,0
500004,1,1,0,0,0,0,0,0,0,0,0,0
500004,2,1,0,0,0,0,0,0,0,0,0,0
500005,0,1,0,0,0,0,0,0,0,0,0,0
500005,1,1,1,1,1,1,1,1,1,1,1,1
500006,1,1,0,0,0,0,0,0,0,0,0,0
500007,1,1,0,0,0,0,0,0,0,0,0,0
500007,2,1,0,0,0,0,0,0,0,0,0,0
500008,1,1,25,25,25,25,25,25,25,25,25,25
500009,1,1,36,36,36,36,36,36,36,36,36,36
500010,1,1,0,0,0,0,0,0,0,0,0,0
500010,2,1,0,0,0,0,0,0,0,0,0,0
500011,1,1,0,0,0,0,0,0,0,0,0,0
500012,1,1,15,15,15,15,15,15,15,15,15,15
500013,1,1,0,0,0,0,0,0,0,0,0,0
500013,2,1,0,0,0,0,0,0,0,0,0,0
500014,1,1,0,0,0,0,0,0,0,0,0,0
500015,1,1,0,0,0,0,0,0,0,0,0,0
500015,2,1,0,0,0,0,0,0,0,0,32,0
500016,1,1,10,10,10,10,10,10,10,10,10,10
500017,1,1,15,15,15,15,15,15,15,15,15,15
500018,1,1,19,19,19,19,19,19,19,19,19,19
500018,2,1,0,2,0,0,0,0,0,0,0,0
500019,0,1,0,0,0,0,0,0,0,0,0,0
500019,1,1,0,0,0,0,0,0,0,0,0,0
500020,1,1,0,0,0,0,0,0,0,0,0,0
500020,2,1,0,0,0,0,0,0,0,0,0,0
500021,1,1,13,13,13,13,13,13,13,13,13,13
500022,1,1,0,0,0,0,0,0,0,0,0,0
500023,1,1,0,0,0,0,0,0,0,0,0,0
500023,2,1,0,0,0,0,0,0,0,0,0,0
500024,1,1,2,2,2,2,2,2,2,2,2,2
500025,0,1,0,0,20,0,0,0,0,0,0,0
500025,1,1,0,0,0,0,0,0,0,0,0,0
500026,1,1,0,0,0,0,0,0,0,0,0,0
500027,1,1,0,0,0,0,0,0,0,0,0,0
500027,2,1,0,0,0,0,0,0,0,0,0,0
500028,1,1,0,0,0,0,0,0,0,0,0,0
500028,2,1,0,0,0,0,0,0,0,0,0,0
500029,1,1,0,0,0,0,0,0,0,0,0,0
500030,1,1,0,0,0,0,0,0,0,0,0,0
500030,2,1,0,0,0,0,0,0,0,0,0,0
500030,3,1,0,0,0,0,0,0,0,0,0,8
500031,1,1,0,0,0,0,0,0,0,8,0,0
500031,2,1,0,0,0,0,0,0,0,9,0,0
500031,3,1,0,0,0,0,0,0,0,0,0,0
500032,1,1,0,0,0,0,0,0,0,0,0,0
500032,2,1,0,0,0,0,0,0,0,0,0,0
500033,1,1,0,0,0,0,0,0,0,0,0,0
500033,2,1,0,0,0,0,0,0,0,0,0,0
500033,3,1,0,0,0,0,0,0,0,0,0,0
500034,1,1,18,18,18,18,18,18,18,18,18,18
500035,1,1,0,0,0,0,0,0,0,0,0,0
500036,1,1,0,0,0,0,0,0,0,0,0,0
500036,2,1,0,0,0,0,0,0,0,0,0,0
500037,1,1,2,2,2,2,2,2,2,2,2,2
500037,2,1,0,0,0,0,0,0,0,14,0,0
500038,1,1,0,0,0,0,0,0,0,0,0,0
500038,2,1,0,0,0,0,0,0,0,0,0,0
500038,3,1,0,19,0,0,0,0,0,0,0,0
500039,1,1,0,0,0,0,0,0,0,0,0,0
500040,1,1,0,0,0,0,0,0,0,0,0,0
500040,2,1,0,0,0,0,0,0,0,0,0,0
500041,1,1,0,0,0,0,0,0,0,0,0,0
500042,1,1,4,4,4,4,4,4,4,4,4,4
500043,1,1,0,0,0,19,0,0,0,0,6,0
500044,1,1,2,2,2,2,2,2,2,2,2,2
500044,2,1,0,0,0,0,0,0,0,0,0,0
510001,0,1,0,0,0,0,0,0,0,0,0,0
510001,1,1,0,0,0,0,0,0,0,16,0,15
510002,1,1,0,0,0,0,0,0,0,0,0,0
510002,2,1,0,0,0,0,0,0,0,0,0,0
510003,1,1,0,0,0,9,0,0,0,0,0,0
510004,0,1,0,0,0,0,0,0,0,0,0,0
510004,1,1,34,0,23,4,29,17,29,13,22,0
510005,1,1,0,0,0,0,0,0,0,0,0,0
510005,2,1,0,0,0,0,0,0,0,23,0,0
510006,0,1,0,0,0,0,0,0,0,0,0,0
510006,1,1,0,0,0,0,0,0,0,0,0,0
510007,1,1,0,0,0,0,0,0,0,0,0,0
510007,2,1,0,0,0,0,0,0,0,0,0,0
510008,0,1,3,3,3,3,3,3,3,3,3,3
510008,1,1,0,0,0,0,0,0,0,0,0,0
510009,1,1,0,0,0,0,0,0,0,0,0,0
510010,0,1,0,27,0,0,0,0,0,0,0,0
510010,1,1,0,0,0,33,20,0,17,0,13,0
510011,1,1,0,0,0,0,0,0,0,0,0,0
510011,2,1,0,0,0,0,0,0,0,0,0,0
510012,1,1,6,6,6,6,6,6,6,6,6,6
510012,2,1,0,0,0,0,0,0,0,0,0,0
510013,1,1,0,0,0,0,0,0,0,0,0,0
510013,2,1,0,0,0,0,0,0,0,0,0,0
510013,3,1,0,0,0,0,0,0,16,0,0,10
510013,4,1,0,0,0,0,0,0,0,10,0,0
510013,5,1,0,0,0,0,0,0,0,0,0,0
510014,1,1,12,12,12,12,12,12,12,12,12,12
510015,1,1,24,24,24,24,24,24,24,24,24,24
510015,2,1,0,0,0,0,0,0,0,0,11,0
510016,1,1,0,0,0,0,0,0,0,0,0,0
510016,2,1,0,0,11,0,23,0,0,0,0,0
510017,1,1,8,0,0,0,0,0,8,0,24,0
510018,1,1,41,41,41,41,41,41,41,41,41,41
510019,1,1,0,0,0,0,0,0,0,0,0,0
510020,1,1,0,0,0,0,0,0,0,0,0,0
510020,2,1,0,0,0,0,0,0,0,0,0,0
510021,1,1,29,29,29,29,29,29,29,29,29,29
510022,1,1,0,0,0,0,0,0,0,0,0,0
510023,1,1,0,0,0,0,0,0,0,0,0,0
510023,2,1,0,0,0,0,0,0,0,0,0,0
510024,1,1,0,0,0,0,0,0,0,0,0,0
510024,2,1,0,0,0,0,0,0,0,0,0,0
510025,1,1,22,22,22,22,22,22,22,22,22,22
510026,0,1,0,0,0,0,0,0,0,0,0,0
510026,1,1,0,0,0,0,0,0,0,0,0,0
510027,1,1,0,0,0,0,0,0,0,0,0,0
510028,1,1,0,0,0,0,0,0,0,0,0,0
510029,1,1,0,0,0,0,0,0,0,0,0,0
510029,2,1,0,0,0,0,0,0,0,0,0,0
510029,3,1,0,0,0,0,0,0,0,0,0,0
510030,1,1,0,0,0,0,0,0,0,0,0,0
510031,1,1,11,11,11,11,11,11,11,11,11,11
510032,1,1,17,17,17,17,17,17,17,17,17,17
510033,1,1,0,0,0,0,0,0,0,0,0,0
510033,2,1,0,0,0,0,0,0,0,0,0,0
510033,3,1,0,0,0,0,0,0,0,0,0,0
510034,1,1,0,0,0,0,0,0,0,0,0,0
510035,0,1,0,0,0,0,0,0,0,0,0,0
510035,1,1,0,0,0,0,0,0,0,0,0,0
510036,1,1,0,5,0,0,0,0,0,0,0,0
510037,0,1,0,0,0,0,0,0,0,0,0,0
510037,1,1,0,0,0,0,0,0,0,0,0,0
510038,1,1,32,0,4,13,18,13,12,31,25,9
510038,2,1,0,0,0,0,0,0,0,0,0,0
510039,1,1,0,0,0,0,0,0,0,0,0,0
510039,2,1,0,0,0,0,0,0,0,0,0,0
510040,1,1,21,21,21,21,21,21,21,21,21,21
510040,2,1,0,0,0,0,0,0,0,0,0,0
510041,1,1,0,0,0,0,0,0,0,0,0,0
510042,1,1,0,0,0,0,0,0,0,0,0,0
510043,0,1,3,19,8,27,28,8,0,19,4,11
510043,1,1,0,0,0,0,0,0,0,0,0,0
510044,1,1,0,0,0,0,0,0,0,0,0,0
510044,2,1,0,0,0,0,0,0,0,0,0,0
510045,0,1,0,0,0,0,0,0,0,0,0,0
510045,1,1,0,0,0,0,0,0,0,0,0,0
510046,1,1,0,0,0,0,0,0,0,0,0,0
510046,2,1,0,0,0,0,0,0,0,0,0,0
510047,1,1,0,0,0,0,0,0,0,0,0,0
510048,1,1,0,0,0,0,24,0,0,0,0,0
510048,2,1,0,0,0,0,0,0,0,0,0,0
510049,1,1,0,0,0,0,0,0,0,0,0,0
510050,1,1,0,0,0,0,0,0,0,0,0,0
510051,1,1,0,0,0,0,0,0,0,0,0,0
510052,1,1,0,0,0,0,0,0,0,0,0,0
510052,2,1,0,0,0,0,14,0,0,0,0,15
510053,0,1,38,38,38,38,38,38,38,38,38,38
510053,1,1,8,0,0,17,24,20,2,26,13,20
510054,1,1,32,32,32,32,32,32,32,32,32,32
510055,0,1,0,0,0,0,0,0,0,0,0,0
510055,1,1,0,0,0,0,0,0,0,0,0,10
510056,1,1,16,16,16,16,16,16,16,16,16,16
510057,1,1,0,0,0,0,0,0,0,0,0,0
510058,1,1,11,11,11,11,11,11,11,11,11,11
510059,0,1,18,18,18,18,18,18,18,18,18,18
510059,1,1,0,12,0,0,0,0,32,0,0,0
510060,1,1,0,0,0,0,0,0,0,0,0,0
510061,1,1,0,0,0,0,0,0,0,0,0,0
510062,1,1,0,0,0,0,0,0,0,0,0,0
510063,1,1,0,0,0,0,0,0,0,0,0,0
510063,2,1,0,0,3,15,0,0,0,0,0,0
510064,1,1,0,0,0,0,0,0,0,0,0,0
510065,1,1,0,0,0,0,0,0,0,0,0,0
510065,2,1,0,0,0,0,12,0,0,16,0,0
510066,1,1,3,3,3,3,3,3,3,3,3,3
510067,1,1,0,0,0,0,0,0,0,0,10,0
510067,2,1,0,0,0,0,0,0,0,0,0,0
510067,3,1,0,0,0,0,0,0,0,0,0,0
510068,1,1,0,0,0,0,0,0,0,0,0,0
510068,2,1,0,0,0,0,0,0,0,0,0,0
510069,1,1,0,0,0,0,0,0,0,0,0,0