ST_CASE,VEH_NO,PER_NO,P1,P2,P3,P4,P5,P6,P7,P8,P9,P10
510069,2,1,0,0,0,0,0,8,0,0,0,0
510069,3,1,0,0,0,0,0,0,0,0,0,0
510069,4,1,0,0,0,0,0,0,0,0,0,0
510070,1,1,17,17,17,17,17,17,17,17,17,17
510071,0,1,27,27,27,27,27,27,27,27,27,27
510071,1,1,0,0,0,0,0,0,0,0,0,0
510072,0,1,0,0,0,0,0,0,0,0,0,0
510072,1,1,0,23,0,0,0,0,0,23,13,0
510074,1,1,0,0,0,0,0,0,0,0,0,0
510074,2,1,0,0,0,0,0,0,8,19,0,13
510074,3,1,0,0,0,0,0,0,0,0,0,0
510074,4,1,0,0,0,0,0,0,0,0,0,0
510075,1,1,0,0,0,0,0,0,0,0,0,0
510075,2,1,0,0,0,0,0,0,0,0,0,0
510076,1,1,0,0,0,0,0,0,0,0,0,0
510077,1,1,0,0,0,0,0,0,0,0,0,0
510077,2,1,0,0,0,8,0,0,0,0,0,0
510078,1,1,0,0,0,0,0,0,0,0,0,0
510078,2,1,0,0,0,0,0,0,0,0,0,0
510079,0,1,0,0,19,0,0,0,0,0,0,0
510079,0,2,0,0,0,0,0,0,0,53,0,0
510079,1,1,0,0,17,0,9,0,0,0,0,0
510080,1,1,0,0,0,0,0,0,0,0,0,0
510080,2,1,0,0,0,0,0,0,15,0,0,0
510080,3,1,0,0,0,0,0,0,15,0,0,0
510081,1,1,0,0,0,0,0,0,0,0,0,0
510082,1,1,58,58,58,58,58,58,58,58,58,58
510084,1,1,0,0,0,0,0,0,0,0,0,0
510085,1,1,0,0,0,0,0,0,0,0,0,0
510086,1,1,0,0,0,0,0,0,0,0,0,0
510086,2,1,0,0,0,0,0,0,0,0,0,0
510087,1,1,0,0,0,0,0,0,0,0,0,0
510088,1,1,15,15,15,15,15,15,15,15,15,15
510089,1,1,0,0,0,0,0,0,0,0,0,0
510090,0,1,22,22,22,22,22,22,22,22,22,22
510090,1,1,0,0,0,0,0,0,0,0,0,0
510091,1,1,25,25,25,25,25,25,25,25,25,25
510091,2,1,24,15,17,2,10,10,5,35,0,33
510092,1,1,0,0,0,0,0,0,0,0,0,0
510093,1,1,0,0,0,0,0,0,0,0,0,0
510093,2,1,0,0,0,0,0,0,0,0,0,0
510094,1,1,25,41,29,9,18,10,17,27,18,26
510095,1,1,0,0,0,0,0,0,0,0,0,0
510095,2,1,0,0,0,0,0,0,15,16,18,0
510096,1,1,0,0,0,0,0,0,0,0,0,0
510096,2,1,0,0,0,0,0,0,0,0,0,0
510096,3,1,0,0,0,0,0,0,0,0,0,0
510097,0,1,0,0,0,0,0,0,0,0,0,0
510097,1,1,0,0,0,0,0,0,0,0,14,0
510098,0,1,0,0,0,0,0,0,0,0,0,0
510098,1,1,0,0,0,0,0,0,0,3,0,0
510099,1,1,12,12,12,12,12,12,12,12,12,12
510100,1,1,0,0,0,0,0,0,0,0,0,0
510100,2,1,0,0,0,0,0,0,0,0,0,0
510101,1,1,28,0,0,0,0,0,0,0,0,0
510101,2,1,0,0,0,0,0,0,0,0,0,0
510102,1,1,4,4,4,4,4,4,4,4,4,4
510103,1,1,6,6,6,6,6,6,6,6,6,6
510104,0,1,0,0,0,0,0,0,0,0,0,0
510104,1,1,0,0,0,0,0,0,0,0,0,0
510105,1,1,17,0,20,0,0,0,0,8,0,0
510106,1,1,0,0,0,0,0,0,0,0,0,0
510106,2,1,0,0,0,0,0,0,0,0,0,0
510106,3,1,0,0,0,0,0,0,0,0,0,0
510106,4,1,0,0,0,0,0,0,0,0,0,0
510106,5,1,0,0,12,4,0,0,0,0,0,0
510107,1,1,0,0,0,0,0,0,0,0,0,0
510107,2,1,0,0,0,0,0,0,0,0,0,0
510107,3,1,0,0,0,0,0,0,0,0,0,0
510107,4,1,0,0,0,0,0,0,0,0,0,0
510107,5,1,2,0,0,0,0,0,0,0,0,0
510107,6,1,0,0,0,0,0,0,0,0,0,0
510108,0,1,0,0,0,0,0,0,0,0,0,0
510108,1,1,0,0,0,0,0,0,0,0,0,0
510109,1,1,10,14,11,13,22,13,9,12,0,10
510109,2,1,0,0,0,0,0,0,0,0,0,0
510110,1,1,44,44,44,44,44,44,44,44,44,44
510111,0,1,2,2,2,2,2,2,2,2,2,2
510111,1,1,20,20,20,20,20,20,20,20,20,20
510111,2,1,16,21,19,18,0,5,7,25,32,10
510112,0,1,20,0,0,0,50,0,17,0,0,34
510112,1,1,0,0,0,23,0,0,0,0,0,0
510113,0,1,0,0,0,0,0,0,0,0,0,0
510113,1,1,0,0,0,0,0,0,0,0,0,0
510114,1,1,0,22,0,0,0,0,0,0,0,0
510114,2,1,0,0,0,0,0,0,0,0,0,0
510115,1,1,18,7,23,4,23,35,20,2,17,9
510115,2,1,5,14,0,0,0,0,0,0,0,0
510115,3,1,0,0,11,0,0,0,0,0,0,0
510116,0,1,0,0,0,0,0,0,0,0,0,0
510116,1,1,5,32,0,0,14,0,14,0,0,0
510117,1,1,0,0,0,0,0,0,0,0,0,0
510117,2,1,0,0,0,0,0,0,0,0,0,0
510118,1,1,0,0,0,0,0,0,0,0,0,0
510118,2,1,0,0,0,0,0,0,0,0,0,0
510119,1,1,0,0,0,0,0,0,0,0,0,0
510119,2,1,0,0,0,0,0,0,0,0,0,0
510120,1,1,0,0,0,0,0,0,0,0,0,0
510121,1,1,0,0,0,0,0,0,0,0,0,0
510121,2,1,0,0,0,0,0,0,0,0,0,0
510122,0,1,0,0,0,0,0,0,0,0,0,0
510122,1,1,0,0,11,0,0,0,0,0,15,19
510123,1,1,0,0,0,0,0,0,0,0,0,0
510123,2,1,0,0,0,0,0,0,0,0,0,0
510123,3,1,0,0,0,0,0,0,0,0,0,0
510124,1,1,0,0,17,0,41,0,0,17,3,19
510125,0,1,0,0,0,0,0,0,0,0,0,0
510125,1,1,0,0,0,0,0,0,0,0,0,0
510126,1,1,7,7,7,7,7,7,7,7,7,7
510127,1,1,6,7,19,3,0,29,11,23,15,8
510127,2,1,25,12,0,25,18,5,28,17,6,22
510128,1,1,0,0,0,0,33,0,0,0,0,0
510128,2,1,0,0,0,0,0,0,0,0,0,0
510129,1,1,0,0,0,0,0,0,0,0,0,0
510130,1,1,0,0,0,0,0,0,0,0,0,0
510131,0,1,0,0,0,0,0,0,0,0,0,0
510131,1,1,0,0,0,0,0,0,0,0,0,0
510132,1,1,25,25,25,25,25,25,25,25,25,25
510133,0,1,0,0,0,0,0,0,0,0,0,0
510133,1,1,0,0,0,0,0,0,0,0,0,0
510134,1,1,13,27,9,16,15,18,6,5,13,11
510135,1,1,0,0,0,0,0,0,0,0,0,0
510136,1,1,0,0,0,0,0,0,0,13,0,0
510137,1,1,0,0,0,0,0,0,0,0,0,0
510137,2,1,0,18,0,0,0,0,0,0,0,0
510138,1,1,16,37,0,4,3,15,12,12,10,12
510138,2,1,0,0,0,0,0,0,0,0,0,0
510139,1,1,0,0,0,11,0,0,0,0,0,0
510140,1,1,21,3,9,7,22,16,15,3,19,24
510140,2,1,0,0,0,0,0,0,0,0,0,0
510141,0,1,0,16,0,0,0,0,40,0,0,4
510141,1,1,0,0,0,0,0,0,0,0,0,0
510141,2,1,0,0,0,0,0,0,0,0,0,0
510141,3,1,0,0,0,18,0,0,0,0,0,0
510142,1,1,16,16,16,16,16,16,16,16,16,16
510143,0,1,24,24,24,24,24,24,24,24,24,24
510143,1,1,0,0,0,0,0,0,0,0,0,0
510144,1,1,0,7,30,28,25,26,20,10,6,11
510145,0,1,0,0,0,0,0,0,0,0,0,0
510145,1,1,0,0,0,0,0,21,0,0,0,0
510146,1,1,0,0,0,0,0,0,0,0,0,0
510146,3,1,0,15,0,0,0,0,0,0,0,9
510147,1,1,0,0,0,0,0,0,0,0,0,0
510147,2,1,0,0,0,0,0,0,0,0,0,0
510148,1,1,7,7,7,7,7,7,7,7,7,7
510149,1,1,17,17,17,17,17,17,17,17,17,17
510150,0,1,0,0,0,0,0,0,0,0,0,0
510150,0,2,0,0,0,0,0,0,0,0,0,0
510150,1,1,0,0,0,0,0,0,0,0,0,0
510151,1,1,26,15,16,12,0,20,19,37,9,0
510152,1,1,0,0,0,0,0,0,0,0,0,0
510153,1,1,0,0,0,0,0,0,0,0,0,0
510153,2,1,0,0,0,0,0,0,14,0,0,0
510154,1,1,22,13,22,0,11,25,11,0,9,27
510155,1,1,0,0,0,0,0,0,0,0,0,0
510156,0,1,0,0,0,0,0,0,0,6,0,0
510156,1,1,0,0,8,0,0,0,0,0,0,7
510157,1,1,29,29,29,29,29,29,29,29,29,29
510158,1,1,0,0,0,0,0,0,0,0,0,0
510159,0,1,0,0,0,0,0,0,0,0,0,0
510159,1,1,0,0,0,0,0,0,0,0,0,0
510160,1,1,0,0,0,0,0,0,0,0,0,0
510160,2,1,0,0,0,0,0,0,0,0,0,0
510161,1,1,0,0,0,0,0,0,0,0,0,0
510161,2,1,0,0,0,0,0,0,0,0,0,0
510162,0,1,0,0,0,0,0,0,0,0,0,0
510162,1,1,0,0,0,0,0,0,0,0,0,0
510163,1,1,0,0,0,0,0,0,0,0,0,0
510164,1,1,0,0,0,0,0,0,0,0,0,0
510164,2,1,0,0,0,0,31,0,0,0,0,0
510164,3,1,0,0,0,0,0,0,0,0,0,0
510166,1,1,0,0,0,0,0,0,0,0,0,0
510166,2,1,0,0,0,0,0,0,0,0,0,0
510167,1,1,17,17,17,17,17,17,17,17,17,17
510168,1,1,0,0,0,0,0,0,0,0,0,0
510169,0,1,24,24,24,24,24,24,24,24,24,24
510169,1,1,0,0,24,0,0,0,0,0,0,0
510170,1,1,0,9,0,0,0,0,0,0,0,0
510171,1,1,0,0,0,0,0,0,0,0,0,0
510172,1,1,0,0,0,0,0,0,0,0,0,0
510173,1,1,10,10,10,10,10,10,10,10,10,10
510174,1,1,0,0,0,0,0,0,0,0,0,0
510174,2,1,0,0,0,0,0,0,0,0,0,0
510175,1,1,0,13,4,18,17,3,12,25,15,41
510175,2,1,0,0,0,0,0,0,0,0,0,0
510176,0,1,0,0,0,0,0,0,0,0,0,0
510176,1,1,0,0,0,0,0,0,0,0,0,0
510177,1,1,0,10,0,0,0,0,0,0,0,0
510178,1,1,0,0,0,0,0,0,0,0,0,0
510178,2,1,0,0,0,0,0,0,0,0,0,0
510179,1,1,19,19,19,19,19,19,19,19,19,19
510180,1,1,10,10,10,10,10,10,10,10,10,10
510181,1,1,0,0,0,0,0,0,0,0,0,0
510182,1,1,6,6,6,6,6,6,6,6,6,6
510183,1,1,0,0,0,0,0,0,0,0,0,0
510183,2,1,17,15,17,9,24,10,30,0,18,11
510184,0,1,0,0,0,0,0,0,0,0,0,0
510184,1,1,0,0,0,0,0,0,0,0,0,7
510185,1,1,0,0,0,0,0,0,0,0,0,0
510186,1,1,26,22,5,26,8,24,24,0,25,14
510186,2,1,0,0,0,0,0,0,0,0,0,0
510187,0,1,29,29,29,29,29,29,29,29,29,29
510187,1,1,0,0,0,0,0,0,0,0,0,0
510188,1,1,26,0,0,0,0,0,12,14,11,0
510189,1,1,0,0,0,0,0,0,0,0,0,0
510190,1,1,0,0,0,6,0,0,0,0,0,0
510190,2,1,0,0,0,0,0,0,0,0,0,0
510191,0,1,0,0,0,0,12,0,0,0,3,0
510191,1,1,0,0,0,0,0,0,0,0,0,0
510192,1,1,14,14,14,14,14,14,14,14,14,14
510192,2,1,0,0,0,0,0,34,0,10,0,0
510192,3,1,17,0,0,13,0,0,0,0,0,0
510193,1,1,0,0,0,0,0,0,0,0,0,0
510194,1,1,12,12,12,12,12,12,12,12,12,12
510195,1,1,14,14,14,14,14,14,14,14,14,14
510196,1,1,0,0,0,0,0,0,0,0,0,0
510196,2,1,0,0,0,0,0,0,0,0,0,0
510197,1,1,3,3,3,3,3,3,3,3,3,3
510197,2,1,0,0,0,0,0,0,0,0,0,0
510198,1,1,25,0,0,0,0,0,0,0,0,0
510198,2,1,0,0,0,0,0,0,0,0,0,0
510200,1,1,19,19,19,19,19,19,19,19,19,19
510201,1,1,13,13,13,13,13,13,13,13,13,13
510202,0,1,0,0,0,0,0,0,0,0,0,0
510202,1,1,0,0,0,0,0,0,0,0,0,0
510203,1,1,0,0,0,0,0,0,0,0,0,0
510203,2,1,0,0,0,0,0,0,0,0,0,0
510203,3,1,0,0,0,0,0,0,0,0,0,0
510204,0,1,0,0,0,0,0,0,0,0,0,0
510204,1,1,0,0,0,0,0,0,0,0,0,0
510205,1,1,0,0,0,0,0,0,0,0,0,0
510206,1,1,21,21,21,21,21,21,21,21,21,21
510207,1,1,0,0,0,0,0,0,0,0,0,0
510208,1,1,0,0,0,0,0,0,0,13,0,0
510208,2,1,0,0,0,0,0,0,0,0,0,0
510209,1,1,0,0,0,0,0,0,0,0,0,0
510209,2,1,0,0,0,0,0,0,0,0,10,0
510210,1,1,0,0,0,0,0,0,0,0,0,0
510211,1,1,0,0,0,0,0,0,0,0,0,0
510211,2,1,0,0,11,0,0,0,0,0,0,16
510211,3,1,0,0,0,0,0,0,0,0,0,0
510212,1,1,0,0,0,0,0,0,0,0,11,12
510213,0,1,25,25,25,25,25,25,25,25,25,25
510213,1,1,18,0,6,0,12,14,0,11,6,0
510214,1,1,0,0,0,0,0,0,0,0,0,0
510215,1,1,10,10,10,10,10,10,10,10,10,10
510215,2,1,0,0,19,0,6,0,0,0,0,0
510216,1,1,21,21,21,21,21,21,21,21,21,21
510217,1,1,0,0,0,0,0,0,0,0,0,0
510218,1,1,0,0,0,0,0,0,0,0,0,0
510219,1,1,0,0,0,0,0,0,0,0,0,0
510219,2,1,0,0,0,0,0,0,0,0,0,0
510219,3,1,0,0,0,0,0,0,0,0,0,0
510219,4,1,0,0,0,0,0,0,0,0,0,0
510220,1,1,23,23,23,23,23,23,23,23,23,23
510221,0,1,11,11,11,11,11,11,11,11,11,11
510221,1,1,0,16,16,0,28,10,0,0,23,7
510222,1,1,0,0,0,0,0,0,0,0,0,0
510223,1,1,0,0,0,0,0,0,0,0,0,0
510224,1,1,0,0,0,0,0,0,0,0,0,0
510224,2,1,0,0,0,0,0,0,0,0,0,0
510225,1,1,0,0,0,0,0,0,0,0,0,0
510225,2,1,0,0,0,0,0,0,0,0,0,0
510226,1,1,0,0,0,0,0,0,0,0,0,0
510226,2,1,0,0,0,0,0,0,0,0,0,0
510227,1,1,0,0,0,0,0,0,0,0,0,0
510228,1,1,0,0,0,0,0,0,0,0,0,0
510229,1,1,0,0,0,0,0,0,0,0,0,0
510229,2,1,17,0,0,16,0,0,0,0,0,0
510230,1,1,21,21,21,21,21,21,21,21,21,21
510231,0,1,25,25,25,25,25,25,25,25,25,25
510231,1,1,0,0,0,32,0,0,0,0,0,0
510232,1,1,22,22,22,22,22,22,22,22,22,22
510233,1,1,18,18,18,18,18,18,18,18,18,18
510233,2,1,0,0,0,0,0,0,0,0,0,0
510233,3,1,0,0,0,0,0,0,0,0,0,0
510234,1,1,0,0,0,0,0,0,0,0,0,0
510235,1,1,22,22,22,22,22,22,22,22,22,22
510236,1,1,32,32,32,32,32,32,32,32,32,32
510236,2,1,0,0,0,0,0,0,0,0,0,0
510237,1,1,0,0,0,0,0,0,0,0,0,0
510237,2,1,0,0,0,0,0,0,0,0,0,0
510238,1,1,0,0,0,0,0,0,0,0,0,0
510239,1,1,0,0,0,0,0,0,0,0,0,0
510239,2,1,0,0,0,0,0,0,0,0,0,0
510240,1,1,33,33,33,33,33,33,33,33,33,33
510241,1,1,24,24,24,24,24,24,24,24,24,24
510241,2,1,0,0,0,0,0,0,0,0,0,0
510242,1,1,0,0,0,0,0,0,0,0,0,0
510243,1,1,0,0,0,0,0,0,0,0,0,0
510243,2,1,0,0,0,0,0,0,0,0,0,0
510244,1,1,0,0,7,0,0,0,0,0,0,0
510244,2,1,10,10,10,10,10,10,10,10,10,10
510245,1,1,0,35,13,0,27,0,0,0,22,0
510246,1,1,0,0,0,0,0,0,0,0,0,0
510246,2,1,0,0,0,0,0,0,0,0,0,0
510247,1,1,0,0,0,0,0,0,0,0,0,0
510247,2,1,0,0,0,0,0,0,0,0,0,0
510248,1,1,21,21,21,21,21,21,21,21,21,21
510249,1,1,0,0,0,0,0,0,0,0,0,0
510249,2,1,0,0,0,0,0,0,0,0,0,9
510251,1,1,0,0,0,0,0,0,0,0,0,0
510252,0,1,29,29,29,29,29,29,29,29,29,29
510252,1,1,6,0,19,15,16,10,0,28,20,32
510253,1,1,0,0,0,8,0,0,0,0,0,0
510253,2,1,0,0,0,0,0,0,0,0,0,0
510254,0,1,0,0,0,0,0,0,0,0,0,0
510254,1,1,0,0,0,0,0,11,0,0,0,0
510255,1,1,0,0,0,0,0,0,0,0,0,0
510255,2,1,0,0,0,0,0,0,0,0,0,0
510256,1,1,19,19,19,19,19,19,19,19,19,19
510257,1,1,0,0,0,0,0,0,0,0,0,0
510257,2,1,0,0,0,0,0,0,0,8,0,0
510257,3,1,0,0,0,0,0,0,0,0,0,0
510258,1,1,26,26,26,26,26,26,26,26,26,26
510259,1,1,7,7,7,7,7,7,7,7,7,7
510260,1,1,0,0,0,0,0,0,0,0,0,0
510261,1,1,0,0,0,0,0,0,0,0,0,0
510262,1,1,31,31,31,31,31,31,31,31,31,31
510262,2,1,0,0,0,0,0,0,0,0,0,0
510263,1,1,17,17,17,17,17,17,17,17,17,17
510263,2,1,0,0,0,0,0,0,0,0,0,0
510264,1,1,0,0,0,0,0,0,0,0,0,0
510264,2,1,0,0,0,0,0,0,0,0,0,0
510266,1,1,0,0,0,0,0,0,0,0,0,0
510267,0,1,0,0,0,0,0,0,0,0,0,0
510267,1,1,0,0,0,0,0,0,0,0,0,0
510268,1,1,0,0,0,0,0,0,0,0,0,0
510269,1,1,4,35,30,17,23,13,34,22,9,20
510270,1,1,22,31,53,9,14,36,16,0,21,14
510271,1,1,0,0,0,0,0,0,0,0,0,0
510272,1,1,0,0,0,0,0,0,0,0,0,0
510272,2,1,0,0,0,0,0,0,0,0,0,0
510273,1,1,0,0,0,0,0,0,0,0,0,0
510274,1,1,0,0,0,0,0,0,0,0,0,0
510275,1,1,0,0,0,0,0,0,0,0,0,0
510275,2,1,0,0,0,0,0,0,0,0,0,0
510276,1,1,2,2,2,2,2,2,2,2,2,2
510276,2,1,0,0,0,0,0,0,0,0,2,0
510276,3,1,0,0,0,34,0,0,0,0,0,0
510277,0,1,0,0,0,0,0,0,0,0,0,0
510277,1,1,0,0,0,0,0,0,0,0,25,0
510278,1,1,0,0,0,0,0,0,0,0,0,0
510279,1,1,16,16,16,16,16,16,16,16,16,16
510279,2,1,0,0,0,0,0,0,0,0,0,0
510280,1,1,0,0,0,0,0,0,0,0,0,0
510281,1,1,0,0,0,17,0,0,0,0,0,0
510282,0,1,36,36,36,36,36,36,36,36,36,36
510282,1,1,0,0,0,0,0,0,0,0,0,0
510283,1,1,0,0,0,0,0,0,0,0,0,0
510283,2,1,0,0,0,0,0,0,0,0,0,0
510284,0,1,40,40,40,40,40,40,40,40,40,40
510284,0,2,0,0,0,31,0,0,0,0,0,0
510284,1,1,29,20,20,5,18,14,14,19,13,16
510285,1,1,0,0,0,0,0,0,0,0,0,0
510286,1,1,23,23,23,23,23,23,23,23,23,23
510287,1,1,0,0,0,0,0,0,0,0,0,0
510287,2,1,0,0,0,0,0,0,0,0,0,0
510288,1,1,0,0,0,0,0,0,0,0,0,0
510289,1,1,9,12,10,8,5,5,11,9,10,9
510289,2,1,0,0,0,0,0,0,0,0,0,0
510290,1,1,0,0,0,0,0,0,0,0,0,0
510291,1,1,0,0,0,0,0,0,0,0,0,0
510292,1,1,0,0,0,0,0,0,0,0,0,0
510293,1,1,14,14,14,14,14,14,14,14,14,14
510294,1,1,29,29,29,29,29,29,29,29,29,29
510295,1,1,0,0,0,0,0,0,0,0,0,0
510295,2,1,0,0,0,0,0,0,0,0,0,0
510295,3,1,0,0,0,0,0,0,0,0,0,0
510296,1,1,0,0,0,0,0,0,0,0,0,0
510296,2,1,0,0,17,0,0,0,0,0,0,0
510297,1,1,0,0,0,0,0,0,13,0,0,0
510298,1,1,0,0,0,0,0,0,0,0,0,0
510299,1,1,0,0,0,0,0,0,0,0,0,0
510299,2,1,0,0,0,0,0,0,9,0,0,0
510300,1,1,0,0,0,0,0,0,0,0,0,0
510300,2,1,0,0,0,0,0,0,0,0,11,0
510301,1,1,0,0,0,0,0,0,0,0,0,0
510301,2,1,0,0,0,0,0,0,0,0,0,0
510302,1,1,18,18,18,18,18,18,18,18,18,18
510303,1,1,0,0,0,0,0,0,0,0,0,0
510304,0,1,0,0,0,0,0,0,0,0,0,0
510304,1,1,0,0,0,0,0,0,0,0,0,0
510304,2,1,0,0,0,3,0,0,0,0,0,0
510305,1,1,0,0,0,0,0,0,0,0,0,0
510305,2,1,0,0,0,0,0,0,0,0,0,0
510306,0,1,5,5,5,5,5,5,5,5,5,5
510306,1,1,0,12,7,19,15,5,26,18,27,0
510307,0,1,0,0,0,0,0,0,0,0,0,0
510307,1,1,0,0,0,0,0,0,0,0,10,0
510307,2,1,0,0,0,0,0,0,0,0,0,0
510307,3,1,0,0,0,7,0,0,0,0,9,0
510307,4,1,0,0,0,16,22,0,0,0,0,20
510307,5,1,0,0,16,0,0,11,0,0,0,0
510308,1,1,5,5,5,5,5,5,5,5,5,5
510309,1,1,13,13,13,13,13,13,13,13,13,13
510310,1,1,0,0,0,0,0,0,0,0,0,0
510310,2,1,0,0,0,0,0,0,0,0,0,0
510311,1,1,0,0,0,0,0,0,0,0,0,0
510311,2,1,0,0,0,0,0,0,0,0,0,0
510312,1,1,0,0,0,0,0,0,0,0,0,11
510313,1,1,0,0,0,0,0,0,0,0,0,0
510313,2,1,1,1,1,1,1,1,1,1,1,1
510314,1,1,0,0,0,0,0,0,0,0,0,0
510314,2,1,0,0,0,0,0,0,0,0,0,0
510315,1,1,0,0,0,0,0,0,0,0,0,0
510315,2,1,0,0,0,0,0,0,0,0,0,0
510316,1,1,7,0,0,0,0,0,0,36,32,4
510317,0,1,44,28,34,27,24,36,21,0,16,11
510317,1,1,0,0,0,0,0,0,0,0,0,0
510318,1,1,22,0,0,0,0,0,0,0,0,0
510319,1,1,0,3,0,0,10,11,0,25,0,0
510319,2,1,0,0,0,0,0,0,0,0,0,0
510320,1,1,0,0,0,0,0,0,0,0,0,0
510320,2,1,0,0,0,0,0,0,0,0,0,0
510321,1,1,0,0,0,0,0,0,0,0,0,0
510321,2,1,0,0,0,0,12,0,0,0,0,0
510322,1,1,0,0,0,0,0,0,0,10,0,0
510323,1,1,0,0,0,0,0,0,0,0,0,0
510323,2,1,0,0,0,0,0,0,0,0,0,0
510324,1,1,12,12,12,12,12,12,12,12,12,12
510324,2,1,0,0,0,0,22,0,0,0,0,0
510325,1,1,0,0,0,0,0,0,0,0,0,0
510325,2,1,0,0,0,0,0,0,0,0,0,0
510326,1,1,0,0,4,0,0,0,0,0,0,0
510326,2,1,0,0,0,0,0,0,0,0,0,0
510327,1,1,0,0,0,0,0,0,0,0,0,0
510327,2,1,0,0,0,0,0,0,0,0,0,0
510328,1,1,17,17,17,17,17,17,17,17,17,17
510328,2,1,0,0,0,0,0,0,0,0,0,0
510329,1,1,33,33,33,33,33,33,33,33,33,33
510329,2,1,21,0,0,0,0,0,0,0,0,0
510330,1,1,0,0,0,0,0,0,0,0,0,0
510330,2,1,0,0,0,0,0,0,0,0,0,0
510331,1,1,5,5,5,5,5,5,5,5,5,5
510332,1,1,22,22,22,22,22,22,22,22,22,22
510333,1,1,0,0,0,0,0,0,0,0,0,0
510333,2,1,0,0,0,0,0,0,0,0,0,0
510334,1,1,0,0,0,0,20,0,0,0,0,0
510334,2,1,20,20,20,20,20,20,20,20,20,20
510335,0,1,0,0,0,0,0,0,0,0,0,0
510335,1,1,11,11,13,18,6,11,5,8,9,22
510336,0,1,0,13,0,25,0,0,5,17,0,0
510336,1,1,0,0,0,8,0,0,0,0,11,34
510337,1,1,14,0,14,20,8,11,0,0,17,14
510338,1,1,0,0,0,0,0,0,0,0,0,0
510339,1,1,0,0,0,0,0,0,0,0,0,0
510339,2,1,0,0,0,0,0,0,0,0,0,0
510339,3,1,0,0,0,0,0,0,0,0,0,0
510340,1,1,0,0,0,0,0,0,0,0,0,0
510341,1,1,0,0,0,0,0,0,0,0,0,0
510341,2,1,21,0,0,0,0,0,0,0,0,0
510342,1,1,25,16,15,26,16,9,11,17,13,22
510343,1,1,0,0,0,0,0,0,0,0,0,0
510344,1,1,0,0,0,0,0,0,0,13,0,18
510344,2,1,0,0,0,0,0,0,0,0,0,0
510345,1,1,34,34,34,34,34,34,34,34,34,34
510346,1,1,14,9,8,13,6,15,18,5,11,5
510347,1,1,0,0,0,0,0,0,0,0,0,0
510348,0,1,0,20,0,11,19,0,36,0,29,0
510348,1,1,0,0,0,0,0,0,0,0,0,19
510349,1,1,26,26,26,26,26,26,26,26,26,26
510350,0,1,0,0,0,0,0,0,0,0,0,0
510350,1,1,0,0,0,0,0,0,0,0,0,0
510351,1,1,0,0,0,0,0,0,0,0,0,0
510352,1,1,0,0,0,0,0,0,0,0,0,0
510353,1,1,0,22,14,0,0,0,0,24,0,0
510354,1,1,0,0,10,0,0,0,0,0,0,21
510355,1,1,1,1,1,1,1,1,1,1,1,1
510355,2,1,0,0,0,0,0,0,0,0,0,0
510356,1,1,0,0,0,0,0,0,0,0,0,0
510357,1,1,0,0,0,0,0,0,0,0,0,0
510357,2,1,0,0,0,0,0,0,0,0,0,0
510358,1,1,0,0,0,0,0,0,0,0,0,0
510359,1,1,17,17,17,17,17,17,17,17,17,17
510360,1,1,9,7,0,5,0,21,15,31,0,29
510361,1,1,50,50,50,50,50,50,50,50,50,50
510362,1,1,0,0,0,0,0,0,0,0,0,0
510363,1,1,0,0,8,0,0,0,19,0,0,0
510364,1,1,21,21,21,21,21,21,21,21,21,21
510365,0,1,0,0,0,0,0,0,0,0,0,0
510365,1,1,0,0,12,6,0,0,0,0,0,0
510366,1,1,0,0,0,0,29,16,0,0,0,15
510367,1,1,0,0,0,0,0,0,0,0,0,0
510367,2,1,0,0,0,0,0,0,0,0,0,0
510368,1,1,23,23,23,23,23,23,23,23,23,23
510369,1,1,0,0,0,0,0,0,0,0,0,0
510370,1,1,0,0,0,0,0,0,0,0,0,0
510370,2,1,0,0,0,0,0,0,0,0,0,0
510370,3,1,0,0,10,0,0,10,0,0,0,0
510371,1,1,10,10,10,10,10,10,10,10,10,10
510371,2,1,0,0,0,0,0,0,0,0,0,0
510372,1,1,0,0,0,0,0,0,0,0,0,0
510373,1,1,34,34,34,34,34,34,34,34,34,34
510374,1,1,0,0,0,0,0,0,0,0,0,0
510374,2,1,0,0,0,3,0,0,0,0,0,0
510375,0,1,8,8,8,8,8,8,8,8,8,8
510375,1,1,0,0,22,0,0,0,0,0,0,0
510376,1,1,10,0,0,0,0,0,0,0,0,0
510376,2,1,0,0,0,0,0,0,0,0,0,0
510376,3,1,0,0,0,0,0,0,0,0,0,0
510377,1,1,0,0,0,0,0,0,0,0,0,0
510378,1,1,0,0,0,0,0,0,0,0,0,0
510379,0,1,0,0,0,0,0,0,0,0,0,0
510379,1,1,0,0,0,0,0,0,0,0,0,0
510380,1,1,0,0,0,0,0,0,0,0,0,0
510380,2,1,0,0,0,0,0,0,0,0,25,0
510381,1,1,26,26,26,26,26,26,26,26,26,26