ST_CASE,VEH_NO,PER_NO,P1,P2,P3,P4,P5,P6,P7,P8,P9,P10
510382,0,1,0,0,0,0,0,0,0,0,0,0
510382,1,1,0,0,0,0,0,0,0,2,5,0
510383,1,1,22,22,22,22,22,22,22,22,22,22
510384,1,1,0,0,0,0,0,0,0,0,0,0
510384,2,1,0,0,0,0,0,0,0,0,0,0
510385,1,1,0,0,18,0,0,0,0,0,0,0
510386,1,1,20,20,20,20,20,20,20,20,20,20
510387,1,1,0,0,0,0,0,0,0,34,0,0
510387,2,1,0,0,0,0,0,0,0,0,0,0
510388,1,1,0,0,0,0,0,0,0,0,0,0
510388,2,1,0,0,0,0,0,0,0,0,0,0
510389,1,1,0,0,0,0,0,0,0,0,0,0
510390,1,1,16,0,0,0,0,0,0,2,37,0
510390,2,1,0,0,0,0,0,0,0,0,0,0
510391,1,1,0,0,0,0,0,0,0,0,0,0
510391,2,1,0,0,0,0,0,0,0,0,0,0
510392,1,1,0,0,0,0,0,0,0,0,0,0
510392,2,1,0,0,0,0,0,0,0,0,0,0
510392,3,1,0,0,0,0,0,0,0,0,0,0
510393,1,1,0,0,0,0,0,0,0,0,0,0
510394,1,1,0,16,16,11,15,0,0,9,11,13
510394,2,1,0,0,0,0,0,0,14,0,19,15
510395,1,1,22,22,22,22,22,22,22,22,22,22
510396,1,1,0,0,0,0,0,0,0,0,0,0
510396,2,1,0,0,0,0,0,0,0,0,0,0
510397,0,1,0,0,0,0,0,0,0,0,0,0
510397,1,1,0,0,0,0,0,0,0,0,0,0
510398,1,1,0,0,0,0,0,0,0,0,0,0
510399,1,1,21,21,21,21,21,21,21,21,21,21
510400,1,1,26,26,26,26,26,26,26,26,26,26
510401,1,1,16,16,16,16,16,16,16,16,16,16
510402,1,1,14,14,14,14,14,14,14,14,14,14
510403,0,1,0,0,0,0,0,0,0,0,0,0
510403,1,1,0,0,0,0,0,0,0,0,0,0
510404,0,1,0,0,0,0,0,0,0,0,0,0
510404,1,1,0,0,0,0,0,0,0,0,0,0
510405,1,1,0,0,0,0,0,0,0,0,0,0
510406,1,1,0,0,0,0,0,0,0,0,0,0
510407,1,1,15,15,15,15,15,15,15,15,15,15
510407,2,1,0,0,0,0,0,0,0,0,0,0
510408,0,1,8,8,8,8,8,8,8,8,8,8
510408,1,1,16,25,18,11,3,25,11,7,12,9
510409,1,1,0,0,0,0,0,0,0,0,0,0
510410,1,1,0,0,0,0,0,0,0,9,0,0
510410,2,1,0,0,0,0,0,0,0,0,0,0
510411,1,1,0,0,0,0,0,0,0,0,0,0
510412,1,1,0,0,0,0,0,0,0,0,0,0
510413,1,1,0,0,0,0,0,0,0,0,0,0
510414,1,1,0,0,0,0,0,0,0,0,0,0
510414,2,1,0,0,0,0,0,0,0,0,0,0
510414,3,1,0,0,0,0,0,0,0,0,0,0
510415,0,1,0,0,0,0,0,0,0,0,0,0
510415,1,1,11,16,0,0,0,0,0,0,0,0
510416,1,1,0,0,0,0,0,0,0,0,0,0
510417,1,1,19,19,19,19,19,19,19,19,19,19
510417,2,1,0,0,0,0,0,0,0,0,0,0
510418,1,1,0,0,0,0,0,0,0,0,0,0
510418,2,1,0,0,0,0,0,0,0,0,0,0
510419,1,1,0,0,0,0,0,0,0,0,0,0
510419,2,1,0,0,0,0,0,0,0,0,0,0
510420,1,1,0,14,0,0,0,0,0,0,0,0
510420,2,1,0,0,0,0,14,0,0,0,0,0
510420,3,1,0,0,0,0,0,0,0,0,0,0
510420,4,1,0,0,0,0,0,0,0,0,0,0
510421,1,1,0,0,0,0,0,0,0,0,0,0
510421,2,1,0,0,0,0,0,0,0,0,0,0
510422,1,1,0,0,0,0,0,0,0,0,0,0
510423,1,1,0,0,0,0,0,0,0,0,0,0
510424,1,1,3,3,3,3,3,3,3,3,3,3
510425,1,1,11,11,11,11,11,11,11,11,11,11
510426,1,1,0,0,29,0,0,0,0,0,0,0
510426,2,1,0,0,0,0,0,0,0,0,0,0
510426,3,1,0,0,0,23,15,0,0,0,0,0
510427,1,1,0,0,0,0,0,0,0,0,0,0
510427,2,1,0,0,0,0,0,16,0,0,0,0
510427,3,1,0,0,0,0,0,0,0,0,18,0
510428,1,1,0,0,0,0,0,0,0,0,0,0
510429,1,1,0,0,0,16,0,0,0,0,0,0
510429,2,1,0,0,0,0,0,0,0,0,0,0
510430,1,1,0,0,0,0,0,0,0,0,0,0
510430,2,1,0,0,0,0,0,0,0,0,0,0
510431,1,1,3,3,3,3,3,3,3,3,3,3
510432,1,1,29,61,22,5,0,13,25,31,14,21
510432,2,1,0,0,0,0,0,0,0,0,0,0
510433,1,1,0,0,0,0,0,0,17,0,0,0
510433,2,1,0,0,0,0,0,0,0,0,0,0
510433,3,1,0,0,0,0,0,0,0,0,0,0
510434,1,1,0,0,0,0,0,0,0,0,0,0
510435,1,1,0,0,0,0,0,0,0,0,0,0
510435,2,1,0,0,0,0,0,23,0,0,0,0
510436,1,1,0,0,0,0,0,0,0,0,0,0
510436,2,1,0,0,0,0,8,0,0,0,0,0
510437,1,1,0,0,0,0,0,0,0,0,0,0
510437,2,1,0,0,0,0,0,0,0,0,0,0
510438,1,1,0,0,0,0,0,0,0,0,0,0
510439,1,1,0,0,0,0,0,0,0,0,0,0
510439,2,1,0,0,0,0,0,0,0,0,0,0
510440,1,1,16,16,16,16,16,16,16,16,16,16
510441,1,1,0,20,0,0,0,0,0,9,0,0
510441,2,1,0,0,0,0,0,0,0,0,0,0
510442,1,1,0,0,0,0,0,0,0,0,0,0
510442,2,1,0,0,0,0,0,0,0,0,0,0
510443,1,1,4,4,4,4,4,4,4,4,4,4
510443,2,1,0,0,26,0,0,0,0,0,0,0
510444,1,1,0,0,0,0,0,0,0,0,0,0
510444,2,1,0,0,0,0,0,0,0,0,0,0
510445,1,1,0,0,0,0,0,0,0,0,0,0
510445,2,1,0,0,0,0,0,0,0,0,0,0
510446,1,1,30,30,30,30,30,30,30,30,30,30
510446,2,1,21,21,21,21,21,21,21,21,21,21
510447,1,1,0,0,0,0,0,0,0,0,0,0
510448,1,1,11,24,0,10,4,0,11,0,24,0
510449,1,1,0,0,0,0,0,0,0,0,0,0
510450,0,1,0,0,0,0,0,0,0,0,0,0
510450,1,1,0,0,0,0,0,0,0,0,0,0
510451,0,1,13,18,26,14,35,34,31,15,22,0
510451,1,1,0,0,0,0,0,0,0,0,0,0
510452,1,1,0,0,0,0,7,12,0,0,0,0
510452,2,1,0,0,0,0,0,0,0,0,0,0
510453,1,1,2,2,2,2,2,2,2,2,2,2
510453,2,1,0,0,0,0,0,0,0,0,0,0
510454,1,1,17,17,17,17,17,17,17,17,17,17
510455,1,1,0,0,0,0,0,0,0,0,0,0
510456,1,1,6,6,6,6,6,6,6,6,6,6
510456,2,1,0,0,0,0,0,0,0,0,0,0
510457,0,1,9,9,9,9,9,9,9,9,9,9
510457,1,1,0,11,0,0,0,0,0,0,0,0
510458,0,1,0,0,0,0,0,0,0,0,0,0
510458,1,1,0,0,0,0,0,0,0,0,22,0
510459,1,1,0,0,0,0,0,0,0,0,0,0
510459,2,1,0,0,0,0,0,0,0,0,0,0
510460,1,1,14,14,14,14,14,14,14,14,14,14
510461,0,1,0,0,0,0,0,0,0,0,0,0
510461,1,1,0,0,0,0,0,0,0,0,0,0
510462,1,1,0,0,0,0,0,0,0,0,0,0
510463,0,1,0,0,0,0,0,0,0,0,0,0
510463,0,2,0,0,0,30,13,0,0,0,27,16
510463,1,1,0,0,0,0,0,0,0,0,0,0
510464,1,1,0,0,0,0,0,0,0,0,0,0
510464,2,1,0,0,0,0,0,0,0,0,0,0
510464,3,1,0,0,0,0,0,12,0,0,0,0
510464,4,1,0,0,0,0,0,0,0,0,0,0
510464,5,1,0,0,0,0,0,0,0,0,0,0
510464,6,1,0,0,0,0,0,0,0,0,0,0
510464,7,1,0,0,0,0,0,0,0,0,0,0
510464,8,1,0,0,0,0,0,0,0,0,0,0
510465,1,1,0,0,0,0,0,0,0,0,0,0
510466,1,1,28,28,28,28,28,28,28,28,28,28
510467,0,1,0,0,0,0,0,0,0,0,0,0
510467,1,1,0,0,0,0,0,0,0,0,0,0
510468,1,1,14,14,14,14,14,14,14,14,14,14
510468,2,1,0,0,0,0,0,0,0,0,0,0
510469,1,1,0,0,0,0,0,0,0,0,0,0
510469,2,1,0,0,0,0,0,0,0,0,0,0
510470,1,1,13,13,13,13,13,13,13,13,13,13
510471,1,1,15,15,15,15,15,15,15,15,15,15
510471,2,1,0,0,0,0,0,0,0,0,0,0
510472,1,1,25,25,25,25,25,25,25,25,25,25
510473,1,1,0,0,0,0,0,0,0,0,0,0
510474,1,1,0,0,0,0,0,0,25,0,0,0
510475,0,1,0,0,0,3,0,0,18,0,0,0
510475,1,1,0,0,0,0,0,0,0,0,0,0
510476,0,1,0,0,0,0,0,0,0,0,0,0
510476,1,1,0,0,0,0,7,0,21,21,0,0
510476,2,1,0,0,19,0,0,0,0,0,0,0
510477,1,1,14,14,14,14,14,14,14,14,14,14
510477,2,1,0,0,0,0,0,0,0,0,0,0
510478,1,1,0,0,0,0,0,0,0,0,0,0
510478,2,1,0,0,0,0,0,0,0,0,0,0
510479,1,1,0,0,0,0,0,0,0,0,0,0
510480,1,1,15,18,13,18,21,27,14,25,8,4
510480,2,1,22,22,22,22,22,22,22,22,22,22
510481,1,1,0,0,0,0,0,0,0,13,0,0
510481,2,1,0,0,0,0,0,0,0,0,0,23
510482,1,1,0,0,0,0,0,0,15,0,0,0
510483,1,1,17,17,17,17,17,17,17,17,17,17
510484,1,1,4,10,5,10,10,33,12,18,13,10
510485,1,1,17,17,17,17,17,17,17,17,17,17
510486,1,1,23,23,23,23,23,23,23,23,23,23
510486,2,1,0,0,0,0,0,0,0,0,0,0
510487,1,1,0,0,0,0,0,0,0,0,0,0
510488,1,1,28,28,28,28,28,28,28,28,28,28
510489,1,1,0,0,0,0,0,0,0,0,0,0
510489,2,1,0,0,0,0,0,0,0,0,0,3
510490,1,1,0,0,0,0,0,0,0,0,0,0
510491,0,1,17,11,13,23,38,20,39,26,19,36
510491,1,1,0,0,0,0,0,0,0,0,0,0
510492,0,1,0,0,0,0,0,0,0,0,0,0
510492,1,1,0,0,21,0,0,0,0,0,0,0
510493,1,1,0,0,0,0,0,0,0,13,18,0
510494,1,1,23,23,23,23,23,23,23,23,23,23
510495,1,1,15,15,15,15,15,15,15,15,15,15
510496,1,1,21,21,21,21,21,21,21,21,21,21
510496,2,1,0,15,0,4,0,0,0,0,0,0
510497,1,1,25,25,25,25,25,25,25,25,25,25
510498,1,1,18,18,18,18,18,18,18,18,18,18
510499,1,1,16,20,6,0,17,16,41,11,15,0
510500,1,1,0,0,0,0,0,0,0,0,0,0
510500,2,1,0,0,0,0,0,0,0,0,0,0
510501,1,1,5,0,0,0,0,0,6,0,0,0
510502,1,1,0,0,25,0,0,0,0,0,0,0
510502,2,1,0,0,0,0,0,0,0,0,0,0
510502,3,1,0,0,0,0,0,0,0,0,0,0
510502,4,1,0,0,0,0,0,0,0,0,0,0
510503,1,1,0,0,0,0,0,0,0,0,0,0
510503,2,1,0,0,0,0,0,0,0,0,0,0
510504,1,1,0,0,0,0,0,0,0,0,0,0
510505,1,1,0,0,0,0,0,0,0,0,8,0
510506,1,1,0,0,0,0,18,0,0,0,0,0
510507,1,1,37,37,37,37,37,37,37,37,37,37
510508,1,1,0,0,0,0,0,0,0,0,0,0
510508,2,1,0,0,0,0,0,0,0,0,0,0
510509,0,1,0,0,0,0,0,0,0,0,0,0
510509,0,2,0,0,0,0,0,20,0,0,0,0
510509,1,1,22,28,22,26,21,0,25,10,36,12
510510,1,1,0,0,0,0,0,0,0,0,0,0
510511,1,1,0,0,0,0,0,0,0,0,0,0
510512,1,1,0,0,0,0,0,0,0,0,0,0
510512,2,1,0,0,0,0,0,0,0,0,0,0
510513,1,1,0,0,0,0,0,0,0,0,0,0
510513,2,1,0,0,0,0,0,0,0,0,0,0
510514,0,1,4,4,4,4,4,4,4,4,4,4
510514,1,1,0,0,0,0,0,0,0,0,0,0
510514,2,1,0,0,0,0,0,12,0,0,3,0
510515,1,1,21,21,21,21,21,21,21,21,21,21
510516,1,1,0,0,0,0,0,0,0,0,0,0
510516,2,1,0,0,0,0,0,0,0,0,0,0
510517,1,1,24,24,24,24,24,24,24,24,24,24
510518,0,1,0,0,0,0,0,0,0,0,0,0
510518,0,2,0,0,0,0,0,0,0,0,0,0
510518,1,1,0,0,0,0,0,0,0,0,0,0
510519,1,1,0,0,0,0,0,0,0,0,0,0
510519,2,1,0,0,0,0,0,0,0,0,0,0
510520,1,1,25,25,25,25,25,25,25,25,25,25
510521,0,1,25,25,25,25,25,25,25,25,25,25
510521,1,1,0,0,13,0,19,0,12,12,0,0
510522,0,1,37,17,0,11,0,0,0,0,30,0
510522,1,1,0,0,25,0,0,0,0,0,0,0
510523,1,1,3,3,3,3,3,3,3,3,3,3
510524,0,1,0,0,0,0,0,0,0,0,0,0
510524,1,1,0,12,0,0,0,0,0,0,0,0
510525,1,1,18,29,0,6,22,22,0,11,14,25
510526,1,1,0,0,0,0,0,0,0,0,0,0
510526,2,1,0,0,0,0,0,0,0,0,0,0
510527,1,1,36,36,36,36,36,36,36,36,36,36
510528,1,1,0,0,0,0,0,0,0,0,0,0
510528,2,1,0,0,0,0,0,0,0,0,13,0
510529,1,1,13,13,13,13,13,13,13,13,13,13
510530,1,1,0,0,0,0,0,0,0,0,0,0
510530,2,1,0,0,0,0,0,0,0,0,0,0
510530,3,1,0,19,0,0,0,0,0,0,0,0
510531,1,1,0,0,0,0,0,0,0,0,0,0
510531,2,1,0,0,0,0,0,0,0,0,0,0
510532,0,1,18,18,18,18,18,18,18,18,18,18
510532,1,1,0,0,0,0,25,0,0,0,15,0
510533,1,1,0,0,0,0,0,0,0,0,0,0
510533,2,1,0,0,0,0,0,0,0,0,0,0
510533,3,1,0,0,19,0,0,0,0,0,0,0
510534,1,1,29,29,29,29,29,29,29,29,29,29
510535,1,1,5,5,5,5,5,5,5,5,5,5
510535,2,1,0,0,0,0,0,0,0,0,0,0
510536,1,1,21,8,10,8,9,5,9,17,22,25
510537,1,1,0,0,0,0,0,0,0,0,0,0
510538,1,1,0,0,0,0,0,0,0,0,0,0
510539,1,1,18,18,18,18,18,18,18,18,18,18
510540,1,1,0,14,13,0,25,0,17,10,13,0
510540,2,1,15,12,27,28,0,13,0,0,13,21
510540,3,1,0,0,0,0,0,0,0,0,0,0
510540,4,1,0,5,0,0,7,0,0,0,0,0
510541,1,1,13,13,13,13,13,13,13,13,13,13
510542,1,1,11,11,11,11,11,11,11,11,11,11
510543,1,1,19,19,19,19,19,19,19,19,19,19
510544,0,1,0,0,0,0,0,0,0,0,0,0
510544,1,1,0,0,0,17,19,35,0,0,12,0
510545,1,1,0,0,0,0,0,0,0,0,0,0
510545,2,1,0,0,0,0,0,0,0,0,0,0
510545,3,1,0,0,0,0,0,0,0,0,0,0
510546,1,1,0,0,0,0,0,0,0,0,0,0
510547,1,1,11,11,11,11,11,11,11,11,11,11
510547,2,1,0,0,0,0,0,0,0,0,0,0
510548,1,1,0,0,0,0,0,0,0,0,0,0
510548,2,1,0,0,0,0,0,0,0,0,0,0
510548,3,1,0,0,0,14,0,0,10,0,0,0
510548,4,1,0,0,0,0,0,0,0,0,0,0
510549,1,1,0,0,0,0,0,0,0,0,0,0
510549,2,1,0,0,18,0,0,0,0,0,0,0
510549,3,1,0,0,0,0,0,0,0,0,0,0
510549,4,1,0,0,0,0,0,0,0,0,0,0
510549,5,1,0,0,0,0,0,0,0,0,0,0
510549,6,1,0,0,0,0,0,0,0,0,0,0
510550,1,1,0,0,0,0,0,0,0,0,0,0
510550,2,1,0,0,0,0,0,0,0,0,0,0
510551,1,1,17,17,17,17,17,17,17,17,17,17
510552,1,1,31,31,31,31,31,31,31,31,31,31
510553,1,1,14,14,14,14,14,14,14,14,14,14
510553,2,1,9,0,0,0,0,0,0,0,0,0
510554,1,1,0,0,0,0,0,0,0,0,0,0
510555,1,1,17,17,17,17,17,17,17,17,17,17
510556,1,1,0,0,0,0,0,0,0,0,0,0
510556,2,1,0,0,0,0,0,0,0,0,0,0
510557,0,1,0,0,0,0,0,0,0,0,0,0
510557,1,1,0,0,0,0,0,0,0,0,0,0
510558,1,1,12,12,12,12,12,12,12,12,12,12
510559,1,1,13,13,13,13,13,13,13,13,13,13
510560,1,1,0,0,0,0,0,0,0,0,0,0
510561,1,1,0,20,0,0,0,0,0,0,0,0
510561,2,1,0,0,0,0,0,0,0,0,0,0
510562,0,1,20,20,20,20,20,20,20,20,20,20
510562,1,1,21,0,0,0,0,0,0,0,0,0
510563,1,1,0,0,0,0,0,0,0,0,0,0
510564,1,1,0,0,24,16,20,0,0,0,12,21
510565,1,1,0,0,0,0,0,0,0,0,0,0
510566,1,1,0,0,0,0,0,0,0,0,0,0
510567,1,1,0,0,0,0,0,0,0,0,0,0
510568,1,1,27,0,0,0,0,0,0,0,0,0
510569,1,1,0,0,0,0,0,0,0,0,0,0
510570,0,1,0,0,0,0,0,0,0,0,0,0
510570,1,1,0,0,0,0,0,0,0,0,0,0
510570,2,1,0,0,0,0,0,0,0,0,16,0
510571,1,1,0,0,0,0,0,0,0,0,0,0
510572,0,1,34,0,0,5,0,0,0,0,0,0
510572,1,1,0,0,0,0,0,0,0,0,0,0
510573,0,1,24,24,24,24,24,24,24,24,24,24
510573,1,1,0,0,0,0,0,0,0,0,0,0
510574,1,1,13,30,9,22,18,18,43,12,28,12
510575,1,1,0,10,0,0,0,0,0,0,0,12
510575,2,1,15,0,0,0,0,21,0,0,18,0
510576,1,1,11,11,11,11,11,11,11,11,11,11
510577,1,1,0,0,0,0,0,0,0,0,0,0
510578,1,1,13,13,13,13,13,13,13,13,13,13
510579,1,1,0,0,0,0,0,0,0,0,0,0
510579,2,1,0,0,0,0,0,0,0,0,0,0
510580,1,1,17,0,45,16,0,29,0,4,11,25
510581,1,1,0,0,0,0,0,0,0,0,0,0
510581,2,1,0,0,0,0,0,0,0,0,0,0
510582,1,1,0,0,0,0,0,0,0,0,0,0
510582,2,1,0,0,0,0,0,0,0,0,0,0
510583,1,1,0,0,0,0,0,0,0,0,0,0
510584,1,1,0,0,0,0,0,0,0,0,0,0
510584,2,1,0,0,0,0,0,0,0,0,0,0
510584,3,1,0,0,0,0,0,0,0,0,0,0
510584,4,1,0,0,0,0,0,0,0,0,0,0
510585,1,1,0,0,0,0,0,0,0,0,0,0
510585,2,1,0,0,0,0,11,0,0,0,0,0
510586,1,1,0,0,0,0,0,0,0,0,0,0
510587,1,1,14,14,14,14,14,14,14,14,14,14
510587,2,1,0,0,0,0,0,0,0,0,0,0
510588,1,1,23,23,23,23,23,23,23,23,23,23
510589,0,1,0,0,0,0,0,0,0,0,0,0
510589,1,1,0,0,0,0,0,0,0,0,0,7
510590,1,1,0,0,0,0,0,0,0,0,0,0
510590,2,1,0,0,19,3,0,0,0,0,0,0
510591,1,1,24,24,24,24,24,24,24,24,24,24
510592,1,1,0,0,0,0,0,0,0,0,0,0
510593,0,1,0,0,0,0,0,0,0,0,0,0
510593,1,1,0,0,0,0,0,0,0,0,0,0
510594,1,1,0,0,0,0,0,0,0,0,0,0
510594,2,1,0,0,0,0,0,0,0,0,0,0
510595,1,1,11,0,22,0,8,12,0,23,0,22
510596,1,1,0,0,0,0,0,0,0,0,0,0
510596,2,1,0,0,0,0,0,0,0,0,0,0
510597,1,1,0,12,20,0,21,0,0,16,22,0
510598,1,1,0,0,0,0,0,0,0,0,0,0
510599,1,1,0,0,0,0,0,0,24,0,0,0
510599,2,1,0,0,0,0,0,0,0,0,0,0
510600,1,1,0,0,0,0,0,0,0,0,0,0
510601,1,1,0,0,0,0,0,0,0,0,0,0
510602,1,1,0,0,0,0,0,0,0,0,0,0
510603,0,1,19,19,19,19,19,19,19,19,19,19
510603,1,1,0,0,0,0,0,0,0,0,18,0
510604,1,1,11,11,11,11,11,11,11,11,11,11
510605,0,1,0,0,0,0,0,0,0,0,0,0
510605,1,1,0,0,0,0,0,0,29,0,0,0
510606,1,1,0,0,0,0,0,0,0,0,0,0
510607,1,1,0,0,0,0,0,0,0,20,21,0
510607,2,1,0,0,0,0,0,0,0,0,0,0
510608,1,1,26,26,26,26,26,26,26,26,26,26
510609,0,1,0,0,12,0,0,0,20,0,0,0
510609,1,1,0,0,0,0,0,0,0,0,0,0
510610,1,1,0,0,0,0,0,0,0,0,0,0
510610,2,1,0,0,0,0,0,0,0,0,0,0
510610,3,1,0,0,0,0,0,0,0,0,0,0
510611,1,1,0,0,0,0,0,0,0,0,0,0
510611,2,1,0,0,0,0,0,12,0,0,0,0
510612,1,1,2,2,2,2,2,2,2,2,2,2
510613,1,1,0,0,0,0,0,0,0,0,0,0
510613,2,1,0,0,0,0,0,0,0,0,0,0
510614,1,1,22,22,22,22,22,22,22,22,22,22
510615,0,1,0,0,0,0,0,0,0,0,0,0
510615,1,1,0,0,0,0,0,0,0,0,11,0
510616,1,1,18,18,18,18,18,18,18,18,18,18
510616,2,1,0,0,0,0,0,0,0,0,0,0
510617,1,1,0,0,0,0,0,0,0,0,0,0
510618,1,1,0,0,0,21,0,0,0,0,0,0
510619,0,1,0,0,0,0,0,0,0,0,0,0
510619,1,1,0,0,0,0,0,0,0,0,0,0
510620,1,1,35,35,35,35,35,35,35,35,35,35
510620,2,1,0,0,0,0,0,0,0,0,0,10
510621,1,1,18,18,18,18,18,18,18,18,18,18
510622,1,1,0,0,0,0,0,0,0,0,0,0
510622,2,1,0,0,0,0,0,0,0,0,0,0
510623,0,1,0,0,0,0,0,0,0,0,0,0
510623,1,1,0,0,0,0,0,0,0,0,0,0
510624,1,1,0,0,0,0,0,0,0,0,0,0
510625,0,1,8,8,8,8,8,8,8,8,8,8
510625,1,1,0,0,0,0,0,0,0,0,10,0
510626,1,1,0,0,0,0,0,0,0,0,0,0
510627,0,1,0,0,0,0,0,0,0,0,0,0
510627,1,1,0,0,0,0,0,0,0,0,0,0
510628,1,1,0,0,0,0,0,0,0,0,0,0
510629,1,1,0,0,0,0,0,0,0,0,0,0
510629,2,1,0,0,0,0,0,0,0,16,0,0
510629,3,1,0,0,0,0,0,0,0,0,0,0
510630,1,1,0,0,0,0,0,0,0,0,0,0
510630,2,1,0,0,0,0,0,0,0,0,0,0
510631,1,1,3,3,3,3,3,3,3,3,3,3
510632,1,1,0,0,0,0,0,0,0,0,0,0
510633,1,1,26,0,15,0,0,0,17,0,0,12
510634,1,1,0,0,0,0,0,0,0,0,0,0
510634,2,1,0,0,0,0,0,0,0,0,0,0
510634,3,1,0,0,0,0,0,0,0,0,0,0
510635,1,1,15,15,15,15,15,15,15,15,15,15
510636,0,1,0,0,0,0,0,0,0,0,0,0
510636,0,2,0,0,0,0,0,0,0,0,0,0
510636,1,1,0,0,16,0,0,0,0,0,0,0
510637,0,1,0,0,0,0,0,0,0,0,0,0
510637,1,1,0,0,0,0,0,0,0,0,0,0
510638,0,1,0,0,0,0,0,0,0,0,0,0
510638,1,1,0,0,0,0,0,0,0,0,0,0
510639,1,1,26,14,0,0,0,0,0,0,0,0
510640,1,1,0,0,0,0,0,0,0,0,0,0
510641,0,1,0,0,0,0,0,0,0,0,0,0
510641,1,1,0,0,0,0,14,0,0,0,0,0
510641,2,1,0,0,0,0,0,0,0,0,0,0
510642,1,1,0,0,0,0,0,0,0,0,0,0
510642,2,1,0,0,0,0,0,0,0,0,0,0
510642,3,1,0,0,0,0,0,0,0,0,0,0
510642,4,1,0,0,0,0,0,0,0,0,0,0
510643,1,1,0,0,0,0,0,0,0,0,0,0
510644,1,1,11,11,11,11,11,11,11,11,11,11
510645,1,1,0,0,0,0,0,0,0,0,0,0
510646,0,1,0,0,0,16,0,4,0,0,9,0
510646,1,1,0,0,0,0,0,0,0,0,0,0
510647,1,1,24,24,24,24,24,24,24,24,24,24
510648,1,1,21,21,21,21,21,21,21,21,21,21
510649,1,1,20,20,20,20,20,20,20,20,20,20
510649,2,1,0,0,0,0,0,0,0,0,0,0
510650,1,1,0,0,0,0,0,0,16,0,0,0
510651,1,1,18,18,18,18,18,18,18,18,18,18
510652,1,1,24,0,0,0,0,0,0,0,19,0
510653,1,1,0,0,0,0,0,0,0,0,0,0
510654,1,1,15,15,15,15,15,15,15,15,15,15
510655,0,1,0,0,0,0,0,0,0,0,0,0
510655,1,1,0,0,0,0,0,0,0,0,0,0
510656,1,1,21,21,21,21,21,21,21,21,21,21
510657,1,1,23,0,0,0,0,21,0,36,0,20
510657,2,1,0,0,0,0,0,0,0,0,0,0
510658,0,1,12,12,12,12,12,12,12,12,12,12
510658,1,1,0,0,0,0,0,0,0,0,0,0
510659,1,1,0,0,0,0,0,0,0,0,0,0
510660,1,1,28,16,6,0,13,0,11,12,22,15
510660,2,1,0,0,0,0,0,0,0,0,0,0
510661,1,1,0,0,0,0,0,0,0,0,0,0
510661,2,1,0,0,0,0,0,0,0,0,0,0
510662,1,1,0,0,0,17,0,0,0,0,0,0
510663,1,1,0,0,0,0,0,0,0,0,0,0
510663,2,1,0,0,0,0,0,0,0,0,0,0
510665,1,1,20,20,20,20,20,20,20,20,20,20
510666,0,1,1,1,1,1,1,1,1,1,1,1
510666,1,1,0,0,0,4,0,0,0,0,0,0
510667,0,1,0,0,0,0,0,0,0,0,0,0
510667,1,1,0,0,0,0,0,0,0,0,9,18
510668,1,1,0,0,0,0,0,0,0,0,0,0
510668,2,1,0,0,0,0,0,0,0,0,0,0
510669,1,1,19,0,0,0,0,0,0,0,0,0
510670,1,1,0,0,0,0,0,0,0,0,0,0
510670,2,1,0,0,0,0,0,0,19,0,0,0
510671,1,1,29,29,29,29,29,29,29,29,29,29
510672,1,1,9,9,9,9,9,9,9,9,9,9
510672,2,1,0,0,0,0,0,0,0,0,0,0
510673,0,1,0,0,0,0,0,0,0,0,0,0
510673,1,1,0,0,0,0,0,0,0,20,0,0
510674,1,1,0,0,0,0,0,0,0,0,0,0
510675,1,1,17,17,17,17,17,17,17,17,17,17
510676,1,1,2,2,2,2,2,2,2,2,2,2
510677,1,1,0,0,0,0,0,0,0,0,0,0
510677,2,1,0,0,0,0,0,0,0,0,0,0
510678,1,1,0,0,0,0,0,0,0,0,0,0
510678,2,1,0,0,0,0,0,0,22,0,0,22
510678,3,1,0,0,0,0,0,0,0,0,0,0
510678,4,1,0,11,0,0,0,0,0,0,0,0
510678,5,1,0,0,0,0,0,0,0,0,0,0
510678,6,1,0,0,0,0,0,0,0,0,0,0
510679,1,1,22,24,26,32,22,15,37,21,25,17
510680,1,1,0,12,0,0,0,0,0,0,0,0
510680,2,1,0,0,0,0,0,0,0,0,0,0
510681,1,1,0,0,0,0,0,0,0,0,0,0
510681,2,1,0,0,0,0,0,0,0,0,0,0
510682,1,1,22,22,22,22,22,22,22,22,22,22
510683,1,1,0,0,0,0,0,0,0,0,0,0
510684,0,1,0,11,17,26,0,39,0,13,2,14
510684,1,1,7,0,0,0,0,16,0,0,0,0
510685,1,1,0,0,0,0,0,0,0,0,0,0
510686,1,1,0,0,0,0,0,0,0,0,0,0
510687,1,1,0,0,0,0,0,0,0,0,0,0
510687,2,1,0,0,0,0,0,0,26,16,5,9
510687,3,1,0,0,0,0,0,0,0,0,0,0