ST_CASE,VEH_NO,PER_NO,P1,P2,P3,P4,P5,P6,P7,P8,P9,P10
530186,1,1,0,0,0,0,0,0,0,0,0,0
530187,1,1,21,0,0,13,16,23,0,0,0,20
530188,1,1,17,17,17,17,17,17,17,17,17,17
530189,1,1,0,0,0,0,0,0,0,0,0,0
530190,1,1,6,6,6,6,6,6,6,6,6,6
530190,2,1,0,0,0,0,0,0,0,0,0,0
530190,3,1,0,0,0,17,0,0,0,0,0,0
530191,1,1,0,22,10,22,6,22,9,26,0,17
530192,1,1,0,0,11,22,0,0,20,16,4,0
530193,1,1,0,0,0,0,0,27,0,0,0,0
530193,2,1,0,0,0,0,0,0,0,0,0,11
530193,3,1,0,0,0,0,0,0,0,0,0,0
530194,1,1,0,18,15,38,0,10,0,23,30,0
530194,2,1,0,36,0,0,0,0,0,0,0,0
530194,3,1,0,12,0,0,0,0,0,14,0,0
530194,4,1,27,0,0,0,0,0,14,0,0,0
530195,1,1,23,23,23,23,23,23,23,23,23,23
530196,0,1,0,0,0,0,0,0,0,0,0,0
530196,0,2,0,0,0,0,0,0,0,0,0,0
530196,1,1,7,7,7,7,7,7,7,7,7,7
530197,1,1,11,16,4,6,18,12,0,21,11,16
530198,1,1,0,0,0,0,0,0,0,0,0,0
530198,2,1,0,0,0,0,0,0,0,0,0,0
530199,1,1,7,7,7,7,7,7,7,7,7,7
530199,2,1,0,0,0,0,0,0,0,0,0,0
530200,1,1,15,15,15,15,15,15,15,15,15,15
530201,1,1,9,0,20,0,0,0,0,0,0,0
530202,1,1,0,0,0,0,7,0,0,0,0,0
530202,2,1,0,0,0,0,0,0,0,0,0,0
530203,0,1,0,22,0,0,0,27,17,0,10,0
530203,0,2,0,37,0,0,20,0,0,0,0,15
530203,1,1,0,0,0,0,0,0,0,0,0,0
530204,1,1,0,0,0,0,0,0,0,0,0,0
530204,2,1,0,0,0,0,0,0,0,0,0,0
530205,1,1,15,15,15,15,15,15,15,15,15,15
530206,0,1,27,27,27,27,27,27,27,27,27,27
530206,1,1,5,0,0,0,0,0,0,0,0,0
530206,2,1,0,0,0,0,0,0,0,0,0,0
530206,3,1,0,0,0,0,0,0,0,0,0,0
530207,1,1,10,3,0,0,10,10,15,0,12,0
530207,2,1,0,0,0,0,0,0,0,0,0,0
530208,1,1,10,10,10,10,10,10,10,10,10,10
530209,1,1,0,0,0,0,0,0,0,0,0,0
530210,1,1,0,0,10,0,0,9,0,0,0,0
530211,1,1,8,8,8,8,8,8,8,8,8,8
530211,2,1,0,0,0,0,0,0,0,0,0,0
530212,0,1,7,7,7,7,7,7,7,7,7,7
530212,1,1,8,0,19,0,0,0,0,0,20,0
530213,1,1,24,24,24,24,24,24,24,24,24,24
530213,2,1,16,14,9,23,0,21,4,0,0,7
530214,1,1,0,0,0,0,0,0,0,12,0,0
530215,1,1,0,0,0,0,0,0,0,0,0,0
530216,1,1,14,14,14,14,14,14,14,14,14,14
530216,2,1,0,0,0,0,0,0,0,0,0,0
530217,1,1,0,21,0,0,0,42,0,0,0,19
530217,2,1,0,0,0,0,0,0,0,0,0,0
530217,3,1,15,7,0,0,10,22,16,0,24,0
530217,4,1,0,0,0,0,0,0,0,0,0,0
530218,1,1,16,16,16,16,16,16,16,16,16,16
530219,1,1,27,27,27,27,27,27,27,27,27,27
530219,2,1,33,0,0,0,19,28,1,0,0,0
530220,1,1,12,9,22,10,0,23,4,29,11,16
530220,2,1,18,18,18,18,18,18,18,18,18,18
530223,1,1,0,13,0,0,0,0,0,0,0,0
530223,2,1,0,0,0,0,0,0,0,0,0,0
530223,3,1,0,0,0,0,0,0,0,0,0,0
530224,1,1,20,20,20,20,20,20,20,20,20,20
530224,2,1,0,0,0,0,0,0,0,0,0,0
530225,1,1,12,4,0,0,8,0,28,0,0,0
530226,1,1,19,19,19,19,19,19,19,19,19,19
530227,1,1,0,0,0,0,0,0,0,0,0,0
530227,2,1,0,0,0,0,0,0,0,0,0,0
530228,1,1,11,11,11,11,11,11,11,11,11,11
530229,1,1,28,28,28,28,28,28,28,28,28,28
530230,1,1,16,16,16,16,16,16,16,16,16,16
530230,2,1,0,0,0,0,0,0,0,0,0,0
530231,1,1,27,23,20,14,6,26,0,13,14,10
530231,2,1,0,0,0,0,0,0,0,0,0,0
530231,3,1,0,0,0,0,0,0,0,0,0,0
530234,1,1,0,0,0,0,0,0,0,0,0,0
530234,2,1,0,0,0,0,0,0,0,0,0,0
530235,1,1,0,0,0,0,0,0,0,0,0,0
530236,1,1,0,0,0,0,0,0,0,0,0,0
530236,2,1,0,0,0,0,0,0,0,0,0,0
530237,1,1,0,0,0,0,0,0,0,0,0,0
530237,2,1,0,0,0,0,0,0,10,0,0,0
530238,1,1,0,0,0,0,0,0,0,0,0,0
530238,2,1,0,0,0,0,0,0,0,0,0,0
530239,0,1,0,0,0,0,0,0,0,0,0,0
530239,1,1,0,0,0,0,0,0,0,0,0,0
530240,1,1,24,0,0,0,0,0,0,0,13,21
530241,1,1,13,0,0,19,0,0,0,0,18,11
530242,1,1,9,9,9,9,9,9,9,9,9,9
530243,1,1,0,0,0,0,0,0,0,0,0,0
530243,2,1,2,3,0,23,5,9,0,7,5,4
530244,1,1,0,0,0,0,0,0,0,0,0,0
530244,2,1,0,0,0,0,0,0,0,0,0,0
530245,0,1,0,0,0,0,0,0,0,0,0,0
530245,0,2,26,0,0,0,33,0,0,0,12,12
530245,1,1,0,0,0,0,0,0,0,0,0,0
530246,0,1,9,9,9,9,9,9,9,9,9,9
530246,1,1,0,0,0,0,15,0,0,9,0,0
530247,1,1,0,0,0,0,0,0,0,0,0,0
530248,0,1,26,26,26,26,26,26,26,26,26,26
530248,1,1,0,0,0,0,0,0,0,0,0,0
530249,1,1,21,21,21,21,21,21,21,21,21,21
530249,2,1,0,0,0,0,0,0,0,0,0,0
530250,1,1,30,30,30,30,30,30,30,30,30,30
530251,1,1,26,26,26,26,26,26,26,26,26,26
530252,1,1,12,12,12,12,12,12,12,12,12,12
530253,1,1,27,27,27,27,27,27,27,27,27,27
530254,1,1,0,0,0,0,0,0,0,0,0,0
530254,2,1,0,0,0,0,0,0,0,0,0,0
530255,1,1,0,0,0,6,33,13,11,9,18,25
530256,1,1,17,17,17,17,17,17,17,17,17,17
530257,1,1,22,22,22,22,22,22,22,22,22,22
530258,1,1,2,2,2,2,2,2,2,2,2,2
530258,2,1,5,5,5,5,5,5,5,5,5,5
530258,3,1,0,0,0,0,0,0,0,0,0,0
530259,1,1,9,9,9,9,9,9,9,9,9,9
530260,1,1,13,13,13,13,13,13,13,13,13,13
530261,1,1,29,29,29,29,29,29,29,29,29,29
530262,0,1,0,0,0,0,0,0,0,0,0,0
530262,1,1,0,0,0,0,0,0,0,0,0,0
530263,1,1,0,3,0,0,0,0,0,0,0,0
530263,2,1,0,0,0,0,0,0,0,0,0,0
530264,1,1,16,14,23,11,7,9,7,16,24,17
530264,2,1,9,9,9,9,9,9,9,9,9,9
530265,1,1,0,0,0,0,0,0,0,0,0,0
530265,2,1,0,0,0,0,0,0,0,0,0,0
530266,1,1,17,17,17,17,17,17,17,17,17,17
530266,2,1,0,0,0,0,0,0,0,0,0,0
530267,1,1,13,13,13,13,13,13,13,13,13,13
530267,2,1,0,0,0,0,0,0,0,0,0,0
530267,3,1,0,0,0,0,0,0,0,0,0,0
530268,1,1,0,0,0,0,0,0,0,0,0,0
530268,2,1,0,0,0,0,0,0,0,0,0,0
530269,1,1,0,0,0,0,0,0,0,0,0,0
530269,2,1,0,0,0,0,0,0,0,0,0,0
530269,3,1,0,0,0,0,0,8,0,0,0,0
530269,4,1,0,0,0,0,0,0,0,0,0,0
530269,5,1,0,0,0,5,0,0,0,5,0,0
530270,1,1,0,0,0,0,0,0,0,0,0,0
530271,1,1,0,0,0,0,0,0,11,0,0,0
530271,2,1,10,0,11,20,0,0,0,0,0,0
530272,1,1,4,4,4,4,4,4,4,4,4,4
530272,2,1,0,0,0,0,0,0,0,0,0,0
530273,1,1,0,0,0,0,0,0,0,0,0,0
530273,2,1,0,0,0,0,0,0,0,0,0,0
530273,3,1,0,0,0,0,0,0,0,0,0,0
530274,1,1,0,0,0,0,0,0,0,0,0,0
530274,2,1,0,10,7,0,0,12,0,6,16,0
530275,0,1,29,29,29,29,29,29,29,29,29,29
530275,1,1,0,0,0,0,0,0,0,0,0,0
530276,0,1,0,0,0,0,0,0,0,0,0,0
530276,1,1,18,18,18,18,18,18,18,18,18,18
530277,1,1,10,10,10,10,10,10,10,10,10,10
530278,1,1,0,0,0,0,0,0,0,0,0,0
530278,2,1,0,0,0,0,0,0,0,0,0,0
530279,0,1,0,0,0,0,0,0,0,0,0,0
530279,1,1,0,0,0,0,0,0,0,0,0,0
530280,1,1,0,0,11,0,23,0,0,0,28,32
530281,0,1,0,0,0,0,0,0,0,0,0,0
530281,1,1,0,0,0,0,0,0,0,0,0,0
530282,1,1,0,0,0,9,0,0,10,0,0,0
530282,2,1,0,0,0,0,0,0,0,0,0,0
530283,0,1,0,0,0,0,0,0,0,0,0,0
530283,1,1,0,0,0,11,0,0,2,0,0,6
530284,0,1,26,0,0,0,33,6,0,0,0,17
530284,0,2,0,0,0,0,0,0,0,0,0,0
530284,1,1,5,5,5,5,5,5,5,5,5,5
530285,1,1,0,0,0,0,0,0,0,0,0,0
530285,2,1,0,0,0,0,0,0,0,0,0,0
530285,3,1,0,0,0,0,0,0,0,0,0,0
530286,1,1,34,34,34,34,34,34,34,34,34,34
530287,1,1,0,0,0,0,0,0,0,0,0,0
530287,2,1,0,0,0,0,0,0,0,0,0,0
530288,1,1,0,0,0,0,0,0,0,0,0,0
530289,1,1,3,3,3,3,3,3,3,3,3,3
530289,2,1,0,0,0,0,0,0,0,0,0,0
530290,1,1,0,13,13,22,20,13,0,13,0,13
530291,1,1,7,13,0,10,7,21,2,11,1,11
530291,2,1,0,0,0,0,0,0,0,0,0,0
530292,0,1,0,0,0,0,0,0,0,0,0,0
530292,1,1,0,0,0,0,0,0,0,0,0,0
530293,1,1,0,0,0,0,0,10,19,24,0,0
530295,0,1,5,5,5,5,5,5,5,5,5,5
530295,1,1,6,0,0,0,23,0,0,0,0,0
530295,2,1,0,0,0,0,0,13,6,0,0,12
530296,1,1,0,0,0,38,0,0,0,0,0,0
530296,2,1,0,0,0,0,18,0,10,0,0,0
530297,0,1,27,27,27,27,27,27,27,27,27,27
530297,1,1,22,18,18,16,5,16,17,9,10,12
530298,1,1,19,19,19,19,19,19,19,19,19,19
530298,2,1,0,0,5,20,0,0,26,0,0,0
530299,1,1,0,0,0,0,0,0,0,0,0,0
530300,1,1,0,0,0,0,0,0,0,0,0,0
530300,2,1,0,0,0,0,0,0,0,0,0,0
530300,3,1,0,0,0,0,0,0,0,0,0,0
530300,4,1,0,0,0,0,0,0,0,0,0,0
530301,1,1,0,0,0,0,29,0,19,0,23,0
530302,1,1,0,0,0,0,0,0,0,0,0,0
530302,2,1,0,0,0,0,0,0,0,0,0,0
530303,1,1,21,21,21,21,21,21,21,21,21,21
530304,0,1,0,0,0,0,0,0,0,0,0,0
530304,1,1,0,0,0,0,0,0,0,0,0,0
530305,1,1,0,0,0,0,0,0,0,0,0,0
530306,1,1,0,0,0,0,0,0,0,0,0,0
530306,2,1,0,0,0,0,0,0,0,0,0,0
530307,1,1,0,0,0,0,0,0,0,12,0,0
530307,2,1,5,5,5,5,5,5,5,5,5,5
530308,1,1,0,0,0,0,0,0,0,0,0,0
530308,2,1,0,0,0,0,0,0,0,0,0,0
530308,3,1,0,0,0,0,0,0,0,0,12,0
530308,4,1,0,0,0,0,0,0,0,0,0,0
530309,1,1,20,20,20,20,20,20,20,20,20,20
530309,2,1,0,0,0,0,0,0,0,9,0,0
530310,1,1,0,0,0,0,0,0,0,0,0,0
530310,2,1,0,0,0,0,0,0,0,0,0,0
530311,1,1,0,0,0,0,0,0,0,0,0,0
530312,1,1,27,27,27,27,27,27,27,27,27,27
530312,2,1,0,0,0,0,0,0,0,0,0,0
530313,1,1,14,14,14,14,14,14,14,14,14,14
530313,2,1,0,0,0,0,0,0,0,15,0,0
530314,0,1,17,17,17,17,17,17,17,17,17,17
530314,1,1,0,0,0,0,0,0,0,0,0,0
530315,1,1,0,0,0,0,0,0,0,0,0,0
530316,1,1,0,0,0,0,0,0,0,0,0,0
530317,1,1,0,0,0,0,0,0,7,0,0,0
530317,2,1,0,0,0,0,12,15,0,0,0,23
530318,1,1,14,14,14,14,14,14,14,14,14,14
530319,1,1,11,11,11,11,11,11,11,11,11,11
530319,2,1,0,0,0,0,0,0,0,0,0,0
530320,1,1,0,0,0,0,0,0,0,0,0,0
530320,2,1,0,0,0,0,0,0,0,0,0,0
530321,1,1,16,16,16,16,16,16,16,16,16,16
530321,2,1,0,0,0,0,0,16,0,0,0,0
530322,1,1,0,0,0,0,0,0,0,0,0,0
530322,2,1,15,0,0,0,27,0,0,0,0,0
530323,1,1,16,16,16,16,16,16,16,16,16,16
530324,0,1,0,0,0,0,0,0,0,0,0,0
530324,1,1,0,0,0,0,0,0,0,0,0,0
530325,1,1,0,0,0,0,0,0,0,0,0,0
530326,0,1,26,26,26,26,26,26,26,26,26,26
530326,1,1,0,0,24,0,21,0,0,0,5,15
530327,1,1,4,4,4,4,4,4,4,4,4,4
530327,2,1,0,0,0,0,24,0,0,0,0,0
530327,3,1,0,0,0,0,0,0,0,0,0,0
530327,4,1,0,0,0,0,0,0,0,0,0,0
530328,1,1,20,20,20,20,20,20,20,20,20,20
530328,2,1,16,0,26,0,0,0,0,0,0,0
530329,1,1,0,0,0,0,0,0,0,0,0,0
530330,1,1,28,28,28,28,28,28,28,28,28,28
530331,1,1,29,29,29,29,29,29,29,29,29,29
530332,1,1,0,0,0,0,0,0,0,0,0,0
530333,1,1,12,12,12,12,12,12,12,12,12,12
530333,2,1,2,2,2,2,2,2,2,2,2,2
530334,0,1,0,0,0,0,0,0,0,0,0,0
530334,1,1,0,0,0,0,0,0,0,0,0,15
530335,1,1,15,15,15,15,15,15,15,15,15,15
530335,2,1,0,0,0,0,0,0,0,0,0,0
530336,1,1,12,12,12,12,12,12,12,12,12,12
530337,1,1,18,18,18,18,18,18,18,18,18,18
530338,1,1,28,18,13,18,30,25,36,29,0,19
530338,2,1,0,0,0,0,0,0,0,0,0,0
530339,1,1,0,0,0,0,0,0,0,0,0,20
530339,2,1,0,0,0,0,0,0,0,0,0,0
530340,1,1,0,0,0,0,0,0,0,0,0,0
530341,1,1,0,0,0,0,0,0,0,0,0,0
530341,2,1,0,10,0,0,0,0,27,0,17,15
530342,0,1,0,0,0,0,0,0,0,0,0,0
530342,1,1,0,0,0,0,0,0,0,0,0,0
530343,1,1,0,0,0,0,0,0,0,0,0,0
530343,2,1,0,0,0,0,0,0,0,0,0,0
530345,1,1,0,0,0,0,0,0,0,0,0,0
530346,1,1,9,9,9,9,9,9,9,9,9,9
530347,1,1,0,0,0,0,0,0,0,0,0,0
530348,1,1,0,0,0,0,0,0,0,0,0,0
530348,2,1,0,0,0,0,0,0,0,0,0,0
530349,1,1,7,7,7,7,7,7,7,7,7,7
530349,2,1,0,0,0,0,0,0,0,0,0,0
530350,1,1,44,44,44,44,44,44,44,44,44,44
530350,2,1,0,0,0,0,0,0,0,0,0,0
530350,3,1,0,0,0,0,0,0,0,0,0,0
530350,4,1,0,0,0,0,0,0,0,0,0,0
530351,1,1,0,0,0,0,0,0,0,0,0,0
530351,2,1,0,0,20,17,0,0,0,0,0,0
530352,1,1,0,0,0,0,0,0,0,0,0,0
530352,2,1,0,0,0,0,0,0,0,0,0,0
530353,1,1,0,0,0,0,0,0,0,0,0,0
530354,1,1,0,0,0,0,0,0,0,0,0,0
530355,1,1,12,12,12,12,12,12,12,12,12,12
530355,2,1,0,0,0,0,0,0,0,0,0,0
530356,1,1,19,19,19,19,19,19,19,19,19,19
530357,1,1,0,0,0,0,0,0,0,0,0,0
530357,2,1,0,0,0,0,0,0,0,0,0,0
530358,0,1,14,14,14,14,14,14,14,14,14,14
530358,1,1,0,0,0,0,0,0,0,0,0,0
530359,1,1,17,17,17,17,17,17,17,17,17,17
530360,0,1,0,0,0,0,0,0,0,0,0,0
530360,1,1,12,0,0,0,0,0,0,0,0,0
530361,0,1,0,0,0,0,0,0,0,0,0,0
530361,1,1,0,0,0,0,0,0,0,0,0,0
530362,1,1,29,0,0,0,0,0,15,0,24,17
530363,1,1,0,0,0,0,0,0,0,0,0,0
530363,2,1,0,0,0,0,0,0,0,0,0,0
530364,0,1,0,0,0,0,0,0,0,0,0,0
530364,1,1,0,0,0,0,0,0,0,0,0,0
530365,1,1,0,0,0,0,0,0,0,0,0,0
530366,1,1,0,0,0,0,0,4,0,0,0,0
530366,2,1,0,0,0,0,0,0,0,0,0,0
530367,1,1,6,0,0,0,0,0,0,0,0,0
530367,2,1,0,0,0,0,0,0,0,0,0,0
530368,1,1,0,0,0,0,0,0,0,0,0,0
530369,1,1,0,0,0,0,0,0,0,0,0,0
530369,2,1,0,0,0,0,0,0,0,0,0,0
530369,3,1,0,0,0,0,0,0,0,0,0,0
530370,1,1,32,32,32,32,32,32,32,32,32,32
530370,2,1,19,0,0,0,0,0,0,0,0,0
530371,0,1,0,0,0,0,0,0,0,0,0,0
530371,1,1,0,0,0,0,0,0,0,0,0,0
530372,0,1,10,10,10,10,10,10,10,10,10,10
530372,1,1,0,0,0,0,0,0,0,0,0,0
530373,0,1,0,0,0,0,0,0,0,0,0,0
530373,1,1,23,23,23,23,23,23,23,23,23,23
530373,2,1,0,0,5,0,0,0,0,0,0,0
530373,3,1,23,0,0,0,0,10,0,0,0,6
530374,1,1,0,0,0,0,0,0,0,0,0,0
530374,2,1,0,0,0,0,0,0,0,0,0,0
530375,1,1,0,0,0,0,0,0,0,0,0,0
530376,1,1,8,8,8,8,8,8,8,8,8,8
530377,1,1,32,32,32,32,32,32,32,32,32,32
530378,0,1,20,20,20,20,20,20,20,20,20,20
530378,1,1,0,0,0,0,0,0,0,0,0,0
530379,1,1,0,0,0,0,0,0,0,0,0,0
530379,2,1,0,0,0,0,0,0,0,0,0,0
530379,3,1,0,0,0,0,0,15,0,0,0,0
530380,1,1,9,9,9,9,9,9,9,9,9,9
530380,2,1,0,0,0,0,0,0,0,0,0,0
530381,1,1,0,0,22,27,6,18,22,12,0,12
530382,1,1,0,0,0,0,0,0,0,0,0,0
530382,2,1,0,0,0,0,0,0,0,0,0,0
530382,3,1,0,0,0,0,0,0,0,0,0,0
530382,4,1,0,0,0,0,0,0,0,0,0,0
530383,0,1,0,0,0,0,0,0,0,0,0,0
530383,1,1,0,0,0,0,0,0,0,0,0,0
530384,1,1,0,0,0,0,0,0,0,0,0,0
530384,2,1,0,0,0,0,0,0,0,0,13,0
530385,1,1,0,0,0,0,0,0,0,0,0,0
530385,2,1,0,0,0,0,0,0,0,0,0,0
530386,1,1,0,0,0,0,0,0,0,0,0,0
530386,2,1,0,0,0,0,0,0,0,0,0,0
530387,0,1,0,0,0,0,0,0,0,0,0,0
530387,1,1,0,0,0,0,0,0,0,0,0,0
530388,1,1,19,19,19,19,19,19,19,19,19,19
530389,1,1,21,21,21,21,21,21,21,21,21,21
530390,1,1,0,0,0,0,0,0,0,0,0,0
530390,2,1,0,0,0,0,0,0,0,0,0,0
530391,0,1,18,0,39,0,8,0,0,9,0,0
530391,1,1,0,0,0,0,0,0,0,0,0,0
530392,1,1,15,15,15,15,15,15,15,15,15,15
530393,1,1,20,20,20,20,20,20,20,20,20,20
530394,1,1,5,5,5,5,5,5,5,5,5,5
530395,1,1,0,0,0,0,0,0,0,0,0,0
530396,1,1,21,21,21,21,21,21,21,21,21,21
530396,2,1,0,0,0,0,0,0,0,0,0,0
530397,0,1,3,3,3,3,3,3,3,3,3,3
530397,1,1,0,0,0,0,0,0,0,0,0,0
530398,1,1,0,0,0,0,0,0,0,0,0,0
530398,2,1,0,0,0,0,0,0,0,0,0,0
530399,1,1,0,0,0,0,0,0,0,0,0,0
530400,0,1,0,0,0,0,0,0,0,0,0,0
530400,1,1,0,0,0,0,0,0,0,0,0,0
530401,1,1,0,0,0,0,0,0,0,0,0,0
530401,2,1,0,0,0,0,0,0,0,0,0,0
530402,1,1,44,44,44,44,44,44,44,44,44,44
530402,2,1,0,8,0,0,12,0,0,0,0,0
530402,3,1,0,0,9,0,0,0,0,0,0,0
530403,1,1,0,0,0,0,0,0,0,0,0,0
530404,1,1,2,2,2,2,2,2,2,2,2,2
530405,0,1,34,16,0,0,0,0,0,0,0,23
530405,1,1,0,6,0,0,18,0,0,0,0,13
530406,0,1,0,0,0,0,0,0,0,0,0,0
530406,1,1,0,0,16,0,0,0,0,0,0,16
530407,0,1,0,0,0,0,0,0,0,0,0,0
530407,1,1,0,0,0,0,0,0,0,0,0,0
530408,0,1,16,16,16,16,16,16,16,16,16,16
530408,1,1,0,0,0,0,0,0,0,0,0,24
530409,0,1,0,0,0,0,0,0,0,0,0,0
530409,1,1,5,0,0,0,0,0,0,0,0,0
530410,0,1,35,35,35,35,35,35,35,35,35,35
530410,1,1,0,0,0,0,0,0,0,11,0,27
530411,0,1,0,0,0,0,0,0,0,0,0,0
530411,1,1,0,0,0,0,0,0,0,0,0,0
530412,1,1,0,0,0,0,0,0,0,0,0,0
530413,1,1,0,0,0,0,0,0,0,0,0,0
530414,0,1,14,14,14,14,14,14,14,14,14,14
530414,1,1,13,0,0,0,0,0,0,0,13,0
530414,2,1,0,0,0,0,0,0,0,0,0,0
530415,1,1,34,23,14,22,24,11,24,9,14,25
530416,1,1,6,27,27,19,21,12,17,26,32,6
530417,1,1,0,0,0,0,0,0,0,0,0,0
530417,2,1,0,0,0,0,0,0,0,0,0,0
530419,0,1,0,0,0,0,0,0,0,0,0,0
530419,1,1,0,0,0,0,0,0,0,0,0,0
530420,1,1,20,20,20,20,20,20,20,20,20,20
530421,1,1,0,0,0,7,0,0,4,0,0,0
530421,2,1,10,10,10,10,10,10,10,10,10,10
530422,1,1,0,0,0,0,0,0,0,0,0,0
530423,1,1,0,0,0,23,0,6,17,0,0,0
530423,2,1,0,0,0,0,0,0,0,0,0,0
530424,1,1,0,0,0,0,0,0,0,0,0,0
530424,2,1,0,0,0,0,0,0,0,0,0,0
530426,1,1,0,0,0,0,0,0,0,0,0,0
530427,1,1,22,22,22,22,22,22,22,22,22,22
530428,1,1,0,0,0,0,0,0,0,0,0,0
530429,0,1,15,15,15,15,15,15,15,15,15,15
530429,1,1,0,0,0,0,0,0,0,0,0,0
530430,1,1,0,0,0,0,0,0,0,0,0,0
530430,2,1,0,0,0,0,0,0,0,0,0,0
530431,1,1,12,0,15,0,0,6,0,0,0,0
530431,2,1,0,0,0,0,0,0,0,0,0,0
530432,1,1,0,0,0,0,0,0,0,0,0,0
530432,2,1,0,0,0,0,0,0,0,0,0,0
530433,1,1,0,0,0,0,0,0,0,0,0,0
530434,0,1,0,0,0,0,0,0,0,0,0,0
530434,1,1,19,45,27,18,22,15,34,20,16,0
530435,1,1,0,0,0,0,27,0,0,0,0,0
530436,1,1,15,0,0,0,0,0,0,0,0,0
530436,2,1,0,0,0,0,0,0,0,0,0,0
530437,0,1,0,0,0,0,0,0,0,0,0,0
530437,1,1,0,5,0,0,0,0,0,0,0,0
530437,2,1,0,0,0,15,0,0,0,0,0,0
530437,3,1,0,0,0,0,0,23,0,0,0,0
530438,0,1,0,0,0,0,0,0,0,0,0,0
530438,1,1,0,0,0,0,0,0,0,0,0,0
530439,1,1,0,0,0,0,0,0,0,0,0,0
530440,1,1,12,12,12,12,12,12,12,12,12,12
530440,2,1,0,0,17,0,0,0,38,15,21,22
530441,1,1,0,0,0,0,0,0,0,0,0,0
530442,1,1,31,31,31,31,31,31,31,31,31,31
530443,1,1,29,29,29,29,29,29,29,29,29,29
530444,0,1,22,12,11,20,11,20,21,7,23,29
530444,1,1,28,28,28,28,28,28,28,28,28,28
530445,0,1,0,0,0,0,0,0,0,0,0,0
530445,1,1,0,0,0,0,0,0,0,0,0,0
530446,1,1,13,13,13,13,13,13,13,13,13,13
530446,2,1,0,0,0,0,0,0,0,0,0,0
530446,3,1,0,0,0,0,0,0,0,0,0,0
530447,0,1,0,0,0,0,0,0,0,0,0,0
530447,1,1,0,0,0,0,0,0,0,12,0,0
530449,1,1,38,38,38,38,38,38,38,38,38,38
530450,1,1,0,0,0,0,0,0,0,0,0,0
530451,1,1,0,0,0,0,16,0,0,21,0,0
530452,1,1,0,0,0,0,0,0,0,0,0,0
530453,0,1,14,14,14,14,14,14,14,14,14,14
530453,1,1,0,0,0,0,0,0,0,0,0,0
530454,1,1,0,0,0,0,0,0,0,0,0,0
530454,2,1,0,0,0,0,0,0,0,11,0,0
530455,1,1,0,0,0,0,0,0,0,0,0,0
530455,2,1,0,0,0,0,5,8,0,0,0,0
530456,0,1,0,0,0,0,0,0,0,0,0,0
530456,0,2,0,0,34,35,0,0,3,0,28,12
530456,1,1,0,0,0,0,0,0,0,0,0,0
530457,0,1,11,11,11,11,11,11,11,11,11,11
530457,1,1,20,27,18,7,14,0,11,16,0,24
530458,1,1,0,0,0,0,0,0,0,0,0,0
530459,1,1,19,19,19,19,19,19,19,19,19,19
530459,2,1,0,0,0,0,0,0,22,0,0,0
530460,0,1,9,9,9,9,9,9,9,9,9,9
530460,1,1,0,0,0,0,0,0,0,0,0,0
530460,2,1,0,0,0,0,0,6,0,0,0,0
530460,3,1,0,0,0,0,0,0,0,0,0,0
530461,0,1,0,0,0,0,0,0,0,0,0,0
530461,1,1,0,0,0,0,0,0,0,0,0,0
530462,1,1,0,0,0,0,0,0,0,0,0,0
530463,1,1,21,21,21,21,21,21,21,21,21,21
530464,1,1,17,17,17,17,17,17,17,17,17,17
530465,0,1,0,0,0,0,0,0,0,0,0,0
530465,1,1,0,0,0,0,0,0,0,0,0,0
530466,1,1,10,10,10,10,10,10,10,10,10,10
530467,1,1,20,0,0,0,0,0,0,0,0,0
530467,2,1,0,4,17,12,0,0,0,0,10,0
530468,1,1,22,22,22,22,22,22,22,22,22,22
530468,2,1,20,0,0,0,0,0,0,0,0,0
530469,1,1,23,23,23,23,23,23,23,23,23,23
530470,1,1,0,0,0,0,0,0,0,0,0,0
530471,1,1,14,14,14,14,14,14,14,14,14,14
530472,0,1,9,9,9,9,9,9,9,9,9,9
530472,1,1,0,0,0,0,0,3,0,0,0,0
530472,2,1,0,6,9,16,0,0,0,5,0,11
530473,1,1,9,9,9,9,9,9,9,9,9,9
530473,2,1,25,0,9,0,3,0,0,17,34,19
530474,0,1,0,0,0,0,0,0,0,0,0,0
530474,1,1,0,12,0,0,0,0,0,0,0,0
530475,1,1,0,0,0,0,0,28,0,34,0,0
530476,1,1,0,0,0,0,0,0,0,0,0,0
530477,1,1,0,26,19,38,0,8,0,0,16,9
530478,0,1,0,0,0,0,0,0,0,0,0,0
530478,0,2,0,0,0,0,0,0,0,0,0,0
530478,0,3,0,0,0,0,0,0,0,0,0,0
530478,0,4,0,0,0,0,0,0,0,0,0,0
530478,1,1,0,0,0,0,0,0,0,0,0,0