ST_CASE,VEH_NO,PER_NO,P1,P2,P3,P4,P5,P6,P7,P8,P9,P10
60547,1,1,0,0,0,0,0,0,0,0,0,0
60547,2,1,20,20,20,20,20,20,20,20,20,20
60548,1,1,0,0,0,0,0,0,0,10,0,0
60548,2,1,0,0,16,0,0,0,0,0,0,0
60549,1,1,10,10,10,10,10,10,10,10,10,10
60550,0,1,17,17,17,17,17,17,17,17,17,17
60550,1,1,4,4,4,4,4,4,4,4,4,4
60551,0,1,0,0,0,0,0,0,0,0,0,0
60551,1,1,0,0,32,10,17,0,0,0,0,0
60552,1,1,0,0,0,0,0,0,0,0,0,0
60552,2,1,0,0,0,0,0,0,12,0,0,0
60552,3,1,0,0,0,0,0,0,0,0,8,10
60552,4,1,0,0,0,0,0,0,0,0,0,0
60553,0,1,18,18,18,18,18,18,18,18,18,18
60553,1,1,0,0,0,0,0,0,0,0,0,0
60554,0,1,21,21,21,21,21,21,21,21,21,21
60554,1,1,0,0,0,0,0,0,0,0,0,0
60554,2,1,0,0,0,0,0,0,0,0,0,0
60556,0,1,0,0,32,0,0,0,0,23,0,0
60556,1,1,22,17,0,0,0,0,0,0,17,0
60557,1,1,0,13,0,10,0,0,0,7,0,0
60558,1,1,0,0,0,0,0,0,0,24,0,0
60558,2,1,0,0,0,0,0,0,0,0,0,0
60559,0,1,23,23,23,23,23,23,23,23,23,23
60559,1,1,0,0,0,0,0,0,0,0,0,0
60560,1,1,0,0,0,0,0,0,0,0,0,0
60561,1,1,0,0,0,0,0,0,0,0,0,0
60562,1,1,18,18,18,18,18,18,18,18,18,18
60563,1,1,0,0,0,0,0,0,13,0,0,0
60563,2,1,0,0,0,0,0,0,0,0,0,0
60564,1,1,0,0,0,0,0,0,0,0,0,0
60565,1,1,22,22,22,22,22,22,22,22,22,22
60565,2,1,0,0,0,0,0,0,0,0,0,0
60566,0,1,0,0,0,0,0,0,0,0,0,0
60566,1,1,0,0,15,0,0,0,0,0,0,0
60567,1,1,0,0,0,0,0,0,0,0,0,0
60567,2,1,0,0,0,0,0,0,0,0,0,2
60568,1,1,0,0,0,0,0,0,0,0,0,0
60568,2,1,0,0,0,0,0,0,0,0,0,0
60569,1,1,0,0,12,25,0,0,0,0,0,0
60570,1,1,0,0,0,0,0,0,0,0,0,0
60570,2,1,0,0,0,0,0,0,0,0,0,0
60570,3,1,0,0,0,0,0,0,0,0,0,0
60571,0,1,19,19,19,19,19,19,19,19,19,19
60571,1,1,0,0,0,0,0,0,0,0,35,0
60572,0,1,28,28,28,28,28,28,28,28,28,28
60572,1,1,0,0,0,0,0,0,0,0,0,0
60573,1,1,0,0,0,0,0,0,0,34,0,0
60573,2,1,0,0,0,0,0,0,0,0,0,0
60574,1,1,18,33,28,30,24,6,21,8,23,14
60575,1,1,23,23,23,23,23,23,23,23,23,23
60576,0,1,0,6,0,0,0,0,22,0,0,0
60576,1,1,0,0,0,0,0,0,0,0,0,0
60577,1,1,0,0,0,0,0,0,0,0,0,0
60577,2,1,0,0,0,0,0,0,0,0,0,0
60578,1,1,0,0,0,0,0,0,0,0,0,0
60578,2,1,0,0,0,0,19,0,0,0,0,0
60579,1,1,18,21,20,24,17,20,5,26,17,38
60579,2,1,0,0,0,0,0,0,0,0,0,0
60580,0,1,12,0,22,26,16,0,15,0,10,0
60580,1,1,10,7,8,5,10,9,25,21,9,14
60581,1,1,20,20,20,20,20,20,20,20,20,20
60582,1,1,0,0,0,0,0,0,0,0,0,0
60582,2,1,0,0,0,0,0,0,0,0,0,0
60583,0,1,0,0,0,0,0,0,0,0,0,0
60583,1,1,0,0,0,0,0,0,0,0,0,0
60584,0,1,0,0,0,0,0,0,0,0,0,0
60584,1,1,0,0,0,0,0,0,0,0,0,0
60585,1,1,0,0,0,0,0,0,0,0,0,0
60586,1,1,0,0,0,0,0,0,0,0,0,0
60587,0,1,0,0,0,0,0,0,0,0,0,0
60587,1,1,0,0,0,0,0,0,0,0,12,0
60588,0,1,0,0,0,0,0,0,0,0,0,0
60588,1,1,0,37,0,24,0,15,0,0,0,0
60589,1,1,0,0,0,0,0,0,0,0,0,0
60589,2,1,0,0,0,0,0,0,0,0,24,0
60590,0,1,0,0,0,0,0,0,0,0,0,0
60590,1,1,13,21,15,22,13,16,22,14,0,20
60591,0,1,0,0,0,0,0,0,0,0,0,0
60591,1,1,0,0,0,0,0,0,0,0,0,0
60592,0,1,0,0,0,20,40,0,6,0,0,18
60592,1,1,29,13,13,9,8,30,23,9,15,18
60592,2,1,0,0,0,0,0,0,0,0,0,0
60593,1,1,0,0,0,0,0,0,0,0,0,0
60593,2,1,0,13,0,0,0,0,18,0,0,0
60594,1,1,0,15,12,8,0,0,0,0,0,0
60594,2,1,0,0,0,0,0,0,0,0,0,0
60595,1,1,0,0,0,0,0,0,0,0,0,0
60596,1,1,0,0,0,0,0,0,0,0,0,0
60596,2,1,0,0,0,0,0,0,0,0,0,0
60596,3,1,0,0,0,0,0,0,0,0,0,0
60597,0,1,0,0,0,0,0,0,0,0,0,0
60597,1,1,0,0,0,0,0,0,0,0,8,10
60597,2,1,0,0,0,0,0,0,0,0,0,0
60598,0,1,22,22,22,22,22,22,22,22,22,22
60598,1,1,0,0,0,0,0,0,7,0,0,7
60599,0,1,8,8,8,8,8,8,8,8,8,8
60599,1,1,0,0,0,0,0,0,0,0,0,0
60600,1,1,0,0,0,0,0,0,0,0,0,0
60601,0,1,0,17,0,0,22,4,0,0,28,0
60601,1,1,0,0,0,0,0,0,0,0,0,26
60602,1,1,26,26,26,26,26,26,26,26,26,26
60603,1,1,0,0,25,0,0,0,0,0,21,4
60603,2,1,0,0,0,0,0,0,0,0,0,0
60604,1,1,0,0,0,0,0,0,0,0,0,0
60605,1,1,0,0,0,0,0,0,0,0,0,0
60606,1,1,0,0,0,0,0,0,0,0,0,0
60606,2,1,0,0,0,0,0,0,0,0,0,0
60607,1,1,0,0,0,0,0,0,0,0,0,0
60607,2,1,0,0,0,0,0,0,0,0,0,0
60608,1,1,44,44,44,44,44,44,44,44,44,44
60609,1,1,0,0,0,0,0,0,0,0,0,0
60609,2,1,0,0,0,0,0,0,0,0,0,0
60610,1,1,0,0,0,0,0,0,0,0,0,0
60611,1,1,0,0,0,0,0,0,0,0,0,0
60611,2,1,0,0,0,0,0,0,0,0,0,0
60612,1,1,25,25,25,25,25,25,25,25,25,25
60614,1,1,0,0,0,0,0,0,0,0,0,0
60615,1,1,3,3,3,3,3,3,3,3,3,3
60615,2,1,0,0,0,0,0,0,0,0,0,0
60616,1,1,0,0,0,0,0,0,0,0,0,0
60616,2,1,0,0,0,0,0,0,0,0,0,0
60617,1,1,0,0,0,0,0,0,0,0,0,0
60617,2,1,0,0,0,9,0,0,0,0,0,0
60618,0,1,0,0,0,0,0,0,0,0,0,0
60618,1,1,0,0,0,0,0,0,0,0,0,0
60619,1,1,16,16,16,16,16,16,16,16,16,16
60620,1,1,0,0,0,0,0,0,0,0,0,0
60620,2,1,0,0,0,0,0,0,0,0,0,0
60621,1,1,8,8,8,8,8,8,8,8,8,8
60622,0,1,9,9,9,9,9,9,9,9,9,9
60622,1,1,0,0,0,0,0,0,0,0,0,0
60623,0,1,0,0,0,0,0,0,0,0,0,0
60623,1,1,0,0,0,0,0,0,0,0,0,0
60624,0,1,0,0,0,0,0,0,0,0,0,0
60624,1,1,0,0,0,0,0,0,0,0,0,0
60624,2,1,0,0,0,0,22,0,0,0,0,22
60624,3,1,0,0,0,0,0,0,0,0,0,0
60625,0,1,11,11,11,11,11,11,11,11,11,11
60625,1,1,0,0,0,0,0,0,0,0,0,0
60625,2,1,0,0,0,0,0,0,0,0,0,0
60626,1,1,0,0,0,0,0,0,0,0,0,0
60626,2,1,0,0,0,0,0,0,0,0,0,0
60627,1,1,10,15,8,7,0,21,0,0,24,0
60628,1,1,0,0,0,0,0,0,0,0,0,0
60628,2,1,0,0,0,0,0,0,0,0,0,0
60629,1,1,0,0,0,0,17,0,0,0,0,0
60629,2,1,0,0,0,0,0,0,0,0,0,0
60629,3,1,0,0,0,0,0,0,0,0,0,0
60630,1,1,7,7,7,7,7,7,7,7,7,7
60631,1,1,17,17,17,17,17,17,17,17,17,17
60631,2,1,0,0,0,0,0,0,0,0,0,0
60632,0,1,0,0,0,0,0,0,0,0,0,0
60632,1,1,0,0,0,14,0,0,0,0,0,0
60633,0,1,13,13,13,13,13,13,13,13,13,13
60633,1,1,0,0,0,0,0,0,0,0,0,6
60634,1,1,0,0,0,0,0,0,0,0,0,0
60635,1,1,0,0,0,0,0,0,0,0,0,0
60637,1,1,0,0,0,0,0,0,29,0,0,0
60637,2,1,0,0,0,0,0,0,0,0,0,0
60638,1,1,19,19,19,19,19,19,19,19,19,19
60639,1,1,19,19,19,19,19,19,19,19,19,19
60640,0,1,0,0,0,0,0,0,0,0,0,0
60640,1,1,0,0,0,0,0,0,0,0,0,0
60640,2,1,0,0,0,0,0,0,0,0,0,0
60641,0,1,0,0,0,0,0,0,0,0,0,0
60641,1,1,0,0,0,0,0,0,0,0,0,0
60642,1,1,8,8,8,8,8,8,8,8,8,8
60642,2,1,0,0,0,0,0,0,0,0,0,0
60643,1,1,15,15,15,15,15,15,15,15,15,15
60643,2,1,17,0,0,0,0,0,0,0,0,0
60643,3,1,0,0,0,0,0,0,0,0,0,0
60644,1,1,5,5,5,5,5,5,5,5,5,5
60644,2,1,0,0,3,0,0,0,0,0,0,0
60645,0,1,0,0,0,0,0,0,0,0,0,0
60645,1,1,0,0,0,0,0,0,0,0,0,0
60646,0,1,0,0,0,0,0,0,0,0,0,0
60646,1,1,6,6,6,6,6,6,6,6,6,6
60647,0,1,0,0,0,0,0,0,0,0,0,0
60647,1,1,0,0,0,0,0,0,0,0,0,0
60648,1,1,32,32,32,32,32,32,32,32,32,32
60649,1,1,0,0,0,0,0,0,0,0,0,0
60650,0,1,0,0,0,0,0,0,0,0,0,0
60650,1,1,0,0,0,0,0,0,0,0,0,0
60651,0,1,33,33,33,33,33,33,33,33,33,33
60651,1,1,0,0,0,0,0,0,0,0,0,0
60652,0,1,0,0,0,0,0,0,0,0,0,0
60652,0,2,0,0,0,0,0,0,0,0,0,0
60652,1,1,0,0,0,0,0,0,0,0,0,0
60653,1,1,12,12,12,12,12,12,12,12,12,12
60653,2,1,0,0,0,0,0,0,0,0,11,0
60654,0,1,0,0,0,0,0,0,0,0,0,0
60654,1,1,0,0,0,0,0,0,0,0,0,0
60655,1,1,0,0,0,0,0,0,0,0,0,0
60655,2,1,0,0,0,0,0,0,0,0,0,0
60655,3,1,0,0,0,0,0,0,0,25,0,0
60656,1,1,29,29,29,29,29,29,29,29,29,29
60656,2,1,1,1,1,1,1,1,1,1,1,1
60657,1,1,0,0,0,0,0,0,0,0,18,25
60657,2,1,0,24,10,8,0,47,0,21,0,0
60658,1,1,1,1,1,1,1,1,1,1,1,1
60659,0,1,0,0,0,24,22,0,0,0,0,0
60659,1,1,16,0,0,0,0,0,0,13,15,0
60660,0,1,0,0,0,0,0,0,0,0,0,0
60660,1,1,0,0,4,0,0,0,0,0,0,4
60661,1,1,0,0,0,0,0,19,23,0,0,0
60662,1,1,0,0,0,0,0,0,0,0,0,0
60663,0,1,0,0,0,0,0,0,0,0,0,0
60663,1,1,0,0,0,0,0,0,0,0,14,0
60664,1,1,0,0,0,0,0,0,0,0,0,0
60664,2,1,17,0,0,0,0,0,0,0,0,0
60665,1,1,12,12,12,12,12,12,12,12,12,12
60665,2,1,0,0,0,0,0,0,0,0,0,0
60666,1,1,0,0,0,0,0,0,0,0,0,0
60666,2,1,0,0,0,0,0,0,0,0,0,0
60667,1,1,0,18,0,0,7,0,0,0,0,0
60667,2,1,0,0,0,0,0,10,15,0,12,0
60668,0,1,0,0,0,0,0,0,0,0,0,0
60668,1,1,0,0,0,0,0,0,0,0,0,0
60669,0,1,1,1,1,1,1,1,1,1,1,1
60669,1,1,13,18,15,22,12,9,2,16,17,8
60670,0,1,0,0,0,0,0,0,0,0,0,0
60670,1,1,0,0,0,0,0,0,0,0,0,0
60671,1,1,0,0,0,0,0,0,0,0,0,0
60671,2,1,14,14,14,14,14,14,14,14,14,14
60672,1,1,0,0,0,0,0,0,0,0,0,0
60672,2,1,0,0,0,0,0,0,0,0,0,0
60673,0,1,0,0,0,0,0,0,0,0,0,0
60673,1,1,0,0,0,0,0,0,0,0,0,0
60674,1,1,0,0,0,0,0,0,0,0,0,0
60675,1,1,0,0,0,0,0,0,0,0,0,0
60676,1,1,0,0,0,0,0,0,0,0,0,0
60676,2,1,0,0,0,0,0,0,0,0,0,0
60677,1,1,0,0,0,0,0,0,0,0,0,0
60678,0,1,0,0,0,0,0,0,0,0,0,0
60678,1,1,0,0,0,0,0,0,0,0,0,0
60678,2,1,0,0,0,0,29,0,0,0,0,0
60678,3,1,0,0,0,0,0,0,0,0,0,0
60679,0,1,16,16,16,16,16,16,16,16,16,16
60679,1,1,0,0,0,0,0,0,0,0,0,0
60680,0,1,16,16,16,16,16,16,16,16,16,16
60680,1,1,0,0,0,0,0,0,19,0,0,12
60681,1,1,22,22,22,22,22,22,22,22,22,22
60682,0,1,0,0,0,0,0,0,0,0,0,0
60682,1,1,17,20,0,0,0,0,0,0,32,14
60683,0,1,14,14,14,14,14,14,14,14,14,14
60683,1,1,18,18,18,18,18,18,18,18,18,18
60684,0,1,0,0,0,0,0,0,0,0,0,0
60684,1,1,0,0,0,0,0,0,0,0,0,0
60685,1,1,0,0,0,0,0,0,0,0,0,0
60686,1,1,3,3,3,3,3,3,3,3,3,3
60686,2,1,0,0,0,0,0,0,0,11,0,0
60687,1,1,0,0,0,0,0,0,0,0,0,0
60687,2,1,0,0,0,0,0,0,0,0,0,0
60688,1,1,0,0,0,0,0,0,0,0,0,0
60688,2,1,9,9,9,9,9,9,9,9,9,9
60689,1,1,0,0,0,8,0,0,0,0,0,10
60690,0,1,0,0,0,0,0,0,0,0,0,0
60690,1,1,0,0,0,0,0,0,0,0,0,0
60690,2,1,0,0,0,0,0,0,0,0,0,0
60691,1,1,14,14,14,14,14,14,14,14,14,14
60691,2,1,0,0,0,0,0,0,0,0,0,0
60691,3,1,0,0,0,0,0,0,18,0,0,20
60692,1,1,0,0,0,0,0,0,0,0,0,0
60692,2,1,19,19,19,19,19,19,19,19,19,19
60693,0,1,0,0,0,0,0,0,0,0,0,0
60693,1,1,0,0,0,0,0,0,0,0,0,0
60694,1,1,0,0,0,0,0,0,0,0,0,0
60695,1,1,0,0,0,0,0,0,0,0,0,0
60695,2,1,0,0,0,0,0,0,0,0,0,0
60695,3,1,0,0,0,0,0,0,0,0,0,0
60696,1,1,15,15,15,15,15,15,15,15,15,15
60696,2,1,0,23,0,0,0,0,0,0,0,0
60697,1,1,25,25,25,25,25,25,25,25,25,25
60697,2,1,0,0,0,0,0,0,13,0,0,0
60698,1,1,0,0,0,0,0,0,0,0,0,0
60699,0,1,0,0,0,0,0,0,0,0,0,0
60699,1,1,0,0,16,0,0,0,0,0,0,0
60700,1,1,4,0,0,0,0,0,5,0,36,23
60701,1,1,0,0,0,0,0,0,0,0,0,0
60701,2,1,0,0,0,0,0,0,0,0,0,0
60702,1,1,12,12,12,12,12,12,12,12,12,12
60703,1,1,0,0,0,0,0,0,0,0,0,0
60703,2,1,0,0,0,0,0,0,0,0,0,0
60704,1,1,0,0,0,0,0,0,0,0,0,0
60705,1,1,0,0,0,0,0,0,0,0,0,0
60707,1,1,21,21,21,21,21,21,21,21,21,21
60709,1,1,39,39,39,39,39,39,39,39,39,39
60710,1,1,0,0,0,0,0,0,0,0,0,0
60710,2,1,0,0,0,0,0,0,0,0,0,0
60711,1,1,21,21,21,21,21,21,21,21,21,21
60712,1,1,14,14,14,14,14,14,14,14,14,14
60712,2,1,0,0,0,0,0,0,0,0,0,0
60712,3,1,0,0,0,0,0,0,0,0,0,0
60713,1,1,30,30,30,30,30,30,30,30,30,30
60714,0,1,0,0,0,0,0,0,0,0,0,0
60714,1,1,0,0,17,18,0,0,0,0,0,0
60715,1,1,10,10,10,10,10,10,10,10,10,10
60715,2,1,0,0,0,0,0,0,0,0,0,0
60716,1,1,0,0,0,0,0,0,0,0,0,0
60716,2,1,0,0,0,0,0,0,0,0,21,0
60717,0,1,0,0,0,0,0,0,0,0,0,0
60717,1,1,0,0,0,0,0,17,10,4,0,0
60718,1,1,18,0,0,0,0,0,0,0,0,0
60719,1,1,0,0,0,0,0,0,0,0,0,0
60719,2,1,0,0,0,13,22,0,0,0,0,0
60720,0,1,28,28,28,28,28,28,28,28,28,28
60720,1,1,12,0,0,0,0,0,0,0,0,12
60721,1,1,0,0,0,0,0,0,0,0,0,0
60721,2,1,10,0,0,0,0,0,0,0,0,0
60722,1,1,0,0,0,0,0,0,0,0,0,0
60723,1,1,0,0,0,0,0,0,0,0,0,0
60724,0,1,0,0,0,0,0,0,0,0,0,0
60724,1,1,0,0,0,0,0,0,0,0,0,3
60725,1,1,0,0,29,0,0,27,0,0,0,0
60725,2,1,0,0,0,0,0,0,0,0,0,0
60726,1,1,18,18,18,18,18,18,18,18,18,18
60727,1,1,0,0,0,0,0,0,0,0,0,0
60728,1,1,1,1,1,1,1,1,1,1,1,1
60728,2,1,0,0,0,0,0,0,0,0,0,0
60729,0,1,15,15,15,15,15,15,15,15,15,15
60729,1,1,0,0,0,0,0,13,0,0,0,0
60729,2,1,0,0,27,0,0,0,0,0,0,16
60729,3,1,0,0,0,0,0,0,0,0,0,0
60730,0,1,27,27,27,27,27,27,27,27,27,27
60730,1,1,0,0,0,16,0,0,0,0,0,0
60731,1,1,3,3,3,3,3,3,3,3,3,3
60732,1,1,13,16,8,12,21,7,20,28,2,6
60733,1,1,10,10,10,10,10,10,10,10,10,10
60734,1,1,0,0,0,0,0,0,0,0,0,0
60734,2,1,0,0,0,0,0,0,0,0,0,0
60735,1,1,0,0,0,0,0,0,0,0,0,0
60736,0,1,0,0,0,0,0,0,0,0,0,0
60736,1,1,0,0,0,0,0,0,0,0,0,0
60737,1,1,0,0,0,0,0,0,0,0,0,0
60737,2,1,0,0,0,0,0,0,0,0,0,0
60738,1,1,21,19,0,14,0,0,0,11,0,22
60738,2,1,0,0,0,0,0,0,0,0,0,0
60739,1,1,0,0,0,0,0,0,0,0,0,0
60739,2,1,0,0,0,0,0,0,0,0,0,0
60740,1,1,0,0,0,0,0,0,0,0,0,0
60740,2,1,0,0,0,0,0,0,0,0,0,0
60741,1,1,0,0,0,0,0,0,0,0,0,0
60741,2,1,0,0,0,0,0,0,0,0,0,0
60742,0,1,0,0,0,0,0,0,0,0,0,0
60742,1,1,0,0,0,0,0,0,0,0,0,0
60743,0,1,19,0,0,0,0,0,0,0,0,0
60743,1,1,0,0,0,0,0,0,0,0,0,0
60744,1,1,0,0,0,0,0,0,0,14,0,0
60745,0,1,0,0,0,0,0,0,0,0,0,0
60745,0,2,0,0,0,0,0,0,0,0,0,0
60745,1,1,0,0,0,0,0,0,0,0,0,0
60746,0,1,0,0,29,21,0,0,11,12,23,16
60746,1,1,0,0,0,0,0,0,0,0,0,0
60747,1,1,0,0,0,0,0,0,0,0,0,0
60747,2,1,0,0,0,0,0,0,0,0,0,0
60747,3,1,0,0,0,0,0,0,0,0,0,0
60748,0,1,27,27,27,27,27,27,27,27,27,27
60748,1,1,0,0,0,0,0,0,0,0,0,0
60749,0,1,0,0,0,0,0,0,0,0,0,0
60749,1,1,0,0,0,0,0,0,0,0,0,0
60750,0,1,0,0,0,0,0,0,0,0,0,0
60750,1,1,0,0,0,0,0,0,0,0,0,0
60751,1,1,0,0,0,0,0,0,0,0,0,0
60751,2,1,0,0,0,0,0,0,0,0,0,0
60752,1,1,0,0,0,0,0,0,0,0,0,0
60753,1,1,0,0,0,0,0,0,0,0,0,0
60754,1,1,0,0,0,0,0,0,0,0,0,0
60754,2,1,0,0,0,0,0,0,0,0,0,0
60755,1,1,0,0,0,0,0,0,0,0,0,0
60755,2,1,0,0,0,0,0,0,0,0,0,0
60756,0,1,0,19,19,0,26,0,0,21,11,0
60756,1,1,0,0,0,0,0,0,0,0,0,0
60757,1,1,0,0,0,0,0,0,0,0,0,0
60757,2,1,0,0,0,0,0,0,0,0,0,0
60758,0,1,44,44,44,44,44,44,44,44,44,44
60758,1,1,0,0,0,0,0,0,0,0,0,0
60758,2,1,0,0,0,0,0,0,0,0,0,0
60759,0,1,0,0,0,0,0,0,0,0,0,0
60759,1,1,0,0,0,0,0,0,0,0,0,0
60760,1,1,0,0,0,0,0,0,0,0,0,0
60760,2,1,0,0,0,0,0,0,0,0,0,0
60761,1,1,30,30,30,30,30,30,30,30,30,30
60761,2,1,0,0,0,0,15,0,0,0,0,0
60762,0,1,0,0,0,0,0,0,0,0,0,0
60762,1,1,0,0,0,0,0,0,0,0,0,0
60763,1,1,0,0,0,0,0,0,0,0,0,0
60765,1,1,0,0,0,0,0,0,0,0,0,0
60766,1,1,0,0,0,0,0,0,0,0,0,0
60767,0,1,0,0,0,0,0,0,0,0,0,0
60767,1,1,0,0,0,0,0,0,0,0,0,0
60768,1,1,0,0,0,33,0,0,0,0,0,0
60768,2,1,0,0,0,0,0,0,0,0,0,0
60769,1,1,0,0,0,0,0,0,0,0,0,0
60769,2,1,0,0,0,0,0,0,0,0,0,0
60770,0,1,14,0,11,0,22,9,14,6,0,38
60770,1,1,0,0,0,0,0,0,0,0,0,0
60771,1,1,0,0,0,0,0,0,0,0,0,0
60772,0,1,0,0,0,0,0,0,0,0,0,0
60772,1,1,8,0,0,0,0,0,0,0,0,0
60772,2,1,17,16,0,19,0,0,24,0,0,13
60773,1,1,0,0,0,0,0,0,0,0,0,0
60774,1,1,0,0,0,0,0,0,0,0,0,0
60774,2,1,0,0,0,0,0,0,0,0,0,0
60775,0,1,32,32,32,32,32,32,32,32,32,32
60775,1,1,0,0,0,0,0,0,0,21,0,0
60776,0,1,0,0,0,0,0,0,0,0,0,0
60776,0,2,0,0,0,0,0,0,0,0,0,0
60776,1,1,0,0,0,0,0,0,0,0,0,0
60777,1,1,0,0,0,0,0,0,0,0,0,0
60777,2,1,0,0,0,0,0,0,0,0,0,0
60778,1,1,20,0,0,0,0,3,15,7,0,22
60778,2,1,7,19,14,7,0,0,31,0,0,19
60779,0,1,0,0,0,0,0,0,0,0,0,0
60779,1,1,0,0,0,0,0,0,0,0,0,0
60780,1,1,0,0,0,0,0,0,0,0,0,0
60780,2,1,0,0,0,0,0,0,0,0,0,0
60781,1,1,0,0,0,0,0,0,0,0,0,0
60781,2,1,0,0,0,0,0,0,0,0,0,0
60781,3,1,0,0,0,0,0,0,0,0,0,0
60782,0,1,0,0,0,0,0,0,0,0,0,0
60782,1,1,0,0,0,0,0,0,0,0,0,0
60783,1,1,0,0,0,0,0,0,0,0,0,0
60783,2,1,0,0,0,0,0,0,0,0,0,0
60783,3,1,0,0,0,0,0,0,0,0,0,0
60784,1,1,0,0,0,0,0,0,0,0,0,0
60784,2,1,0,0,0,0,0,0,0,0,0,0
60785,1,1,23,23,23,23,23,23,23,23,23,23
60785,2,1,0,0,0,0,0,0,0,0,0,0
60785,3,1,0,0,0,0,0,0,0,0,0,0
60786,0,1,21,21,21,21,21,21,21,21,21,21
60786,1,1,0,0,0,0,0,0,18,0,0,0
60787,1,1,15,15,15,15,15,15,15,15,15,15
60788,1,1,23,25,21,17,11,9,13,11,15,10
60789,1,1,0,0,0,0,0,0,0,0,0,0
60790,1,1,9,0,16,23,0,17,12,0,0,0
60790,2,1,0,0,0,0,0,0,0,0,0,0
60791,1,1,0,0,0,0,0,0,0,0,0,0
60791,2,1,0,19,0,0,0,0,0,0,0,0
60792,0,1,13,13,13,13,13,13,13,13,13,13
60792,1,1,14,14,14,14,14,14,14,14,14,14
60793,1,1,15,15,15,15,15,15,15,15,15,15
60794,0,1,0,0,0,0,0,0,0,0,0,0
60794,1,1,0,0,0,0,0,13,0,0,28,0
60794,2,1,0,0,0,0,0,0,0,0,0,0
60795,0,1,0,0,0,0,26,0,23,5,0,0
60795,1,1,0,0,0,0,0,0,0,0,0,0
60796,1,1,0,0,0,0,0,0,0,0,0,0
60796,2,1,0,0,0,0,10,0,0,0,0,0
60797,0,1,0,0,0,0,0,0,0,0,0,0
60797,1,1,0,0,0,0,0,0,0,0,0,0
60798,1,1,0,0,0,0,0,0,0,0,0,0
60798,2,1,0,0,0,0,0,0,0,0,0,0
60799,1,1,18,18,18,18,18,18,18,18,18,18
60800,0,1,32,0,0,0,0,14,0,20,0,0
60800,1,1,18,0,0,0,0,16,0,0,0,0
60801,1,1,0,0,0,0,0,0,0,0,0,0
60802,1,1,14,14,14,14,14,14,14,14,14,14
60802,2,1,0,0,0,0,0,0,0,0,0,0
60803,1,1,0,0,0,0,0,0,0,0,0,0
60803,2,1,0,0,0,0,0,0,0,0,0,0
60804,1,1,0,0,0,0,0,0,0,0,0,0
60804,2,1,0,0,0,0,0,0,0,0,0,0
60804,3,1,0,0,0,0,0,0,0,0,0,0
60805,1,1,22,22,22,22,22,22,22,22,22,22
60806,0,1,0,0,0,0,0,0,0,0,0,0
60806,1,1,14,0,0,6,0,9,0,0,17,0
60807,0,1,0,0,0,0,0,0,0,0,0,0
60807,1,1,0,0,0,0,0,0,0,0,0,0
60808,1,1,9,9,9,9,9,9,9,9,9,9
60808,2,1,0,0,0,0,0,0,0,0,0,0
60809,1,1,19,19,19,19,19,19,19,19,19,19
60810,1,1,0,0,0,0,0,0,0,0,0,0
60811,1,1,28,28,28,28,28,28,28,28,28,28
60812,1,1,0,0,0,0,0,0,0,0,0,0
60813,1,1,0,0,0,0,0,0,0,0,0,0
60813,2,1,0,0,0,0,0,23,0,0,0,0
60814,1,1,0,0,0,0,0,0,0,0,0,0
60815,0,1,0,0,0,0,0,0,0,0,0,0
60815,1,1,0,0,0,0,0,0,0,0,0,0
60816,0,1,0,0,0,0,0,0,0,0,0,0
60816,1,1,0,0,0,0,0,0,6,0,0,0
60817,1,1,17,17,17,17,17,17,17,17,17,17
60819,0,1,0,0,0,0,0,0,0,0,0,0
60819,1,1,0,0,0,0,0,0,0,0,0,0
60820,1,1,0,0,0,0,0,0,8,0,0,0
60821,1,1,0,0,0,0,0,0,0,0,0,0
60821,2,1,0,0,0,0,0,0,0,0,0,0
60822,0,1,0,0,0,0,0,0,0,0,0,0
60822,1,1,0,0,0,0,0,0,0,0,11,0
60823,0,1,0,0,0,0,0,0,19,18,0,23
60823,1,1,15,0,22,3,0,14,0,0,0,0
60824,0,1,14,14,14,14,14,14,14,14,14,14