ST_CASE,VEH_NO,PER_NO,P1,P2,P3,P4,P5,P6,P7,P8,P9,P10
61103,1,1,0,0,0,0,0,0,0,0,0,0
61104,1,1,0,0,0,0,0,0,0,0,0,11
61104,2,1,0,0,0,0,0,0,0,0,0,0
61105,0,1,0,0,0,0,0,0,0,0,0,0
61105,1,1,0,0,7,0,0,0,0,0,0,0
61106,0,1,40,40,40,40,40,40,40,40,40,40
61106,1,1,0,0,0,0,0,0,0,0,0,0
61107,1,1,0,0,0,0,0,0,0,0,0,0
61107,2,1,0,0,0,0,0,0,0,0,0,0
61108,1,1,16,16,16,16,16,16,16,16,16,16
61109,0,1,0,0,0,0,0,0,0,0,0,0
61109,0,2,0,0,0,0,0,0,0,0,0,0
61109,0,3,0,0,0,0,18,0,0,0,38,0
61109,1,1,33,0,0,0,0,0,0,0,0,0
61110,0,1,0,0,0,0,0,0,0,0,0,0
61110,1,1,0,0,0,0,0,0,0,0,0,0
61110,2,1,0,0,0,0,0,0,0,0,0,0
61111,0,1,2,2,2,2,2,2,2,2,2,2
61111,1,1,0,13,0,0,0,0,0,0,0,13
61112,0,1,19,19,19,19,19,19,19,19,19,19
61112,1,1,0,0,0,0,0,0,0,0,0,0
61113,1,1,3,3,3,3,3,3,3,3,3,3
61113,2,1,0,0,0,0,0,0,0,0,0,0
61114,1,1,0,0,0,0,0,0,0,0,0,0
61114,2,1,0,0,0,0,0,0,0,0,0,0
61115,1,1,0,0,0,0,0,0,0,18,0,0
61115,2,1,10,10,10,10,10,10,10,10,10,10
61116,1,1,0,0,0,16,0,0,0,0,0,0
61116,2,1,0,0,0,0,0,0,0,0,0,0
61117,1,1,0,0,0,0,0,0,0,0,0,0
61118,1,1,0,0,0,0,0,0,0,0,0,0
61118,2,1,0,0,0,0,0,0,0,0,0,0
61119,1,1,0,0,0,0,0,0,0,0,0,0
61119,2,1,0,0,0,0,0,0,0,0,0,0
61120,1,1,13,13,13,13,13,13,13,13,13,13
61121,1,1,1,1,1,1,1,1,1,1,1,1
61121,2,1,0,0,0,0,0,0,4,0,0,0
61122,1,1,0,0,0,0,0,0,0,0,0,0
61123,0,1,8,17,17,21,18,0,0,0,0,10
61123,1,1,0,0,0,0,0,0,0,0,0,0
61123,2,1,0,0,0,0,0,0,0,0,0,0
61124,0,1,0,0,0,0,0,0,0,0,0,0
61124,0,2,0,0,0,0,0,0,0,0,0,0
61124,1,1,0,0,0,0,0,0,0,0,0,0
61125,1,1,0,0,0,0,0,0,0,0,0,0
61125,2,1,0,0,0,0,0,0,0,0,0,0
61126,1,1,16,16,16,16,16,16,16,16,16,16
61127,1,1,0,0,0,0,0,0,0,0,0,0
61127,2,1,0,0,0,0,0,0,0,0,0,0
61128,1,1,27,27,27,27,27,27,27,27,27,27
61129,1,1,25,25,25,25,25,25,25,25,25,25
61130,1,1,0,0,0,0,0,0,0,0,0,0
61130,2,1,0,0,0,0,0,0,0,0,0,0
61130,3,1,0,0,0,0,23,0,0,0,8,0
61130,4,1,0,0,0,0,0,0,0,0,0,0
61131,1,1,0,0,0,0,0,0,0,0,0,0
61132,1,1,10,10,10,10,10,10,10,10,10,10
61133,1,1,0,0,0,0,0,0,0,0,0,0
61133,2,1,0,0,0,0,0,0,0,0,0,0
61133,3,1,0,0,0,0,0,0,0,0,0,0
61134,0,1,0,0,0,0,0,0,0,0,0,0
61134,1,1,0,0,0,0,0,0,0,20,4,0
61134,2,1,0,0,0,0,0,0,0,0,0,0
61135,1,1,10,10,10,10,10,10,10,10,10,10
61136,1,1,13,14,10,15,0,25,0,12,10,5
61137,1,1,0,0,0,0,0,0,0,0,0,0
61138,0,1,0,0,0,0,0,0,0,0,0,0
61138,1,1,0,9,0,0,0,0,0,0,0,0
61139,1,1,0,0,0,0,0,0,0,0,0,0
61139,2,1,0,0,0,0,0,0,0,0,0,0
61140,0,1,0,0,0,0,0,0,0,0,0,0
61140,1,1,0,0,0,0,0,8,0,0,0,0
61141,0,1,0,0,0,0,0,0,0,0,0,0
61141,1,1,0,13,0,4,11,0,32,23,0,0
61142,1,1,0,0,0,0,0,0,0,0,0,0
61143,1,1,0,0,0,0,0,0,0,0,0,0
61143,2,1,0,0,0,5,0,0,0,0,0,0
61144,1,1,0,0,0,0,0,0,0,0,0,0
61145,1,1,0,0,0,0,0,0,0,0,0,0
61145,2,1,0,0,0,0,0,0,0,0,0,0
61146,1,1,10,10,10,10,10,10,10,10,10,10
61146,2,1,0,0,0,0,0,0,0,0,0,0
61147,0,1,0,0,0,0,0,0,0,0,0,0
61147,1,1,0,0,0,0,0,0,0,0,0,0
61148,1,1,0,0,0,0,0,0,0,0,0,0
61148,2,1,0,0,0,0,0,0,0,0,0,0
61149,0,1,0,0,0,0,0,0,0,0,0,0
61149,1,1,0,0,0,0,0,0,0,0,0,0
61150,0,1,0,0,0,0,0,0,0,0,0,0
61150,1,1,0,0,0,0,0,0,0,0,0,0
61151,1,1,0,0,0,0,0,24,0,10,0,0
61152,1,1,0,0,0,0,0,0,0,0,0,0
61152,2,1,0,0,0,0,0,0,0,0,0,0
61153,0,1,8,8,8,8,8,8,8,8,8,8
61153,1,1,0,0,0,0,14,0,0,0,0,0
61154,0,1,0,0,0,0,0,0,0,0,0,0
61154,1,1,0,16,0,0,17,0,10,0,1,0
61155,1,1,0,0,0,0,0,0,0,0,0,0
61155,2,1,0,3,0,0,0,0,0,0,0,0
61156,1,1,0,0,0,0,0,0,0,0,0,0
61158,1,1,22,22,22,22,22,22,22,22,22,22
61159,0,1,0,0,0,0,0,0,0,0,0,0
61159,1,1,0,0,0,0,0,23,13,16,0,0
61160,1,1,0,0,0,0,0,0,0,0,0,0
61160,2,1,0,0,0,0,0,0,0,0,0,0
61161,0,1,2,2,2,2,2,2,2,2,2,2
61161,1,1,0,0,0,0,0,0,0,0,0,0
61162,1,1,17,17,17,17,17,17,17,17,17,17
61163,1,1,0,0,0,0,0,0,0,0,0,0
61163,2,1,0,0,0,0,0,0,0,0,0,0
61165,1,1,0,0,0,0,0,0,0,0,0,0
61166,1,1,0,0,27,0,0,0,0,4,2,31
61166,2,1,0,0,0,0,0,0,0,0,0,0
61167,0,1,0,0,0,0,0,0,0,0,0,0
61167,1,1,21,21,21,21,21,21,21,21,21,21
61167,2,1,0,0,5,0,0,0,0,0,0,0
61168,1,1,0,0,0,0,0,0,0,0,0,0
61169,1,1,14,14,14,14,14,14,14,14,14,14
61169,2,1,0,0,0,0,0,0,0,0,0,0
61170,2,1,0,0,0,0,0,0,0,0,0,0
61171,1,1,28,28,28,28,28,28,28,28,28,28
61171,2,1,0,0,0,0,0,0,0,0,0,0
61172,0,1,0,0,0,0,0,0,0,0,0,0
61172,1,1,0,22,0,0,0,0,0,0,0,0
61172,2,1,0,0,0,0,0,0,0,0,0,0
61173,1,1,14,14,14,14,14,14,14,14,14,14
61174,0,1,0,0,0,0,0,0,0,0,0,0
61174,1,1,21,0,0,0,0,0,0,0,0,0
61175,1,1,0,0,0,0,0,0,0,0,0,0
61176,1,1,0,0,0,0,0,35,0,0,0,37
61176,2,1,0,0,0,0,0,0,0,0,0,0
61177,1,1,15,15,15,15,15,15,15,15,15,15
61177,2,1,0,0,0,0,0,0,0,0,0,0
61177,3,1,0,0,0,0,0,0,0,0,0,0
61177,4,1,0,0,0,0,0,0,0,0,0,0
61177,5,1,0,0,0,0,0,0,0,0,0,0
61177,6,1,0,0,0,0,0,27,0,0,0,0
61177,7,1,0,0,0,0,0,0,0,0,0,0
61177,8,1,0,0,0,0,0,0,9,0,0,0
61177,9,1,0,0,0,0,0,0,0,0,0,0
61178,1,1,25,25,25,25,25,25,25,25,25,25
61178,2,1,0,0,0,0,0,0,0,0,0,0
61178,3,1,0,0,0,0,0,0,0,0,0,0
61179,1,1,3,3,3,3,3,3,3,3,3,3
61180,1,1,0,0,0,0,0,0,0,0,0,0
61180,2,1,0,0,0,0,0,0,0,0,0,0
61181,0,1,0,0,0,0,0,0,0,0,12,0
61181,1,1,0,0,0,0,0,0,0,0,0,0
61182,1,1,1,1,1,1,1,1,1,1,1,1
61182,2,1,0,0,0,0,0,0,0,0,0,0
61183,0,1,0,0,0,0,0,0,0,0,0,0
61183,1,1,0,0,0,0,0,0,0,0,0,0
61184,1,1,0,0,0,0,0,0,0,0,0,0
61184,2,1,0,0,0,0,0,0,0,0,0,0
61185,1,1,0,0,0,0,0,0,0,0,0,0
61185,2,1,0,0,0,0,0,0,0,0,0,0
61186,1,1,0,0,0,0,0,0,0,0,0,0
61186,2,1,0,0,0,0,0,0,0,0,0,0
61186,3,1,13,0,0,0,0,0,0,0,0,0
61187,1,1,0,0,0,0,0,13,0,0,0,0
61187,2,1,0,0,0,0,0,0,0,0,0,0
61187,3,1,0,0,0,0,0,0,18,0,0,0
61188,0,1,0,0,0,0,17,0,0,0,0,0
61188,1,1,0,0,0,0,0,0,0,0,0,0
61189,0,1,0,0,0,0,0,0,0,0,0,0
61189,1,1,0,0,0,0,0,0,0,0,0,0
61190,1,1,0,0,0,0,0,0,0,0,0,0
61191,1,1,24,24,24,24,24,24,24,24,24,24
61192,1,1,0,0,0,0,0,0,0,0,0,0
61193,1,1,0,0,0,0,0,0,0,0,0,0
61194,0,1,8,8,8,8,8,8,8,8,8,8
61194,1,1,0,0,0,0,0,0,0,0,0,12
61195,1,1,0,0,0,0,0,0,0,0,0,0
61195,2,1,0,0,0,0,0,0,0,0,0,0
61196,1,1,14,14,14,14,14,14,14,14,14,14
61197,1,1,0,0,0,0,0,0,0,0,0,0
61197,2,1,0,0,0,0,0,0,0,0,0,0
61198,1,1,0,0,0,0,0,0,0,0,0,0
61199,1,1,0,0,0,0,0,0,0,0,0,0
61200,0,1,0,0,0,0,0,0,0,0,0,0
61200,1,1,0,0,0,0,0,0,0,29,0,13
61201,0,1,36,36,36,36,36,36,36,36,36,36
61201,1,1,0,0,0,0,19,0,0,0,0,0
61201,2,1,0,0,0,0,0,0,0,0,11,0
61201,3,1,0,0,0,0,0,0,0,0,0,0
61202,1,1,15,15,15,15,15,15,15,15,15,15
61203,0,1,27,27,27,27,27,27,27,27,27,27
61203,1,1,0,0,0,0,0,0,0,0,0,0
61204,0,1,0,0,0,0,0,0,0,0,0,0
61204,1,1,0,0,20,0,0,0,7,12,0,0
61205,1,1,0,0,0,0,0,0,0,0,0,0
61206,1,1,0,0,0,0,0,0,0,0,0,0
61206,2,1,0,0,0,0,0,0,0,0,0,0
61207,1,1,0,0,0,0,0,0,0,0,0,0
61208,1,1,0,0,0,0,0,0,0,0,0,0
61209,0,1,0,0,0,0,0,0,0,0,0,0
61209,1,1,0,0,0,0,0,0,0,0,0,0
61210,0,1,0,0,0,0,0,0,0,0,0,0
61210,1,1,0,0,0,0,0,0,11,0,0,0
61211,1,1,17,17,17,17,17,17,17,17,17,17
61211,2,1,0,0,0,0,0,0,0,0,0,0
61212,1,1,0,0,0,0,0,0,0,0,0,0
61213,0,1,0,0,0,0,0,0,0,0,0,0
61213,1,1,0,0,0,0,0,0,0,0,0,13
61214,1,1,0,0,0,0,0,0,0,0,0,0
61215,0,1,14,0,29,0,0,0,0,18,0,6
61215,1,1,0,0,0,0,0,0,0,0,0,0
61216,0,1,0,0,0,0,0,0,0,0,0,0
61216,1,1,0,0,0,0,0,0,0,0,0,0
61217,1,1,0,0,0,0,0,0,0,0,0,0
61217,2,1,0,0,0,0,0,0,0,0,0,0
61218,1,1,0,0,0,0,0,0,0,0,0,0
61219,1,1,34,34,34,34,34,34,34,34,34,34
61219,2,1,0,0,0,0,0,0,0,0,0,0
61219,3,1,0,0,0,0,0,0,0,0,0,0
61219,4,1,0,0,0,0,0,0,0,0,0,0
61220,1,1,0,0,0,0,0,0,0,0,0,0
61222,1,1,0,0,12,0,0,0,35,0,0,0
61223,1,1,11,11,11,11,11,11,11,11,11,11
61223,2,1,0,0,17,20,15,11,0,0,22,0
61225,1,1,0,0,0,0,0,0,0,0,0,0
61225,2,1,0,0,0,0,0,0,0,0,0,0
61225,3,1,0,0,0,0,0,0,0,0,0,0
61226,1,1,21,21,21,21,21,21,21,21,21,21
61227,1,1,0,0,0,0,0,0,0,0,0,0
61227,2,1,0,0,0,0,0,0,0,0,0,0
61229,1,1,0,0,0,0,0,0,0,0,0,0
61229,2,1,0,0,0,0,0,0,0,0,0,0
61230,1,1,0,0,0,0,0,0,0,0,0,0
61230,2,1,0,0,0,0,0,0,0,0,0,0
61231,1,1,0,0,0,0,0,0,0,0,0,0
61231,2,1,0,0,13,0,0,0,11,0,0,0
61232,1,1,0,0,0,0,0,0,17,0,0,0
61232,2,1,0,0,0,45,0,0,0,0,0,0
61233,0,1,0,0,0,0,0,0,0,0,0,0
61233,1,1,0,0,0,0,0,0,0,0,0,0
61234,1,1,0,0,0,13,0,0,4,0,0,0
61234,2,1,0,0,0,0,0,0,0,0,0,0
61235,1,1,0,0,0,0,0,0,0,0,0,0
61235,2,1,0,0,0,0,0,0,0,0,23,0
61236,1,1,2,2,2,2,2,2,2,2,2,2
61237,0,1,9,9,9,9,9,9,9,9,9,9
61237,1,1,0,0,0,0,10,0,0,13,0,0
61238,1,1,0,0,0,0,0,0,0,0,0,0
61238,2,1,0,0,0,0,0,0,0,0,0,0
61238,3,1,0,0,0,0,0,0,0,0,0,17
61238,4,1,0,0,0,0,0,0,0,0,0,0
61239,1,1,0,0,0,0,0,0,0,0,0,0
61239,2,1,0,0,0,22,0,0,8,0,0,0
61240,1,1,0,0,0,0,0,0,23,0,0,0
61240,2,1,0,0,0,0,0,0,0,0,0,0
61240,3,1,0,0,0,0,0,0,0,0,0,0
61241,1,1,2,2,2,2,2,2,2,2,2,2
61242,1,1,0,0,0,0,0,0,0,0,0,0
61242,2,1,0,0,0,0,0,0,0,0,0,0
61243,1,1,0,0,0,0,0,0,0,0,0,0
61244,1,1,23,23,23,23,23,23,23,23,23,23
61244,2,1,0,0,0,0,0,0,0,0,0,0
61245,1,1,0,0,0,20,0,0,0,0,0,0
61245,2,1,0,0,0,0,0,0,0,0,0,0
61245,3,1,0,0,0,0,0,0,0,0,0,26
61245,4,1,13,0,0,0,0,0,0,0,0,0
61245,5,1,0,0,16,0,0,0,0,0,26,0
61246,0,1,0,0,0,0,0,0,0,0,0,0
61246,1,1,0,0,0,0,26,0,0,0,0,0
61247,0,1,0,0,0,0,0,0,0,0,0,0
61248,0,1,0,9,0,0,14,0,0,0,17,16
61248,1,1,0,0,0,0,0,0,0,0,0,0
61249,0,1,0,0,0,0,0,0,0,0,0,0
61249,1,1,17,17,17,17,17,17,17,17,17,17
61250,0,1,0,0,0,0,0,0,0,0,0,0
61250,1,1,0,0,0,0,0,0,0,0,0,0
61251,0,1,14,14,14,14,14,14,14,14,14,14
61251,1,1,0,0,0,0,24,0,0,0,22,0
61252,0,1,18,18,18,18,18,18,18,18,18,18
61252,1,1,0,23,0,14,0,0,9,0,0,9
61253,1,1,12,25,9,23,0,12,8,12,25,9
61253,2,1,0,0,0,0,0,0,0,0,0,0
61254,1,1,18,18,18,18,18,18,18,18,18,18
61255,1,1,0,0,0,0,0,0,0,0,0,0
61256,1,1,27,27,27,27,27,27,27,27,27,27
61256,2,1,0,0,0,0,0,0,0,0,0,0
61257,1,1,14,14,14,14,14,14,14,14,14,14
61257,2,1,0,0,0,0,0,0,0,0,0,0
61258,0,1,0,0,0,0,0,0,0,0,0,22
61258,0,2,0,0,0,0,0,0,0,0,0,0
61258,0,3,0,0,0,0,0,0,0,0,0,0
61258,0,4,0,0,0,0,0,0,0,0,0,0
61258,1,1,11,11,11,11,11,11,11,11,11,11
61259,0,1,11,11,11,11,11,11,11,11,11,11
61259,0,2,0,0,11,15,0,0,14,0,0,26
61259,1,1,0,0,12,11,0,8,0,5,4,13
61260,0,1,0,0,0,0,0,0,0,0,0,0
61260,1,1,0,0,0,0,0,0,0,0,0,0
61260,2,1,0,0,0,0,0,0,0,0,0,0
61260,3,1,0,0,0,0,0,0,0,0,0,0
61261,0,1,30,0,31,0,0,0,0,0,0,0
61261,1,1,0,0,0,0,0,0,0,0,0,0
61261,2,1,0,0,0,0,0,0,0,0,0,0
61261,3,1,0,0,0,0,0,0,0,0,0,0
61261,4,1,0,0,0,0,0,0,0,0,0,0
61261,5,1,0,0,0,0,10,0,0,0,0,0
61262,0,1,0,0,0,0,0,0,0,0,0,0
61262,1,1,0,0,0,0,0,0,0,0,0,0
61263,1,1,0,0,0,0,0,0,0,0,0,0
61263,2,1,0,0,0,0,0,0,0,0,0,0
61263,3,1,0,0,0,20,0,0,0,0,0,0
61264,1,1,0,0,0,0,0,0,0,0,0,0
61264,2,1,0,0,0,0,0,0,0,0,0,0
61265,1,1,27,45,0,20,0,22,0,19,30,0
61266,1,1,0,0,0,0,0,0,0,0,0,0
61266,2,1,0,0,0,0,0,0,0,0,0,0
61266,3,1,0,0,0,0,0,0,0,0,0,0
61267,1,1,0,0,19,0,0,0,0,0,0,0
61268,0,1,0,0,0,0,0,0,0,0,0,0
61268,1,1,0,0,0,43,0,0,0,0,0,30
61269,1,1,0,0,0,0,0,0,0,0,0,0
61269,2,1,0,0,12,0,0,0,0,0,0,0
61270,1,1,0,0,0,0,0,0,0,0,0,0
61271,1,1,0,0,0,0,0,0,0,0,0,0
61272,1,1,0,0,0,0,0,0,0,0,0,0
61273,1,1,0,0,0,0,0,0,0,0,0,0
61273,2,1,0,0,0,0,0,0,0,0,13,0
61274,1,1,0,0,0,0,0,0,0,0,0,0
61274,2,1,0,0,0,0,0,0,0,0,0,0
61275,1,1,0,0,0,0,0,0,0,0,0,0
61276,1,1,0,0,0,0,0,0,0,0,0,0
61276,2,1,0,0,0,0,0,0,0,0,0,0
61277,0,1,25,25,25,25,25,25,25,25,25,25
61277,1,1,0,0,0,0,0,0,0,0,30,0
61278,1,1,13,13,13,13,13,13,13,13,13,13
61278,2,1,0,0,0,0,0,0,0,0,0,0
61279,0,1,0,0,0,0,0,0,0,0,0,0
61279,1,1,10,0,0,0,0,0,0,0,17,0
61280,1,1,17,17,17,17,17,17,17,17,17,17
61281,1,1,0,0,0,0,0,0,0,0,0,0
61281,2,1,0,0,0,0,0,0,0,22,0,0
61282,0,1,30,30,30,30,30,30,30,30,30,30
61282,1,1,0,0,0,0,0,0,0,0,0,0
61283,1,1,0,0,0,0,0,0,19,0,12,0
61283,2,1,0,0,0,0,0,0,0,0,0,0
61284,1,1,0,0,0,0,0,0,0,0,0,0
61284,2,1,0,0,0,0,0,0,0,0,0,0
61286,0,1,0,0,0,0,0,0,0,0,0,0
61286,1,1,0,0,0,0,0,0,0,0,0,0
61287,1,1,0,0,0,0,0,0,0,0,0,0
61288,1,1,0,0,0,0,0,0,0,0,0,0
61289,1,1,0,0,0,0,0,0,0,0,0,0
61290,0,1,0,0,0,0,0,0,0,0,0,0
61290,1,1,0,0,0,0,0,0,0,0,0,0
61291,2,1,0,0,0,0,0,0,0,0,0,0
61292,1,1,22,22,22,22,22,22,22,22,22,22
61292,2,1,0,0,0,0,0,0,12,0,0,0
61293,1,1,0,0,0,0,0,0,0,0,0,0
61293,2,1,0,0,0,0,0,0,0,0,0,0
61294,0,1,30,30,30,30,30,30,30,30,30,30
61294,1,1,0,0,0,0,0,0,0,0,0,0
61295,1,1,0,0,0,0,0,0,0,0,0,0
61295,2,1,0,0,0,0,0,0,0,0,0,0
61296,1,1,0,0,0,0,0,0,0,0,0,0
61297,1,1,0,0,0,0,0,0,0,0,0,0
61298,1,1,11,21,0,0,15,0,18,0,10,22
61299,0,1,0,0,0,0,0,0,0,0,0,0
61299,1,1,0,0,0,0,14,0,0,0,0,9
61300,1,1,0,0,0,0,0,0,0,0,0,0
61300,2,1,0,0,0,0,0,0,0,0,0,0
61301,1,1,11,11,11,11,11,11,11,11,11,11
61302,1,1,0,0,0,0,0,0,0,0,0,0
61303,0,1,0,0,0,0,0,0,0,0,0,0
61303,1,1,0,0,0,0,0,0,0,0,0,0
61304,1,1,24,24,24,24,24,24,24,24,24,24
61305,1,1,19,19,19,19,19,19,19,19,19,19
61306,1,1,6,6,6,6,6,6,6,6,6,6
61307,1,1,0,0,0,0,0,0,0,0,0,0
61308,1,1,27,27,27,27,27,27,27,27,27,27
61309,1,1,0,0,0,0,0,0,0,0,0,0
61309,2,1,0,0,0,0,0,0,0,0,0,0
61310,1,1,0,0,0,0,0,0,0,0,0,0
61311,1,1,0,0,0,0,0,0,0,0,0,0
61312,0,1,0,0,0,0,0,0,0,0,0,0
61312,1,1,0,0,0,0,0,0,0,0,0,0
61313,0,1,0,0,0,0,0,0,0,0,0,0
61313,1,1,0,0,24,0,16,0,0,15,0,0
61314,1,1,0,23,0,0,0,0,0,0,0,0
61314,2,1,0,0,0,0,0,0,0,0,0,0
61315,1,1,0,0,0,0,0,0,0,0,0,0
61315,2,1,0,0,0,0,0,0,0,0,0,0
61316,1,1,0,0,0,0,0,0,0,0,0,0
61316,2,1,0,0,0,0,0,0,0,0,0,0
61317,1,1,19,19,19,19,19,19,19,19,19,19
61317,2,1,0,0,0,0,0,0,0,0,0,0
61318,1,1,0,0,0,0,0,0,0,0,0,0
61319,1,1,0,0,0,0,0,0,0,0,0,0
61319,2,1,0,0,0,0,0,0,0,0,0,0
61319,3,1,0,0,0,0,0,0,0,0,0,0
61319,4,1,12,0,0,0,0,0,0,0,16,0
61320,1,1,17,17,17,17,17,17,17,17,17,17
61320,2,1,7,0,4,0,0,0,22,0,0,0
61321,1,1,0,0,0,0,0,0,0,0,0,0
61321,2,1,0,0,0,0,0,0,0,0,0,0
61321,3,1,0,0,0,0,0,0,0,0,0,0
61322,1,1,12,12,12,12,12,12,12,12,12,12
61323,1,1,0,0,0,0,0,0,0,0,0,0
61323,2,1,0,4,2,9,6,24,12,9,6,8
61324,1,1,15,15,15,15,15,15,15,15,15,15
61324,2,1,0,0,0,0,0,0,0,0,0,0
61325,0,1,0,0,0,0,0,0,0,0,0,0
61325,1,1,0,0,0,0,0,0,0,0,0,0
61326,1,1,0,0,0,0,0,0,0,0,0,0
61326,2,1,0,0,0,16,0,0,0,0,0,0
61327,1,1,0,0,0,0,0,0,0,0,0,0
61327,2,1,0,0,0,0,0,0,0,0,0,2
61328,0,1,15,15,15,15,15,15,15,15,15,15
61328,1,1,0,0,0,0,0,0,0,0,0,11
61328,2,1,25,0,0,0,0,0,0,0,0,0
61329,0,1,0,0,0,0,0,0,0,0,0,0
61329,1,1,0,0,0,0,0,0,0,0,0,0
61330,1,1,0,0,0,0,0,0,0,0,0,0
61331,1,1,0,0,0,0,0,0,0,0,0,0
61332,1,1,0,0,0,0,0,0,0,22,0,0
61332,2,1,0,0,0,0,0,0,0,0,0,0
61333,1,1,0,0,0,0,0,0,0,0,3,0
61333,2,1,0,0,0,0,0,0,0,0,0,0
61334,1,1,0,0,0,0,0,0,0,0,0,0
61334,2,1,0,0,0,0,0,0,0,0,0,0
61335,1,1,0,0,0,0,0,0,0,0,0,0
61336,0,1,23,23,23,23,23,23,23,23,23,23
61336,1,1,0,0,0,0,0,0,0,0,0,0
61337,1,1,0,0,0,0,0,0,0,0,0,0
61338,1,1,11,11,11,11,11,11,11,11,11,11
61338,2,1,0,0,0,0,0,0,0,0,0,0
61339,1,1,0,0,0,0,0,0,0,0,0,0
61340,1,1,0,0,0,0,0,0,0,0,0,0
61340,2,1,0,14,0,0,0,0,0,0,0,0
61341,1,1,1,1,1,1,1,1,1,1,1,1
61341,2,1,0,11,0,0,0,0,0,0,0,0
61342,1,1,0,0,0,0,0,0,0,0,0,0
61342,2,1,0,0,0,0,0,0,0,0,0,0
61343,0,1,18,18,18,18,18,18,18,18,18,18
61343,1,1,0,0,0,0,0,0,0,0,0,0
61344,1,1,0,0,0,0,0,0,0,0,0,0
61345,1,1,18,18,18,18,18,18,18,18,18,18
61346,1,1,0,0,0,0,0,0,0,0,0,0
61346,2,1,0,0,0,0,0,0,23,0,0,0
61347,0,1,0,0,0,0,0,0,0,0,0,0
61347,1,1,0,0,0,0,0,0,0,0,0,0
61348,1,1,0,0,0,0,0,0,0,0,0,0
61348,2,1,0,0,0,0,0,0,0,0,0,0
61349,1,1,0,0,15,19,17,0,13,0,0,0
61350,0,1,0,0,0,0,0,0,0,0,0,0
61350,1,1,0,0,0,0,0,0,0,0,0,0
61351,0,1,18,42,34,24,32,0,0,0,0,0
61351,1,1,0,0,0,0,0,0,0,0,0,0
61352,1,1,0,0,0,0,0,0,0,0,0,0
61353,1,1,0,0,0,0,0,0,0,0,0,0
61354,1,1,0,0,0,0,0,0,0,0,0,0
61355,1,1,0,0,0,0,0,0,0,0,0,0
61356,1,1,0,25,0,16,0,0,18,0,36,0
61357,0,1,37,37,37,37,37,37,37,37,37,37
61357,1,1,0,0,0,0,0,0,12,0,0,0
61357,2,1,0,10,0,0,0,0,0,0,0,0
61359,1,1,0,0,0,0,0,0,0,0,0,0
61359,2,1,0,0,0,0,0,0,0,0,0,0
61360,0,1,15,15,15,15,15,15,15,15,15,15
61360,1,1,0,0,0,0,0,0,0,0,0,0
61361,0,1,8,15,22,27,0,0,17,0,14,12
61361,1,1,0,0,0,0,0,0,0,0,0,0
61362,1,1,4,4,4,4,4,4,4,4,4,4
61363,0,1,18,18,18,18,18,18,18,18,18,18
61363,1,1,0,0,0,0,0,0,0,0,0,0
61364,1,1,0,0,0,0,0,0,0,0,0,0
61364,2,1,0,0,0,0,0,0,0,0,0,0
61365,0,1,0,0,0,0,0,0,0,0,0,0
61365,1,1,0,0,0,0,0,0,0,0,4,8
61366,0,1,0,0,0,0,0,0,0,0,0,0
61366,1,1,0,0,0,0,0,0,0,0,0,0
61367,1,1,0,0,0,0,0,0,0,0,0,0
61368,1,1,14,14,14,14,14,14,14,14,14,14
61369,0,1,0,0,0,0,0,0,0,0,0,0
61369,1,1,0,0,0,18,0,0,0,0,0,0
61370,1,1,0,0,0,0,0,0,0,0,0,0
61371,1,1,0,0,0,0,0,0,0,0,0,0
61372,1,1,0,0,0,0,0,0,0,0,0,0
61372,2,1,0,0,18,0,0,19,0,0,0,22
61373,1,1,18,18,18,18,18,18,18,18,18,18
61374,0,1,0,0,0,0,0,0,0,0,0,0
61374,1,1,0,0,0,0,0,0,0,0,0,0
61375,1,1,26,26,26,26,26,26,26,26,26,26
61376,0,1,0,0,0,0,0,0,0,0,0,0
61376,1,1,0,0,0,0,0,0,0,0,0,0
61377,1,1,0,0,0,0,0,0,0,0,0,0
61378,0,1,0,0,0,0,0,0,0,0,0,0
61378,1,1,0,0,0,0,0,0,0,0,0,0
61379,1,1,0,0,0,0,0,0,0,0,0,0
61379,2,1,0,0,0,0,0,30,0,0,0,0
61380,0,1,31,31,31,31,31,31,31,31,31,31