ST_CASE,VEH_NO,PER_NO,P1,P2,P3,P4,P5,P6,P7,P8,P9,P10
61930,1,1,0,0,0,0,0,0,0,0,0,0
61930,2,1,0,0,0,0,0,0,0,0,0,0
61931,0,1,17,19,16,13,15,7,10,22,26,22
61931,1,1,0,0,0,0,0,29,0,0,0,0
61932,1,1,12,12,12,12,12,12,12,12,12,12
61933,0,1,0,0,0,0,0,0,0,0,0,0
61933,1,1,0,0,0,0,0,0,0,0,0,0
61934,0,1,0,0,0,0,0,0,0,0,0,0
61934,1,1,0,0,0,0,0,0,0,0,27,0
61935,1,1,31,31,31,31,31,31,31,31,31,31
61936,1,1,0,0,0,0,0,0,0,0,0,0
61937,0,1,0,46,0,17,0,0,0,0,0,10
61937,1,1,0,0,0,0,0,0,0,0,0,0
61938,1,1,0,0,0,0,0,0,0,0,0,0
61938,2,1,0,0,0,0,18,0,0,0,0,0
61939,1,1,0,0,0,0,0,0,0,0,0,0
61939,2,1,0,0,0,0,0,0,0,0,0,0
61940,1,1,0,0,0,0,0,0,0,0,0,0
61941,0,1,0,0,0,0,0,0,0,0,0,0
61941,1,1,0,0,22,0,0,0,0,0,0,0
61942,1,1,20,20,20,20,20,20,20,20,20,20
61944,0,1,14,14,14,14,14,14,14,14,14,14
61944,1,1,14,0,0,0,0,0,0,0,4,0
61945,1,1,0,0,0,0,0,0,0,0,0,0
61946,1,1,0,0,0,0,0,0,0,0,0,0
61946,2,1,0,0,0,0,0,0,0,0,0,0
61946,3,1,0,0,0,0,0,0,0,0,0,0
61946,4,1,0,0,0,0,0,0,0,0,0,0
61947,1,1,18,18,18,18,18,18,18,18,18,18
61948,1,1,0,0,0,0,0,0,0,0,0,0
61949,1,1,0,0,0,17,0,0,0,0,0,0
61949,2,1,0,0,0,0,0,0,0,0,0,0
61950,1,1,0,0,0,0,0,0,0,0,0,0
61950,2,1,0,0,0,0,0,0,0,0,0,0
61951,0,1,0,0,0,0,0,0,0,0,0,0
61951,1,1,0,0,17,0,0,0,0,0,0,0
61952,1,1,0,0,0,0,0,0,0,0,0,0
61952,2,1,0,0,0,0,0,0,0,0,0,0
61952,3,1,0,0,0,0,0,0,0,0,0,0
61953,1,1,24,24,24,24,24,24,24,24,24,24
61954,1,1,10,10,10,10,10,10,10,10,10,10
61954,2,1,3,3,3,3,3,3,3,3,3,3
61955,1,1,0,0,0,0,0,0,0,0,0,0
61955,2,1,0,0,0,0,0,0,0,0,0,0
61956,0,1,0,0,0,0,0,0,0,0,0,0
61956,1,1,0,0,0,0,0,0,9,0,0,0
61957,0,1,26,17,23,6,0,15,0,15,0,0
61957,1,1,0,0,0,0,0,0,0,0,0,0
61958,0,1,0,0,0,0,0,0,0,0,0,0
61958,1,1,0,0,0,0,0,0,0,0,0,0
61959,1,1,0,0,0,0,0,0,0,0,0,0
61960,0,1,0,7,36,0,10,29,29,0,0,17
61960,1,1,0,0,0,0,0,0,0,0,0,0
61961,0,1,1,1,1,1,1,1,1,1,1,1
61961,1,1,0,0,0,12,0,0,0,0,7,0
61962,0,1,0,0,15,0,0,0,0,0,0,29
61962,1,1,0,0,0,0,0,0,0,0,0,0
61963,0,1,18,18,18,18,18,18,18,18,18,18
61963,1,1,0,0,0,0,0,0,0,0,0,0
61964,1,1,37,37,37,37,37,37,37,37,37,37
61965,1,1,0,0,0,0,0,0,0,0,0,0
61965,2,1,0,0,0,0,0,0,0,0,0,0
61966,1,1,0,0,0,0,0,0,0,0,0,0
61966,2,1,6,6,6,6,6,6,6,6,6,6
61967,1,1,0,0,0,0,0,0,0,0,0,0
61967,2,1,0,0,0,0,0,0,0,0,0,0
61968,1,1,0,0,0,0,0,0,0,0,0,0
61968,2,1,0,9,0,0,0,0,0,0,0,0
61969,1,1,21,21,21,21,21,21,21,21,21,21
61970,0,1,24,24,24,24,24,24,24,24,24,24
61970,1,1,14,0,0,0,0,0,0,0,0,0
61971,0,1,11,11,11,11,11,11,11,11,11,11
61971,1,1,0,14,0,0,0,16,0,17,0,0
61972,1,1,0,0,0,0,0,0,0,0,0,0
61972,2,1,0,0,0,0,0,0,0,0,0,0
61973,0,1,0,0,19,0,0,28,0,20,0,0
61973,1,1,0,0,0,0,0,0,0,0,0,0
61974,0,1,3,3,3,3,3,3,3,3,3,3
61974,1,1,0,0,0,0,0,0,0,0,0,0
61975,1,1,14,9,13,14,13,26,18,29,9,33
61976,1,1,0,0,0,0,0,0,0,0,0,0
61977,0,1,38,38,38,38,38,38,38,38,38,38
61977,1,1,0,0,0,0,0,0,0,0,0,0
61978,1,1,19,19,19,19,19,19,19,19,19,19
61978,2,1,0,0,0,0,0,0,0,0,0,0
61979,1,1,0,0,0,0,0,0,0,0,0,0
61980,1,1,0,0,7,0,0,0,0,0,23,0
61980,2,1,0,0,0,0,0,0,0,0,0,0
61981,1,1,32,32,32,32,32,32,32,32,32,32
61982,0,1,15,15,15,15,15,15,15,15,15,15
61982,1,1,0,0,0,0,0,0,0,12,0,18
61983,0,1,0,0,0,0,33,11,0,0,0,25
61983,1,1,0,0,0,0,0,0,0,0,0,0
61984,1,1,0,0,0,0,0,0,0,0,0,0
61985,1,1,0,0,0,0,0,0,0,0,0,0
61985,2,1,0,0,0,0,0,0,0,0,0,0
61985,3,1,0,0,0,0,0,0,0,0,0,0
61986,1,1,14,14,14,14,14,14,14,14,14,14
61986,2,1,0,0,0,0,0,0,0,0,0,0
61987,1,1,0,0,0,0,0,0,0,0,0,0
61987,2,1,0,0,0,0,0,0,0,0,0,0
61988,1,1,9,9,9,9,9,9,9,9,9,9
61988,2,1,0,19,0,0,0,0,0,0,0,0
61989,1,1,0,0,0,0,0,0,0,0,0,0
61989,2,1,0,0,0,0,0,0,0,0,0,0
61990,1,1,0,0,0,0,0,0,0,0,0,0
61990,2,1,0,0,0,0,0,0,0,0,0,0
61990,3,1,0,0,0,0,0,0,0,0,0,0
61991,1,1,0,0,0,0,0,0,0,0,0,0
61991,2,1,0,0,0,0,0,0,0,0,0,0
61992,1,1,0,0,0,0,0,0,0,0,0,0
61993,1,1,0,0,0,0,0,0,0,0,0,0
61993,2,1,0,0,0,0,0,0,0,0,0,0
61994,0,1,0,0,0,0,0,0,0,0,0,0
61994,1,1,0,0,0,0,0,0,0,0,0,0
61995,1,1,0,0,0,0,0,0,0,0,0,0
61995,2,1,0,0,0,0,0,0,0,0,0,0
61995,3,1,0,0,0,0,20,0,0,0,0,0
61996,1,1,19,33,6,8,0,13,20,10,8,22
61996,2,1,0,5,0,0,0,15,0,13,0,0
61996,3,1,0,14,0,0,0,0,0,27,0,0
61997,1,1,0,0,0,0,0,0,0,0,0,0
61997,2,1,0,0,0,0,0,0,0,0,0,0
61997,3,1,0,0,0,0,0,0,0,0,0,0
61997,4,1,0,0,0,0,0,0,0,0,0,0
61998,1,1,0,0,0,0,0,0,0,0,0,0
61998,2,1,0,8,0,0,0,0,0,0,0,0
61999,1,1,26,26,26,26,26,26,26,26,26,26
61999,2,1,0,0,0,0,0,0,0,0,0,0
62000,1,1,0,0,0,0,0,0,6,0,0,0
62001,1,1,0,9,0,0,0,0,0,0,0,0
62001,2,1,20,20,20,20,20,20,20,20,20,20
62003,1,1,0,0,0,0,0,0,0,0,0,0
62003,2,1,0,0,0,0,0,0,0,0,0,0
62004,1,1,21,21,21,21,21,21,21,21,21,21
62004,2,1,0,0,0,0,0,2,0,0,0,0
62005,1,1,0,0,0,0,0,0,0,0,0,0
62006,0,1,20,0,22,19,0,0,0,0,12,0
62006,1,1,0,0,0,0,0,0,0,0,0,0
62007,1,1,0,0,0,0,0,0,0,0,0,0
62007,2,1,0,0,0,0,0,0,0,0,0,0
62008,0,1,0,0,0,0,0,0,0,0,0,0
62008,1,1,0,28,0,0,16,0,0,0,0,0
62009,1,1,5,5,5,5,5,5,5,5,5,5
62010,0,1,0,0,0,0,0,0,0,0,0,0
62010,1,1,0,0,0,0,0,0,0,0,0,0
62011,1,1,0,0,0,0,0,0,0,0,0,0
62011,2,1,0,0,15,0,0,0,0,0,0,0
62012,1,1,0,0,0,0,0,0,0,0,0,0
62013,1,1,0,0,0,0,0,0,0,0,0,0
62013,2,1,0,0,10,0,22,0,0,0,0,0
62014,1,1,7,7,7,7,7,7,7,7,7,7
62014,2,1,0,0,0,0,0,0,0,0,0,0
62015,1,1,21,21,21,21,21,21,21,21,21,21
62016,1,1,0,0,0,0,0,0,0,0,0,0
62018,0,1,14,14,14,14,14,14,14,14,14,14
62018,1,1,0,0,0,0,0,0,0,0,0,30
62019,1,1,6,16,12,13,19,10,7,0,13,6
62019,2,1,0,0,0,0,0,0,0,0,0,0
62020,0,1,0,0,0,0,0,0,0,0,0,0
62020,1,1,17,0,10,0,0,0,0,0,12,0
62021,1,1,0,0,0,0,0,0,0,0,0,0
62022,1,1,0,0,0,0,0,0,0,0,0,0
62022,2,1,0,0,0,0,0,0,0,0,0,0
62022,3,1,0,0,0,0,0,0,0,0,0,0
62023,1,1,0,19,0,0,0,0,0,0,0,5
62023,2,1,0,0,0,0,0,0,0,0,0,0
62024,1,1,0,0,0,0,0,0,0,0,0,0
62024,2,1,0,0,0,0,0,0,0,0,0,0
62025,0,1,27,27,27,27,27,27,27,27,27,27
62025,1,1,0,0,0,0,0,0,0,0,0,0
62026,0,1,0,0,0,0,0,0,0,0,0,0
62026,1,1,0,0,0,13,0,0,0,24,0,0
62027,0,1,0,0,0,0,0,0,0,0,0,0
62027,1,1,0,0,11,0,0,0,0,0,0,0
62028,1,1,0,0,0,0,0,0,0,0,0,0
62028,2,1,0,0,0,0,0,0,0,0,0,0
62029,1,1,0,0,0,0,0,0,0,0,0,0
62029,2,1,0,0,0,0,0,0,0,0,0,0
62030,1,1,8,8,8,8,8,8,8,8,8,8
62030,2,1,0,0,0,0,0,0,0,0,0,0
62031,1,1,0,4,0,0,0,0,0,0,0,0
62032,1,1,7,7,7,7,7,7,7,7,7,7
62033,1,1,14,14,14,14,14,14,14,14,14,14
62034,1,1,0,0,0,0,0,0,0,0,0,0
62034,2,1,0,0,0,0,0,0,0,0,0,0
62035,1,1,26,26,26,26,26,26,26,26,26,26
62036,1,1,4,4,4,4,4,4,4,4,4,4
62037,1,1,0,0,0,5,0,0,0,0,0,0
62037,2,1,0,0,0,0,0,0,0,0,0,0
62038,1,1,35,35,35,35,35,35,35,35,35,35
62038,2,1,0,0,0,0,0,0,0,0,0,0
62039,1,1,0,0,0,0,0,0,0,0,0,0
62040,0,1,0,0,0,0,0,0,0,0,0,0
62040,1,1,0,0,0,0,0,0,0,0,0,0
62041,0,1,0,0,0,0,0,0,0,0,0,0
62041,1,1,0,0,0,0,0,0,0,0,0,0
62042,0,1,0,0,0,0,0,0,0,0,0,0
62042,1,1,0,0,0,0,0,0,0,9,0,0
62043,1,1,29,29,29,29,29,29,29,29,29,29
62043,2,1,0,0,0,0,0,0,0,0,0,0
62044,0,1,0,0,0,0,0,0,0,0,0,0
62044,1,1,0,19,0,23,0,0,0,13,0,0
62045,1,1,8,8,8,8,8,8,8,8,8,8
62045,2,1,0,0,0,0,0,0,0,0,0,0
62046,1,1,27,27,27,27,27,27,27,27,27,27
62047,1,1,11,11,11,11,11,11,11,11,11,11
62048,0,1,0,0,0,0,0,0,0,0,0,0
62048,1,1,0,0,8,0,0,0,15,0,0,0
62049,1,1,1,1,1,1,1,1,1,1,1,1
62049,2,1,0,0,0,0,0,0,0,0,0,0
62051,1,1,0,0,0,0,0,0,0,0,0,0
62052,1,1,0,0,0,0,0,0,0,0,0,0
62052,2,1,0,0,0,0,0,0,0,0,0,0
62053,1,1,8,8,8,8,8,8,8,8,8,8
62054,1,1,8,8,8,8,8,8,8,8,8,8
62055,0,1,0,0,0,16,0,18,10,12,0,24
62055,1,1,0,0,0,0,0,0,0,0,0,0
62056,1,1,44,0,0,0,0,0,0,0,0,0
62057,1,1,23,23,23,23,23,23,23,23,23,23
62058,1,1,0,0,0,0,0,0,0,0,0,0
62059,1,1,20,20,20,20,20,20,20,20,20,20
62060,0,1,28,28,28,28,28,28,28,28,28,28
62060,1,1,0,0,0,0,0,0,0,0,0,0
62061,1,1,0,0,0,0,0,0,0,0,0,0
62061,2,1,0,0,0,0,0,0,0,0,0,0
62061,3,1,0,0,0,0,0,0,0,0,0,0
62062,0,1,11,0,0,0,0,0,0,0,13,5
62062,1,1,0,0,0,0,0,0,0,0,0,0
62063,1,1,0,0,17,0,0,0,0,0,0,0
62063,2,1,0,0,0,0,0,16,0,0,0,0
62064,1,1,5,0,0,0,0,0,0,0,0,0
62065,1,1,0,0,0,0,0,0,0,0,0,0
62066,0,1,0,0,0,0,0,0,0,0,0,0
62066,1,1,0,0,0,0,0,0,0,0,0,0
62067,1,1,0,0,0,0,0,0,0,0,0,0
62067,2,1,0,0,0,0,0,0,0,0,0,0
62068,1,1,0,0,0,0,0,0,0,0,0,0
62068,2,1,17,0,0,0,0,0,0,0,0,0
62069,0,1,0,0,0,36,10,0,22,0,0,0
62069,1,1,0,0,0,0,0,0,0,0,0,16
62070,0,1,0,0,0,0,0,0,0,0,0,0
62070,1,1,0,0,0,0,0,0,0,8,0,0
62071,1,1,0,0,0,0,0,0,0,0,0,0
62072,1,1,18,18,18,18,18,18,18,18,18,18
62073,1,1,18,18,18,18,18,18,18,18,18,18
62073,2,1,0,0,0,0,0,0,0,0,0,0
62074,1,1,0,0,0,0,0,0,0,0,0,0
62075,1,1,0,0,0,0,0,0,0,0,0,0
62075,2,1,0,0,0,0,0,0,0,0,0,0
62076,0,1,0,0,0,0,0,0,0,0,0,0
62076,1,1,0,0,0,0,0,0,13,0,0,12
62077,0,1,22,22,22,22,22,22,22,22,22,22
62077,1,1,0,0,0,0,0,0,0,0,0,0
62078,0,1,0,0,0,0,0,0,0,0,0,0
62078,0,2,0,0,0,0,0,0,0,0,0,0
62078,1,1,0,0,0,0,0,0,0,0,0,0
62079,0,1,0,0,0,0,30,17,0,0,14,0
62079,1,1,0,0,0,0,0,0,0,0,0,0
62080,0,1,0,0,0,0,0,0,0,0,0,0
62080,1,1,0,23,0,0,0,0,0,0,0,0
62081,1,1,0,0,0,0,0,0,0,0,0,0
62081,2,1,0,0,0,0,0,0,0,0,0,0
62082,1,1,17,17,17,17,17,17,17,17,17,17
62083,1,1,17,17,17,17,17,17,17,17,17,17
62083,2,1,0,0,0,0,0,0,0,0,0,0
62084,1,1,22,22,22,22,22,22,22,22,22,22
62084,2,1,0,0,0,0,0,0,0,0,0,0
62085,0,1,0,0,0,0,0,0,0,0,0,0
62085,1,1,0,0,0,0,0,0,0,0,0,0
62086,1,1,0,0,0,0,0,0,0,0,0,0
62087,1,1,0,0,0,0,0,0,0,0,0,0
62088,1,1,0,0,0,0,0,0,0,0,0,0
62088,2,1,0,0,0,0,0,0,0,0,0,0
62089,1,1,0,0,0,0,0,0,0,0,0,0
62089,2,1,0,0,0,0,0,0,0,0,0,0
62089,3,1,0,0,0,0,0,0,0,0,0,0
62089,4,1,0,0,0,0,0,0,0,0,0,0
62089,5,1,0,0,0,0,0,0,0,0,0,0
62090,1,1,18,17,35,21,11,23,21,20,11,10
62091,1,1,33,33,33,33,33,33,33,33,33,33
62092,1,1,0,0,0,0,0,0,0,0,0,0
62092,2,1,0,0,0,0,0,8,0,0,0,0
62093,1,1,0,0,0,0,0,0,0,0,0,0
62093,2,1,0,0,0,0,26,0,0,0,0,0
62094,0,1,0,0,0,0,0,0,0,0,0,0
62094,1,1,0,0,0,0,0,0,0,0,0,0
62095,0,1,21,0,21,0,0,0,0,20,25,0
62095,1,1,0,0,10,23,0,0,4,0,0,0
62096,0,1,0,0,0,0,0,0,0,0,0,0
62096,1,1,0,0,0,0,0,0,0,0,14,0
62097,0,1,0,0,0,0,0,0,0,0,0,0
62097,1,1,0,0,0,0,0,0,0,0,0,0
62098,1,1,0,0,0,0,0,0,0,0,0,0
62098,2,1,0,0,0,0,0,0,0,0,0,0
62099,1,1,5,5,5,5,5,5,5,5,5,5
62100,0,1,0,0,0,0,0,0,0,0,0,0
62100,1,1,24,0,16,0,24,0,0,21,29,15
62101,1,1,0,0,0,0,0,0,0,0,0,0
62101,2,1,0,0,0,0,0,23,0,0,0,6
62101,3,1,0,0,0,0,0,0,0,20,0,0
62101,4,1,0,0,0,0,0,0,0,0,0,0
62102,0,1,0,0,0,0,0,0,0,0,0,0
62102,1,1,0,0,0,0,8,0,0,0,0,0
62103,1,1,2,2,2,2,2,2,2,2,2,2
62104,0,1,0,0,0,0,0,0,0,0,0,0
62104,1,1,0,0,9,0,0,25,0,14,0,0
62105,1,1,10,15,14,6,0,0,45,12,28,13
62105,2,1,0,0,17,0,0,0,7,0,0,0
62106,1,1,0,0,0,0,0,0,0,0,0,0
62106,2,1,0,0,0,0,0,0,0,0,0,0
62106,3,1,0,0,0,0,0,0,0,0,0,0
62107,1,1,32,32,32,32,32,32,32,32,32,32
62107,2,1,0,0,0,0,0,0,0,0,0,18
62108,0,1,0,0,0,0,0,0,0,0,0,0
62108,1,1,0,0,0,0,53,0,0,0,0,0
62109,0,1,0,0,0,0,0,0,0,0,0,0
62109,1,1,0,0,0,0,0,0,0,20,0,0
62110,1,1,16,16,16,16,16,16,16,16,16,16
62110,2,1,8,8,8,8,8,8,8,8,8,8
62110,3,1,0,0,0,0,26,0,0,0,0,0
62111,1,1,0,0,0,0,0,0,0,0,0,0
62111,2,1,0,0,0,0,0,0,0,0,0,0
62111,3,1,0,0,0,0,0,0,0,0,0,0
62112,1,1,0,0,0,0,0,0,0,0,0,0
62112,2,1,0,0,0,0,0,0,0,0,0,0
62113,1,1,0,0,0,0,0,0,0,0,0,0
62113,2,1,0,0,0,0,0,0,0,0,0,0
62114,1,1,0,0,0,0,0,0,0,0,0,0
62115,1,1,0,0,0,0,0,0,0,0,0,0
62115,2,1,0,0,0,0,0,0,0,0,0,0
62116,1,1,29,29,29,29,29,29,29,29,29,29
62117,1,1,0,0,0,0,0,0,0,0,0,0
62117,2,1,0,0,0,0,16,0,0,0,0,0
62118,1,1,22,22,22,22,22,22,22,22,22,22
62119,0,1,30,30,30,30,30,30,30,30,30,30
62119,1,1,0,0,0,0,0,0,0,0,0,0
62120,0,1,0,0,0,0,0,0,0,0,0,0
62120,1,1,0,0,0,0,0,0,0,0,0,0
62121,0,1,0,0,0,0,0,0,0,0,0,0
62121,1,1,6,6,6,6,6,6,6,6,6,6
62122,1,1,0,21,0,0,18,0,12,0,0,22
62122,2,1,0,0,0,0,0,0,0,0,0,0
62123,0,1,0,0,0,0,0,0,0,0,0,0
62123,1,1,0,0,0,0,0,0,0,0,0,0
62124,0,1,0,0,0,0,0,0,0,0,0,0
62124,0,2,0,0,0,0,29,0,0,20,0,0
62124,0,3,0,0,0,0,0,0,0,0,0,0
62124,0,4,0,0,0,0,0,0,0,0,0,0
62124,0,5,0,0,38,0,0,0,0,0,0,0
62124,0,6,0,0,0,0,0,0,0,11,0,0
62124,0,7,0,0,0,0,0,0,0,0,0,0
62124,1,1,0,0,0,0,0,0,0,0,0,0
62125,0,1,12,0,37,0,0,3,0,0,24,6
62125,1,1,0,0,7,0,0,4,9,0,6,0
62126,1,1,0,0,0,0,0,0,0,0,0,0
62127,1,1,24,24,24,24,24,24,24,24,24,24
62128,1,1,19,19,19,19,19,19,19,19,19,19
62129,1,1,12,12,12,12,12,12,12,12,12,12
62129,2,1,0,0,0,0,0,0,19,9,0,0
62130,1,1,0,0,0,0,0,0,0,0,0,0
62131,1,1,26,26,26,26,26,26,26,26,26,26
62131,2,1,0,0,0,0,0,0,0,0,0,0
62132,1,1,3,3,3,3,3,3,3,3,3,3
62132,2,1,0,0,0,0,0,0,0,0,0,0
62132,3,1,0,0,0,0,0,0,9,0,0,0
62133,1,1,16,16,16,16,16,16,16,16,16,16
62133,2,1,23,23,23,23,23,23,23,23,23,23
62134,0,1,0,0,0,0,0,0,0,0,0,0
62134,1,1,0,0,0,0,0,0,0,0,0,0
62135,1,1,0,0,0,0,0,0,0,0,0,0
62135,2,1,0,0,0,0,0,0,0,0,0,0
62136,0,1,0,0,0,0,0,0,0,0,0,0
62136,1,1,0,0,0,0,0,0,0,0,0,0
62137,1,1,0,0,0,0,0,0,0,0,0,0
62137,2,1,0,0,0,0,0,0,0,0,0,0
62138,0,1,0,0,16,31,0,0,0,0,0,0
62138,1,1,0,0,0,0,0,0,0,0,0,0
62139,0,1,0,0,0,17,13,0,10,21,0,0
62139,1,1,0,0,23,0,0,0,0,0,0,0
62140,1,1,0,0,0,0,0,0,0,0,0,0
62140,2,1,0,0,0,0,0,0,0,0,0,0
62140,3,1,0,0,0,0,0,0,0,0,0,0
62140,4,1,0,0,0,0,0,0,0,0,0,0
62140,5,1,0,0,0,0,0,0,0,0,0,0
62140,6,1,0,0,0,0,0,0,0,0,0,0
62140,7,1,0,0,0,0,0,0,0,0,0,0
62141,1,1,0,0,0,0,0,0,0,0,0,0
62141,2,1,0,0,0,0,0,0,0,0,0,11
62142,1,1,0,0,0,0,0,0,0,0,0,0
62142,2,1,0,0,0,0,0,0,0,0,0,0
62142,3,1,0,0,0,0,0,0,0,0,0,0
62143,1,1,0,0,0,0,0,0,0,0,0,0
62143,2,1,0,0,0,0,0,0,0,0,0,0
62143,3,1,0,0,0,0,0,0,0,0,0,0
62144,1,1,0,0,0,0,0,0,0,0,0,0
62145,1,1,7,7,7,7,7,7,7,7,7,7
62146,1,1,0,0,12,26,0,0,0,0,0,0
62146,2,1,0,0,0,0,0,0,0,0,0,0
62146,3,1,0,0,0,0,0,0,0,0,0,0
62146,4,1,0,0,0,0,0,0,0,0,0,0
62146,5,1,0,0,0,0,0,0,0,0,0,0
62146,6,1,0,0,0,0,0,0,0,7,0,0
62146,7,1,0,0,0,0,0,0,0,0,0,0
62147,1,1,0,0,0,0,0,0,0,0,0,0
62148,1,1,0,0,0,0,0,0,0,0,0,0
62149,0,1,0,0,0,0,0,0,0,0,0,0
62149,1,1,0,0,0,0,0,0,0,0,0,0
62150,1,1,14,14,14,14,14,14,14,14,14,14
62151,0,1,25,25,25,25,25,25,25,25,25,25
62151,1,1,0,0,0,0,34,0,0,0,0,0
62152,0,1,18,0,0,0,21,30,0,0,0,16
62152,1,1,0,5,0,0,9,0,0,0,0,0
62153,1,1,17,17,17,17,17,17,17,17,17,17
62154,1,1,0,0,0,0,0,0,0,0,0,0
62154,2,1,0,0,0,0,0,0,0,0,0,0
62154,3,1,0,0,0,0,0,0,0,0,0,0
62154,4,1,0,0,0,0,0,0,0,0,0,0
62154,5,1,0,0,0,0,0,0,0,0,0,0
62155,0,1,0,24,29,11,0,15,0,6,0,0
62155,1,1,0,0,0,0,0,0,0,0,0,0
62156,1,1,13,0,20,0,15,0,14,23,12,19
62158,1,1,0,0,0,0,0,0,0,0,0,0
62159,1,1,0,0,0,0,0,0,0,0,0,0
62159,2,1,0,0,0,0,0,0,0,0,0,0
62160,1,1,20,20,20,20,20,20,20,20,20,20
62161,1,1,0,0,0,0,0,0,0,0,0,0
62162,1,1,0,0,0,0,0,0,0,0,0,0
62163,1,1,23,23,23,23,23,23,23,23,23,23
62164,1,1,0,0,0,0,0,0,0,0,0,0
62164,2,1,0,0,0,0,0,0,0,0,0,0
62165,0,1,0,0,0,0,0,0,0,0,0,0
62165,1,1,0,0,0,0,0,0,0,0,0,0
62166,1,1,23,23,23,23,23,23,23,23,23,23
62167,0,1,0,0,0,0,0,0,0,0,0,0
62167,1,1,0,0,0,0,23,0,0,0,17,15
62168,1,1,0,0,0,0,0,0,0,0,0,0
62168,2,1,0,0,0,0,0,0,0,0,0,0
62168,3,1,0,0,0,0,0,0,0,0,0,0
62169,1,1,0,0,0,0,0,0,0,0,0,0
62170,1,1,0,0,0,0,0,0,0,0,0,0
62170,2,1,0,0,0,0,0,0,0,0,0,0
62171,0,1,0,0,0,0,0,0,0,0,0,0
62171,1,1,0,0,0,0,0,0,0,0,0,0
62172,1,1,17,17,17,17,17,17,17,17,17,17
62172,2,1,0,0,0,0,0,0,0,0,0,0
62173,1,1,0,0,0,0,0,0,0,0,0,0
62173,2,1,0,0,0,0,0,0,0,0,0,0
62174,0,1,0,0,0,0,0,0,0,0,0,0
62174,1,1,0,0,0,11,0,0,0,0,0,0
62175,1,1,0,0,0,0,0,0,0,0,0,0
62175,2,1,0,0,0,13,0,0,0,0,0,0
62176,1,1,25,25,25,25,25,25,25,25,25,25
62176,2,1,0,0,0,0,0,0,0,0,0,0
62177,1,1,10,10,10,10,10,10,10,10,10,10
62177,2,1,0,0,0,0,0,0,0,0,0,0
62178,0,1,0,0,0,0,0,0,0,0,0,0
62178,1,1,0,0,0,0,0,0,0,0,0,0
62179,0,1,0,0,0,0,0,0,0,0,0,0
62179,1,1,0,0,0,0,13,0,0,0,0,0
62180,0,1,0,0,0,0,0,0,0,0,0,0
62180,1,1,0,0,0,0,0,0,0,0,31,0
62181,1,1,0,0,0,0,0,0,0,0,0,0
62182,1,1,0,0,0,0,0,0,0,0,0,0
62182,2,1,0,0,0,0,0,0,0,0,0,0
62182,3,1,0,0,0,0,0,0,0,0,0,0
62183,0,1,0,0,0,0,0,0,0,0,0,0
62183,1,1,0,0,14,0,0,0,0,13,0,0
62184,0,1,0,0,0,0,0,0,0,0,0,0
62184,1,1,0,0,0,0,0,0,0,0,0,0
62185,1,1,0,0,0,0,0,0,0,0,0,0
62186,1,1,0,0,0,0,0,0,0,0,0,0
62187,0,1,0,0,0,0,0,0,0,0,0,0
62187,0,2,0,0,0,9,0,0,0,30,0,0
62187,1,1,8,20,24,7,17,5,8,8,32,8
62187,3,1,0,0,16,0,0,0,0,0,0,0
62188,0,1,0,0,0,0,0,20,37,18,0,28
62188,1,1,18,18,18,18,18,18,18,18,18,18
62188,2,1,0,0,0,0,15,10,0,0,0,0
62189,1,1,0,0,0,0,0,0,0,0,0,0
62190,1,1,0,0,0,0,0,0,0,0,0,0
62191,1,1,0,0,0,0,0,0,0,0,0,0
62191,2,1,0,0,0,0,0,0,0,0,0,0
62192,0,1,0,0,0,0,0,0,0,0,0,0
62192,1,1,10,24,0,0,0,0,0,16,0,0
62193,0,1,0,0,0,0,0,0,0,0,0,0
62193,1,1,0,0,0,0,0,0,0,0,0,0
62193,2,1,0,0,0,0,0,0,0,0,0,0
62194,0,1,2,2,2,2,2,2,2,2,2,2
62194,1,1,0,0,0,0,0,0,0,0,0,0
62194,2,1,0,0,0,0,0,0,0,9,0,0
62195,1,1,0,0,0,0,0,0,0,0,0,0
62195,2,1,35,22,0,19,18,14,22,23,21,16
62196,0,1,18,18,18,18,18,18,18,18,18,18
62196,1,1,0,0,0,0,0,0,0,0,4,0